figure,path,question,target,models,sha256
01_new_data_target_scales.png,outputs/week7_03_new_data_physical_model_stability/smoke/figures/01_new_data_target_scales.png,What target scales and distributions define the new-data modelling domain?,all,[],31336e29a7d10b0a2fbbdcd73fff0e2c19f31a26245543287c4af4af53708239
02_width_observed_vs_predicted.png,outputs/week7_03_new_data_physical_model_stability/smoke/figures/02_width_observed_vs_predicted.png,How closely do the main models predict each held-out simulation?,width,"[""matern32_learned_nugget"",""polynomial_ridge_degree2"",""linear_ridge""]",f7e1899051f4086a648a7efa1fbc0f67c441aa4c0687964b76169e322ed82aa2
03_width_residual_distribution.png,outputs/week7_03_new_data_physical_model_stability/smoke/figures/03_width_residual_distribution.png,Are errors centred and are there asymmetric or heavy residual tails?,width,"[""matern32_learned_nugget"",""polynomial_ridge_degree2"",""linear_ridge""]",f4a0f1036a63307d10092a00a41806a287df211190e4ecd2f55c72ee96b3548d
04_width_error_vs_observed_scale.png,outputs/week7_03_new_data_physical_model_stability/smoke/figures/04_width_error_vs_observed_scale.png,Do absolute errors grow systematically with the observed response scale?,width,"[""matern32_learned_nugget"",""polynomial_ridge_degree2""]",2d3e0a8c998c4ba13afe4dd1a0f821f51c2ea8783e54d4709fd79f223b7bfbe7
05_width_predictive_interval_calibration.png,outputs/week7_03_new_data_physical_model_stability/smoke/figures/05_width_predictive_interval_calibration.png,Which GP uncertainty treatment is best calibrated out of sample?,width,"[""matern32_no_nugget"",""matern32_learned_nugget"",""rbf_no_nugget"",""matern32_heteroskedastic_alpha"",""rbf_learned_nugget"",""matern52_learned_nugget"",""matern52_no_nugget""]",3e2ccdc3ee023323e3d1c96064d5409ed8180f05303e02bc59a8b4b4b43deaa1
06_width_model_metric_comparison.png,outputs/week7_03_new_data_physical_model_stability/smoke/figures/06_width_model_metric_comparison.png,Which model has the lowest median-scale relative RMSE?,width,"[""linear_ridge"",""matern52_no_nugget"",""matern52_learned_nugget"",""matern32_learned_nugget"",""matern32_no_nugget"",""matern32_heteroskedastic_alpha"",""rbf_no_nugget"",""rbf_learned_nugget"",""polynomial_ridge_degree2"",""training_mean""]",32ed0af5682a63c3995fa3bde40da3c538a659f907f6e05a79d5bc05b4898317
07_depth_observed_vs_predicted.png,outputs/week7_03_new_data_physical_model_stability/smoke/figures/07_depth_observed_vs_predicted.png,How closely do the main models predict each held-out simulation?,depth,"[""matern32_learned_nugget"",""polynomial_ridge_degree2"",""linear_ridge""]",44c7a96d728df820a9f8a90a49376e52125aa7c5fae1ee0c426af1433724965d
08_depth_residual_distribution.png,outputs/week7_03_new_data_physical_model_stability/smoke/figures/08_depth_residual_distribution.png,Are errors centred and are there asymmetric or heavy residual tails?,depth,"[""matern32_learned_nugget"",""polynomial_ridge_degree2"",""linear_ridge""]",d9d38c4590826d7ce616687ff1d7c15a4047e381596a33f5e2d389fe7e1e4b96
09_depth_error_vs_observed_scale.png,outputs/week7_03_new_data_physical_model_stability/smoke/figures/09_depth_error_vs_observed_scale.png,Do absolute errors grow systematically with the observed response scale?,depth,"[""matern32_learned_nugget"",""polynomial_ridge_degree2""]",fa844d6b8b8be894a2588549d0eb9afa00211b662df6325f96365ea4c543a33f
10_depth_predictive_interval_calibration.png,outputs/week7_03_new_data_physical_model_stability/smoke/figures/10_depth_predictive_interval_calibration.png,Which GP uncertainty treatment is best calibrated out of sample?,depth,"[""rbf_no_nugget"",""rbf_learned_nugget"",""matern52_learned_nugget"",""matern52_no_nugget"",""matern32_learned_nugget"",""matern32_no_nugget"",""matern32_heteroskedastic_alpha""]",e75f460dc6fd08403fb37519a93b3fb1e4e5ec508cd1c9d68d159a4fe304c6e4
11_depth_model_metric_comparison.png,outputs/week7_03_new_data_physical_model_stability/smoke/figures/11_depth_model_metric_comparison.png,Which model has the lowest median-scale relative RMSE?,depth,"[""rbf_no_nugget"",""rbf_learned_nugget"",""matern52_learned_nugget"",""matern52_no_nugget"",""matern32_learned_nugget"",""matern32_no_nugget"",""matern32_heteroskedastic_alpha"",""linear_ridge"",""polynomial_ridge_degree2"",""training_mean""]",aca0288d77c95ba3cb57e5acabf5b809aca315888724505a5da5515d1201532a
12_total_height_observed_vs_predicted.png,outputs/week7_03_new_data_physical_model_stability/smoke/figures/12_total_height_observed_vs_predicted.png,How closely do the main models predict each held-out simulation?,total_height,"[""matern32_learned_nugget"",""polynomial_ridge_degree2"",""linear_ridge""]",6a1923088b59a3c8da04bbb58aac02829405290fefd5d30e5823c5fd432edb11
13_total_height_residual_distribution.png,outputs/week7_03_new_data_physical_model_stability/smoke/figures/13_total_height_residual_distribution.png,Are errors centred and are there asymmetric or heavy residual tails?,total_height,"[""matern32_learned_nugget"",""polynomial_ridge_degree2"",""linear_ridge""]",73e6579814c36baecab9d093e50fac8a9aada238faae61fdf2c21c3c583d5b8e
14_total_height_error_vs_observed_scale.png,outputs/week7_03_new_data_physical_model_stability/smoke/figures/14_total_height_error_vs_observed_scale.png,Do absolute errors grow systematically with the observed response scale?,total_height,"[""matern32_learned_nugget"",""polynomial_ridge_degree2""]",7605804277645425ff6776a0b7bb1e0c26c2c6a22dc24727440b0e1436bbb375
15_total_height_predictive_interval_calibration.png,outputs/week7_03_new_data_physical_model_stability/smoke/figures/15_total_height_predictive_interval_calibration.png,Which GP uncertainty treatment is best calibrated out of sample?,total_height,"[""matern52_learned_nugget"",""matern52_no_nugget"",""rbf_learned_nugget"",""rbf_no_nugget"",""matern32_learned_nugget"",""matern32_no_nugget"",""matern32_heteroskedastic_alpha""]",74a6bc14e9750999d9e42b1be759319febd8bc34a4c0ae0777ceaed6d846af31
16_total_height_model_metric_comparison.png,outputs/week7_03_new_data_physical_model_stability/smoke/figures/16_total_height_model_metric_comparison.png,Which model has the lowest median-scale relative RMSE?,total_height,"[""linear_ridge"",""matern52_learned_nugget"",""matern52_no_nugget"",""rbf_learned_nugget"",""rbf_no_nugget"",""matern32_learned_nugget"",""matern32_no_nugget"",""matern32_heteroskedastic_alpha"",""polynomial_ridge_degree2"",""training_mean""]",a082b7c23482cc6c4fc0a0b52c26045bf3d045b333e1553ac1d9930e477f5797
17_kinetic_energy_observed_vs_predicted.png,outputs/week7_03_new_data_physical_model_stability/smoke/figures/17_kinetic_energy_observed_vs_predicted.png,How closely do the main models predict each held-out simulation?,kinetic_energy,"[""matern32_learned_nugget"",""polynomial_ridge_degree2"",""linear_ridge""]",24786288fc934614f3702f8b7d5d78da511155bcf3aa7f114b81cb6a67a7b83b
18_kinetic_energy_residual_distribution.png,outputs/week7_03_new_data_physical_model_stability/smoke/figures/18_kinetic_energy_residual_distribution.png,Are errors centred and are there asymmetric or heavy residual tails?,kinetic_energy,"[""matern32_learned_nugget"",""polynomial_ridge_degree2"",""linear_ridge""]",71cd2b3c265afd8757b5810a3ec3a45d69d741fc5b3ba83f4851220e3dbf0bff
19_kinetic_energy_error_vs_observed_scale.png,outputs/week7_03_new_data_physical_model_stability/smoke/figures/19_kinetic_energy_error_vs_observed_scale.png,Do absolute errors grow systematically with the observed response scale?,kinetic_energy,"[""matern32_learned_nugget"",""polynomial_ridge_degree2""]",46256fcac3f8960be52d429348a4783d1cd63320336b820505495901f563c246
20_kinetic_energy_predictive_interval_calibration.png,outputs/week7_03_new_data_physical_model_stability/smoke/figures/20_kinetic_energy_predictive_interval_calibration.png,Which GP uncertainty treatment is best calibrated out of sample?,kinetic_energy,"[""matern52_no_nugget"",""rbf_learned_nugget"",""rbf_no_nugget"",""matern52_learned_nugget"",""matern32_learned_nugget"",""matern32_no_nugget"",""matern32_heteroskedastic_alpha""]",314a1eaf1f58059820a83397445e3cbd497b811ca4a81c1fa3d208b654dc959a
21_kinetic_energy_model_metric_comparison.png,outputs/week7_03_new_data_physical_model_stability/smoke/figures/21_kinetic_energy_model_metric_comparison.png,Which model has the lowest median-scale relative RMSE?,kinetic_energy,"[""linear_ridge"",""matern32_heteroskedastic_alpha"",""matern32_no_nugget"",""matern32_learned_nugget"",""matern52_no_nugget"",""matern52_learned_nugget"",""rbf_no_nugget"",""rbf_learned_nugget"",""training_mean"",""polynomial_ridge_degree2""]",df5fcb894344c3e5f97f22ae2844d43058fe8edda593e7cabf17de3b0c41a536
22_week6_vs_new_data_relative_rmse.png,outputs/week7_03_new_data_physical_model_stability/smoke/figures/22_week6_vs_new_data_relative_rmse.png,Did protocol-selected relative prediction error change in the shifted sampled design?,all,[],810041503f06169386f6b601556df0fd7119d95efe80abbf4960e8884ff32ff7
23_conclusion_stability_counts.png,outputs/week7_03_new_data_physical_model_stability/smoke/figures/23_conclusion_stability_counts.png,"How many Week 6 conclusions are reproduced, weakened, reversed, or unresolved?",all,[],afc724f14b993e0bf945556156f5fcba59e13d1d291a9bee2f02ac628449e7b1
