target,target_label,target_definition,n_predictions,mae_um,median_absolute_error_um,rmse_um,r2,nrmse,target_min_um,target_median_um,target_max_um,target_range_um,aggregate_fold_runtime_seconds,mean_fold_runtime_seconds,failed_folds,warning_folds,gp_configuration,gp_configuration_label,kernel_family,matern_nu,learned_nugget,mean_nlpd,median_nlpd,mean_latent_nlpd,mean_total_nlpd,nlpd_variance_definition,latent_95_coverage,total_95_coverage,evaluation_95_coverage,calibration_absolute_error_from_0_95,mean_latent_interval_width_um,mean_total_interval_width_um,optimizer_warning_folds,convergence_warning_folds,constant_bound_hit_folds,length_scale_bound_hit_folds,nugget_bound_hit_folds,any_bound_hit_folds,signal_variance_normalized_min,signal_variance_normalized_q25,signal_variance_normalized_median,signal_variance_normalized_q75,signal_variance_normalized_q95,signal_variance_normalized_max,length_scale_min,length_scale_q25,length_scale_median,length_scale_q75,length_scale_q95,length_scale_max,learned_nugget_variance_normalized_min,learned_nugget_variance_normalized_q25,learned_nugget_variance_normalized_median,learned_nugget_variance_normalized_q75,learned_nugget_variance_normalized_q95,learned_nugget_variance_normalized_max,learned_nugget_std_um_min,learned_nugget_std_um_q25,learned_nugget_std_um_median,learned_nugget_std_um_q75,learned_nugget_std_um_q95,learned_nugget_std_um_max,nugget_fraction_training_target_std_min,nugget_fraction_training_target_std_q25,nugget_fraction_training_target_std_median,nugget_fraction_training_target_std_q75,nugget_fraction_training_target_std_q95,nugget_fraction_training_target_std_max,nugget_fraction_dataset_target_median_min,nugget_fraction_dataset_target_median_q25,nugget_fraction_dataset_target_median_median,nugget_fraction_dataset_target_median_q75,nugget_fraction_dataset_target_median_q95,nugget_fraction_dataset_target_median_max
depth,Penetration depth below original surface,T0,230,1.8022708265928273,1.339809185788404,2.728942784700328,0.9688730302355166,0.03610358578965785,18.77861,54.72232,94.365085,75.586475,216.58335170010105,0.9416667465221785,0,1,matern32_learned_nugget,Matérn 3/2 + learned nugget,Matern,1.5,True,2.440425217127002,2.0342430013131683,2.6883662016466876,2.440425217127002,total predictive variance including learned WhiteKernel nugget,0.8782608695652174,0.9521739130434783,0.9521739130434783,0.0021739130434783593,7.53647574957368,10.342028439757652,1,1,0,0,0,0,5.081314102834238,5.957961964928739,5.997088665101356,6.037460098532389,6.233911559894057,8.944256469327522,6.234638714019293,6.619566574284116,6.644813136971923,6.6684782214194325,6.7433266641230025,8.842737794993084,0.0104328655182228,0.013105686830907575,0.01318010665605765,0.01325648321721315,0.013412166857243014,0.0147879079627073,1.5831683374353136,1.7725558178478285,1.7767506721323791,1.7805485946646051,1.7869797586866345,1.8564377127416904,0.1021413996292532,0.11448007175043479,0.1148046456205218,0.11513680211980128,0.11581090686242816,0.1216055424835041,0.0289309433049496,0.03239182508796822,0.03246848218665395,0.032537885723130947,0.03265540932267912,0.0339246894638547
depth,Penetration depth below original surface,T0,230,2.0891811113664662,1.5486599935882648,3.0368545797212265,0.9614525214426306,0.0401772219133281,18.77861,54.72232,94.365085,75.586475,208.93959230009932,0.9084330100004319,0,3,matern32_no_nugget,"Matérn 3/2, no nugget",Matern,1.5,False,2.712521917043586,2.253492014394649,2.712521917043586,,latent predictive variance; numerical jitter excluded,0.9173913043478261,,0.9173913043478261,0.032608695652173836,11.349000247985979,,3,3,0,0,0,0,1.1190937759217472,1.2099760469216188,1.2146658228835252,1.2226276109814793,1.2531098813467285,1.3824670667992114,2.239034473146395,2.311232566351097,2.315658316132008,2.322815114112286,2.364779117035507,2.5411791859053445,,,,,,,,,,,,,,,,,,,,,,,,
depth,Penetration depth below original surface,T0,230,1.7882537124127877,1.2720794859718598,2.7169661582388707,0.9691456471909613,0.03594513645779712,18.77861,54.72232,94.365085,75.586475,346.00113539985614,1.5043527626080702,0,0,matern52_learned_nugget,Matérn 5/2 + learned nugget,Matern,2.5,True,2.4399246368261895,2.029381148329792,3.0470444477123664,2.4399246368261895,total predictive variance including learned WhiteKernel nugget,0.8217391304347826,0.9478260869565217,0.9478260869565217,0.0021739130434782483,6.365984461681645,10.311084843331319,0,0,0,0,0,0,3.1298650216671584,3.5496323641846534,3.568349572177608,3.5912796018324222,3.6521638149862876,4.284952313851699,3.634388800987312,3.776664593773076,3.786782345687246,3.795813697857151,3.836335639204184,4.401821213785785,0.0129567211989854,0.017220939257432174,0.017302240671216752,0.017376940849710178,0.017569635223538868,0.0189835353508447,1.7643016808216103,2.0317337751416606,2.0363289986685773,2.039256197147187,2.043406885443049,2.1033694439772126,0.1138275941895701,0.13122857623394235,0.13153798179417736,0.13182162505955053,0.13255049858552848,0.1377807510171312,0.0322409883356847,0.03712806356056645,0.037212037038425544,0.03726552889473955,0.03734137890065788,0.0384371394337303
depth,Penetration depth below original surface,T0,230,2.413462923073034,1.8271810934726602,3.497484166759593,0.9488719184293624,0.046271296111633636,18.77861,54.72232,94.365085,75.586475,253.49455440003658,1.1021502365218983,0,0,matern52_no_nugget,"Matérn 5/2, no nugget",Matern,2.5,False,2.9524420680595673,2.443464011932317,2.9524420680595673,,latent predictive variance; numerical jitter excluded,0.9217391304347826,,0.9217391304347826,0.02826086956521734,13.47872296620511,,0,0,0,0,0,0,0.6479237285777588,0.6940818086499154,0.6958681229353234,0.6985846820762427,0.7083035891888458,0.7293465505013905,1.2169534820158756,1.2351816761093932,1.2369121769146643,1.23884155706297,1.262405994956774,1.3078064167013523,,,,,,,,,,,,,,,,,,,,,,,,
depth,Penetration depth below original surface,T0,230,1.8254897211652583,1.307440692023615,2.7698471525378965,0.9679329069760424,0.03664474567094043,18.77861,54.72232,94.365085,75.586475,183.0189566006884,0.7957345939160365,0,0,rbf_learned_nugget,RBF + learned nugget,RBF,,True,2.4629724811391496,2.034595927958095,4.011088479964621,2.4629724811391496,total predictive variance including learned WhiteKernel nugget,0.7347826086956522,0.9565217391304348,0.9565217391304348,0.006521739130434856,5.157291130257537,10.490834693946876,0,0,0,0,0,0,2.5743217666387554,2.798630410226195,2.8124805501066223,2.8287471489412086,2.872300225346162,2.944344133792088,2.275066894059782,2.320642643605876,2.3244952596343875,2.328996187998045,2.340322027178479,2.507891638398453,0.0158412106311058,0.021899566477406172,0.021984679470450852,0.022082743466759626,0.022263885249561254,0.023355770323223,1.9508302231509735,2.291187646010216,2.2959765484992203,2.298241728865576,2.3005849058171606,2.3330503462339567,0.1258618712363115,0.14798502088108606,0.14827231525274753,0.14860263612511898,0.14921087435790237,0.1528259478073768,0.0356496256582501,0.04186934409963272,0.04195685688215005,0.041998250967166126,0.04204107036794416,0.0426343463916361
depth,Penetration depth below original surface,T0,230,3.4025350769012945,2.438256756382451,4.858216085493961,0.9013489667247016,0.0642736162189593,18.77861,54.72232,94.365085,75.586475,285.1619901994127,1.2398347399974465,0,0,rbf_no_nugget,"RBF, no nugget",RBF,,False,3.2566746766462185,2.8614475169131923,3.2566746766462185,,latent predictive variance; numerical jitter excluded,0.9217391304347826,,0.9217391304347826,0.02826086956521734,20.533784657164695,,0,0,0,0,0,0,0.5818260822525422,0.6231854459297075,0.62438454780132,0.6262682378966983,0.631043061020329,0.6456979386902513,0.670466921600038,0.674423907341154,0.6750417917956975,0.6758393380198504,0.6796883966875487,0.7272452940031977,,,,,,,,,,,,,,,,,,,,,,,,
length,Melt-pool length,T0,241,10.622779991053926,5.348059767395853,19.389061515971587,0.9540641541519996,0.04534766141495899,116.1617,341.3759,543.72645,427.56475,257.3598016000469,1.0678829941910661,0,1,matern32_learned_nugget,Matérn 3/2 + learned nugget,Matern,1.5,True,4.472069311854088,3.9798706142822247,5.231260751165872,4.472069311854088,total predictive variance including learned WhiteKernel nugget,0.8838174273858921,0.9543568464730291,0.9543568464730291,0.004356846473029141,46.215491836119064,78.8029816115227,1,1,0,0,0,0,13.514467549182012,14.349798997135856,14.407000938591375,14.47089267984514,14.685596088114654,17.72799360949179,9.447569688562112,9.851099629193085,9.871786052015832,9.893265404512436,9.954408765578892,11.303316915284062,0.0213373212147706,0.0318117555078821,0.03190824070753,0.0320196966364024,0.0322192261448641,0.0324061122360129,13.181630811848912,16.15401959045908,16.17099621817239,16.179339097754234,16.197233815436338,16.211696655525806,0.1460729996089989,0.1783585027630646,0.1786287790573794,0.1789404835033215,0.1794971480131764,0.1800169776327026,0.0386132436761028,0.047320328091289,0.0473700581036106,0.0473944970859226,0.047446916479565,0.0474892827980118
length,Melt-pool length,T0,241,15.0739314249014,7.605061336671952,25.738975850243445,0.9190492893895396,0.06019901278167446,116.1617,341.3759,543.72645,427.56475,161.9676254001679,0.6720648356853439,0,0,matern32_no_nugget,"Matérn 3/2, no nugget",Matern,1.5,False,5.377487479864641,4.440541964782063,5.377487479864641,,latent predictive variance; numerical jitter excluded,0.9336099585062241,,0.9336099585062241,0.016390041493775875,113.79863969934621,,0,0,0,0,0,0,0.6938457847732382,0.7360152320603934,0.7382207427106302,0.7401350492403546,0.7471671542217379,1.173478778508438,1.206822322873146,1.2148613100275705,1.2162734872610113,1.2185946419785854,1.2305200910750045,2.025324159118183,,,,,,,,,,,,,,,,,,,,,,,,
length,Melt-pool length,T0,241,10.361959653268965,5.614829362255534,18.940151120596823,0.9561666139543238,0.04429773764230289,116.1617,341.3759,543.72645,427.56475,251.25356500042835,1.042545912864848,0,1,matern52_learned_nugget,Matérn 5/2 + learned nugget,Matern,2.5,True,4.437770446857351,3.9487082326031184,5.741911453607974,4.437770446857351,total predictive variance including learned WhiteKernel nugget,0.8713692946058091,0.9543568464730291,0.9543568464730291,0.004356846473029141,38.84542487623793,76.25125744978266,1,1,0,0,0,0,8.73173961610809,9.345795190807934,9.385943356233527,9.439156834098608,9.58448664690223,11.515551241260573,5.091311153304905,5.218032801586976,5.2257043299878605,5.234604458269121,5.261153129187878,5.563940747593081,0.02482968981291,0.0335064781482792,0.0336040784165719,0.033712512895891,0.0339193413370894,0.0341752517204426,14.219516951894391,16.581266776910585,16.59616046876958,16.603225294450585,16.615475170722167,16.629454490923468,0.1575743945344865,0.1830477482742666,0.183314152253916,0.1836096753874672,0.1841720427673251,0.1848654962951244,0.0416535465798681,0.0485718727564265,0.0486155011785236,0.0486361963291802,0.0486720801636031,0.0487130300965108
length,Melt-pool length,T0,241,18.89707621963854,9.836050176975277,30.752551239838322,0.8844418867838353,0.07192489848575759,116.1617,341.3759,543.72645,427.56475,247.42091270023957,1.026642791287301,0,0,matern52_no_nugget,"Matérn 5/2, no nugget",Matern,2.5,False,5.924299325771639,4.672589174414064,5.924299325771639,,latent predictive variance; numerical jitter excluded,0.941908713692946,,0.941908713692946,0.008091286307053913,140.15636018262592,,0,0,0,0,0,0,0.5950543679810523,0.6262253184373517,0.6274590220837905,0.62884030403606,0.6323236651171876,0.7260374507330433,0.782548101621192,0.7859109592547673,0.7868343674989743,0.7880663022009049,0.7918524846151279,1.169310838308336,,,,,,,,,,,,,,,,,,,,,,,,
length,Melt-pool length,T0,241,10.473639527129647,5.804436030084048,18.69366258872969,0.957300091939553,0.04372124359814435,116.1617,341.3759,543.72645,427.56475,156.0971191995195,0.6477058887946868,0,2,rbf_learned_nugget,RBF + learned nugget,RBF,,True,4.413955463321142,3.940985562979509,6.581127557171444,4.413955463321142,total predictive variance including learned WhiteKernel nugget,0.8091286307053942,0.950207468879668,0.950207468879668,0.00020746887966804906,32.80415543271478,74.78064150563995,2,2,0,0,0,0,6.022337950320399,6.407695125360622,6.442144413248342,6.482924160155933,6.582490103780071,7.655638501934826,2.706044464790896,2.7732275405023303,2.776037383263451,2.779530118988528,2.7914315649288226,2.894361613211458,0.0277012269314117,0.0350339594434203,0.0351313182690023,0.0352343392727039,0.0354497827125875,0.0357801255511382,15.01926564827752,16.95630596199559,16.96860512197118,16.97568522118082,16.981836536758976,16.987299499960233,0.1664368556883112,0.1871736077640765,0.1874335035926136,0.187708122553884,0.1882811268093207,0.1891563521300257,0.0439962681849466,0.0496704833645128,0.0497065115667836,0.0497272514585265,0.0497452706437653,0.0497612734231099
length,Melt-pool length,T0,241,31.737040152870843,22.23192350349484,47.70892849864656,0.721876640765333,0.1115829321726044,116.1617,341.3759,543.72645,427.56475,257.2670465997071,1.0674981186709838,0,0,rbf_no_nugget,"RBF, no nugget",RBF,,False,8.933914865455021,5.108385133518351,8.933914865455021,,latent predictive variance; numerical jitter excluded,0.9585062240663901,,0.9585062240663901,0.008506224066390122,209.66063955136102,,0,0,0,0,0,0,0.6562610113071863,0.7229478696722927,0.723761578505866,0.7250791238978037,0.7292287122777963,0.7667097357773788,0.4725211614108827,0.4743414673936025,0.4748725744078048,0.4756858595815401,0.4765066674968835,0.7071258126034027,,,,,,,,,,,,,,,,,,,,,,,,
width,Melt-pool width,T0,241,3.2744858907568295,1.9076921486144158,6.696354932464742,0.9680061106774571,0.03928446305845684,86.30895,159.00522,256.76705,170.4581,469.73178209987236,1.94909453153474,0,5,matern32_learned_nugget,Matérn 3/2 + learned nugget,Matern,1.5,True,3.5737456938655585,2.8897663423595303,5.916207755473676,3.5737456938655585,total predictive variance including learned WhiteKernel nugget,0.8755186721991701,0.9626556016597511,0.9626556016597511,0.012655601659751103,11.272853777463627,26.78239527738584,5,5,0,0,0,0,46.44490280018784,58.69986540569544,59.03233610585394,59.583890245045154,60.85749920713734,102.87099319224777,25.658801789752165,28.99106006161593,29.06205303554165,29.147314176415605,29.383353228652958,36.1362830271649,0.0124518962589271,0.0271879353377864,0.0272338734676224,0.0273419745576593,0.027554906306407,0.0279554014485846,4.185619419579893,6.180751621494648,6.184850524027512,6.18672702733683,6.188070402775818,6.191019186523623,0.1115880650380101,0.1648876445880238,0.1650268871051697,0.165354088421361,0.1659967057095022,0.1671986885372748,0.0263237862227409,0.0388713755529198,0.0388971539678226,0.0389089554879822,0.0389174041127443,0.0389359493136365
width,Melt-pool width,T0,241,4.521570304324528,2.623309238791748,8.037461148601919,0.9539077528785583,0.047152122126211185,86.30895,159.00522,256.76705,170.4581,183.48346490017138,0.7613421780090099,0,0,matern32_no_nugget,"Matérn 3/2, no nugget",Matern,1.5,False,3.74219180525716,3.1038728349076443,3.74219180525716,,latent predictive variance; numerical jitter excluded,0.9336099585062241,,0.9336099585062241,0.016390041493775875,29.974674682996316,,0,0,0,0,0,0,0.7815614228432468,0.7907918111712929,0.7933435274493637,0.7959712684080906,0.8090406949646576,0.9074829884687734,1.7967228966155877,1.813546099337784,1.8161890510026892,1.819239645738495,1.84207534101984,2.1002512920738114,,,,,,,,,,,,,,,,,,,,,,,,
width,Melt-pool width,T0,241,3.338311351015367,2.1138100146442014,6.746237803496207,0.9675276738618548,0.03957710313265376,86.30895,159.00522,256.76705,170.4581,300.7972935997532,1.2481215502064447,0,3,matern52_learned_nugget,Matérn 5/2 + learned nugget,Matern,2.5,True,3.578609210344128,2.8911242267018182,9.32194181852831,3.578609210344128,total predictive variance including learned WhiteKernel nugget,0.7883817427385892,0.9626556016597511,0.9626556016597511,0.012655601659751103,8.470368994265378,26.710116064539573,3,3,0,0,0,0,27.35634572382805,33.097021755429694,33.38119410276391,33.682417647734674,34.337791712744924,41.82832378277736,12.938851243424416,13.918539451022404,13.952359004419014,13.991502275789296,14.081577164995627,14.876820297359917,0.0141606351409045,0.0295669712230146,0.0296130425528974,0.0297230927875939,0.0299537096932453,0.0303234211270754,4.463580348622695,6.446081075123005,6.449652342076768,6.45077410185705,6.451512179293898,6.453157892624247,0.1189984669687158,0.1719504906158009,0.1720844053158142,0.1724038653499216,0.1730714005641756,0.1741362142894908,0.0280719107751474,0.0405400594717771,0.0405625195328604,0.0405695743942057,0.0405742162382712,0.0405845662967809
width,Melt-pool width,T0,241,5.419636542313731,3.466038500881467,8.94685948535895,0.942887477577915,0.05248714778211742,86.30895,159.00522,256.76705,170.4581,223.86277929967036,0.92889120041357,0,1,matern52_no_nugget,"Matérn 5/2, no nugget",Matern,2.5,False,3.8726537367327483,3.2796059732326954,3.8726537367327483,,latent predictive variance; numerical jitter excluded,0.91701244813278,,0.91701244813278,0.03298755186721991,34.214000023683006,,1,1,0,0,0,0,0.5484865843710207,0.5931125985125646,0.5943961742910318,0.5965374524605083,0.6023007166604257,0.616877596905046,1.1185686359393796,1.1260187661134244,1.127310948072355,1.1288567835046333,1.145321481758684,1.239235702489894,,,,,,,,,,,,,,,,,,,,,,,,
width,Melt-pool width,T0,241,3.3860256953715493,2.118480277989221,6.759176542334257,0.9674029958213248,0.039653008817617096,86.30895,159.00522,256.76705,170.4581,154.21418889961205,0.6398928999983903,0,0,rbf_learned_nugget,RBF + learned nugget,RBF,,True,3.5621363267916095,2.8872185750350545,12.87479004062604,3.5621363267916095,total predictive variance including learned WhiteKernel nugget,0.7178423236514523,0.9626556016597511,0.9626556016597511,0.012655601659751103,7.115868725537771,26.606495773517253,0,0,0,0,0,0,19.249921591822275,21.33258095809056,21.498854942939705,21.657975505755864,22.021761486818384,35.67682315156067,7.529406474141444,7.760108071580467,7.772216435261405,7.788130565630159,7.838013776911817,8.463800078231593,0.015197080055007,0.0303238883234453,0.0303726506852264,0.0304811589647528,0.0307353642078837,0.0310808618356172,4.624045150437401,6.528414182840186,6.531529641668992,6.532687217914363,6.533174250897054,6.533374763866307,0.1232764375499513,0.1741375557524722,0.1742775105549378,0.174588541905684,0.1753150427313176,0.1762976512481582,0.029081090233625,0.0410578607597925,0.0410774541972206,0.0410847343119575,0.0410877973119187,0.0410890583583753
width,Melt-pool width,T0,241,8.534969032897425,5.643050491513264,12.426548910622405,0.8898229409889123,0.07290090004888242,86.30895,159.00522,256.76705,170.4581,160.4089708008105,0.6655973892149813,0,0,rbf_no_nugget,"RBF, no nugget",RBF,,False,4.206325026578192,3.770009917152853,4.206325026578192,,latent predictive variance; numerical jitter excluded,0.8962655601659751,,0.8962655601659751,0.053734439834024816,48.46105695742372,,0,0,0,0,0,0,0.5315766951529068,0.56012825984477,0.5611577455111478,0.5626937333136818,0.5677724454330052,0.599126497069824,0.6532991246718818,0.6559894872777352,0.6565371216110857,0.6574366989570727,0.6636457079681573,0.6987482156573399,,,,,,,,,,,,,,,,,,,,,,,,
