experiment_name,partition,pinned_success,pinned_failure_reasons,current_success,current_failure_reasons,phase55_refresh_action,phase55_changed_monitor_count,status_changed
P-102p928146519_VX-0p633805217924_LS-5p29394366699e-05_ST-318p223787128_M-TI64_XI-0p0002_XF-0p0014_XL-0p0012_TE-0p0021_DT-7p61136145079e-06_H-6c9c68731f,new-data,True,,True,,reused_after_git_diff_proved_all_inputs_unchanged,0,False
P-109p741517589_VX-0p915030812968_LS-7p99759662409e-05_ST-303p804431165_M-TI64_XI-0p0002_XF-0p0014_XL-0p0012_TE-0p0021_DT-5p27208541466e-06_H-0e4c2fc094,new-data,True,,True,,reused_after_git_diff_proved_all_inputs_unchanged,0,False
P-111p098510779_VX-0p492021331775_LS-4p80108469254e-05_ST-345p911753718_M-TI64_XI-0p0002_XF-0p0014_XL-0p0012_TE-0p0021_DT-9p80469807196e-06_H-0602c4a780,new-data,True,,True,,reused_after_git_diff_proved_all_inputs_unchanged,0,False
P-113p729503671_VX-0p646987288946_LS-8p28088886776e-05_ST-328p878079062_M-TI64_XI-0p0002_XF-0p0014_XL-0p0012_TE-0p0021_DT-7p45628343159e-06_H-0e4c2fc094,new-data,True,,True,,reused_after_git_diff_proved_all_inputs_unchanged,0,False
P-115p973342836_VX-0p629021136955_LS-5p81694798744e-05_ST-308p264473639_M-TI64_XI-0p0002_XF-0p0014_XL-0p0012_TE-0p0021_DT-7p66925039494e-06_H-27614c4053,new-data,True,,True,,reused_after_git_diff_proved_all_inputs_unchanged,0,False
P-117p204089079_VX-0p299188895548_LS-6p61946140465e-05_ST-399p004242061_M-TI64_XI-0p0002_XF-0p0014_XL-0p0012_TE-0p0021_DT-1p61239961603e-05_H-0e4c2fc094,new-data,True,,True,,reused_after_git_diff_proved_all_inputs_unchanged,0,False
P-118p239150472_VX-0p728951155133_LS-5p59862781201e-05_ST-395p421202378_M-TI64_XI-0p0002_XF-0p0014_XL-0p0012_TE-0p0021_DT-6p61789280262e-06_H-44aa3a8888,new-data,True,,True,,reused_after_git_diff_proved_all_inputs_unchanged,0,False
P-119p523515535_VX-0p859779155666_LS-6p70931710444e-05_ST-392p874711106_M-TI64_XI-0p0002_XF-0p0014_XL-0p0012_TE-0p0021_DT-5p61088341259e-06_H-2934a8b202,new-data,True,,True,,reused_after_git_diff_proved_all_inputs_unchanged,0,False
P-120p079917874_VX-0p610410046914_LS-8p29242579558e-05_ST-398p6729924_M-TI64_XI-0p0002_XF-0p0014_XL-0p0012_TE-0p0021_DT-7p90308191584e-06_H-a88ac79600,new-data,True,,True,,reused_after_git_diff_proved_all_inputs_unchanged,0,False
P-120p906267006_VX-0p64748664338_LS-6p03748750968e-05_ST-359p518818343_M-TI64_XI-0p0002_XF-0p0014_XL-0p0012_TE-0p0021_DT-7p45053299916e-06_H-c5f6eebf67,new-data,True,,True,,reused_after_git_diff_proved_all_inputs_unchanged,0,False
P-122p181848607_VX-0p882188233955_LS-4p98408399334e-05_ST-370p38962934_M-TI64_XI-0p0002_XF-0p0014_XL-0p0012_TE-0p0021_DT-5p46835745177e-06_H-2afbe2208b,new-data,True,,True,,reused_after_git_diff_proved_all_inputs_unchanged,0,False
P-124p08408212_VX-0p537482635976_LS-5p36452858207e-05_ST-384p350705088_M-TI64_XI-0p0002_XF-0p0014_XL-0p0012_TE-0p0021_DT-8p97539805031e-06_H-1d842653b1,new-data,True,,True,,reused_after_git_diff_proved_all_inputs_unchanged,0,False
P-126p384227376_VX-0p205870034079_LS-4p55514058242e-05_ST-348p956388187_M-TI64_XI-0p0002_XF-0p0014_XL-0p0012_TE-0p0021_DT-2p34328450209e-05_H-1d842653b1,new-data,True,,True,,reused_after_git_diff_proved_all_inputs_unchanged,0,False
P-129p716882801_VX-0p574107735504_LS-5p55330779174e-05_ST-369p509713723_M-TI64_XI-0p0002_XF-0p0014_XL-0p0012_TE-0p0021_DT-8p40281414912e-06_H-0e4c2fc094,new-data,True,,True,,reused_after_git_diff_proved_all_inputs_unchanged,0,False
P-131p192514944_VX-0p432823544687_LS-6p72236683266e-05_ST-324p578264519_M-TI64_XI-0p0002_XF-0p0014_XL-0p0012_TE-0p0021_DT-1p11456982002e-05_H-dfd65b549a,new-data,True,,True,,reused_after_git_diff_proved_all_inputs_unchanged,0,False
P-132p334528879_VX-0p441351904611_LS-8p05471929698e-05_ST-380p80221881_M-TI64_XI-0p0002_XF-0p0014_XL-0p0012_TE-0p0021_DT-1p09303269174e-05_H-2934a8b202,new-data,True,,True,,reused_after_git_diff_proved_all_inputs_unchanged,0,False
P-132p644034819_VX-0p797235702485_LS-4p6520297442e-05_ST-303p62522115_M-TI64_XI-0p0002_XF-0p0014_XL-0p0012_TE-0p0021_DT-6p0510594144e-06_H-0e4c2fc094,new-data,True,,True,,reused_after_git_diff_proved_all_inputs_unchanged,0,False
P-140p236446589_VX-0p550532928497_LS-7p91865165046e-05_ST-370p758962256_M-TI64_XI-0p0002_XF-0p0014_XL-0p0012_TE-0p0021_DT-8p76263771576e-06_H-a88ac79600,new-data,True,,True,,reused_after_git_diff_proved_all_inputs_unchanged,0,False
P-143p707582907_VX-0p952433280409_LS-8p80948922839e-05_ST-329p530804101_M-TI64_XI-0p0002_XF-0p0014_XL-0p0012_TE-0p0021_DT-5p06504833697e-06_H-1605f46060,new-data,True,,True,,reused_after_git_diff_proved_all_inputs_unchanged,0,False
P-144p087720513_VX-0p415546267467_LS-5p02923295381e-05_ST-327p07537462_M-TI64_XI-0p0002_XF-0p0014_XL-0p0012_TE-0p0021_DT-1p16091058462e-05_H-0602c4a780,new-data,True,,True,,reused_after_git_diff_proved_all_inputs_unchanged,0,False
P-148p299467422_VX-0p674162518859_LS-5p7557139752e-05_ST-331p520012414_M-TI64_XI-0p0002_XF-0p0014_XL-0p0012_TE-0p0021_DT-7p15572353559e-06_H-e73b90164d,new-data,True,,True,,reused_after_git_diff_proved_all_inputs_unchanged,0,False
P-150p071418192_VX-0p423845414489_LS-8p67749479825e-05_ST-322p128190627_M-TI64_XI-0p0002_XF-0p0014_XL-0p0012_TE-0p0021_DT-1p1381792602e-05_H-2afbe2208b,new-data,True,,True,,reused_after_git_diff_proved_all_inputs_unchanged,0,False
P-155p252053768_VX-0p916931554055_LS-7p35634948929e-05_ST-366p816583574_M-TI64_XI-0p0002_XF-0p0014_XL-0p0012_TE-0p0021_DT-5p26115671522e-06_H-1d842653b1,new-data,True,,True,,reused_after_git_diff_proved_all_inputs_unchanged,0,False
P-155p610380822_VX-0p863747905944_LS-4p82199969556e-05_ST-303p817651114_M-TI64_XI-0p0002_XF-0p0014_XL-0p0012_TE-0p0021_DT-5p58510251639e-06_H-44aa3a8888,new-data,True,,True,,reused_after_git_diff_proved_all_inputs_unchanged,0,False
P-157p183722649_VX-0p714259673467_LS-7p38607203139e-05_ST-347p368293375_M-TI64_XI-0p0002_XF-0p0014_XL-0p0012_TE-0p0021_DT-6p75401507634e-06_H-add9572a86,new-data,True,,True,,reused_after_git_diff_proved_all_inputs_unchanged,0,False
P-160p605564338_VX-0p585171267024_LS-4p89218084001e-05_ST-323p833105745_M-TI64_XI-0p0002_XF-0p0014_XL-0p0012_TE-0p0021_DT-8p24394647322e-06_H-0602c4a780,new-data,True,,True,,reused_after_git_diff_proved_all_inputs_unchanged,0,False
P-162p142815649_VX-0p926926325143_LS-6p49234891537e-05_ST-377p454931887_M-TI64_XI-0p0002_XF-0p0014_XL-0p0012_TE-0p0021_DT-5p20442722594e-06_H-eed8ed7ef3,new-data,True,,True,,reused_after_git_diff_proved_all_inputs_unchanged,0,False
P-163p562272254_VX-0p729793018519_LS-5p10150522361e-05_ST-318p261957537_M-TI64_XI-0p0002_XF-0p0014_XL-0p0012_TE-0p0021_DT-6p6102586358e-06_H-eed8ed7ef3,new-data,True,,True,,reused_after_git_diff_proved_all_inputs_unchanged,0,False
P-164p187091551_VX-0p507792014735_LS-6p92164167976e-05_ST-301p020288893_M-TI64_XI-0p0002_XF-0p0014_XL-0p0012_TE-0p0021_DT-9p50018996564e-06_H-c15424829d,new-data,True,,True,,reused_after_git_diff_proved_all_inputs_unchanged,0,False
P-164p607131174_VX-0p867199563125_LS-5p32762751968e-05_ST-314p058214573_M-TI64_XI-0p0002_XF-0p0014_XL-0p0012_TE-0p0021_DT-5p56287250149e-06_H-0e4c2fc094,new-data,True,,True,,reused_after_git_diff_proved_all_inputs_unchanged,0,False
P-166p111836501_VX-0p454755470987_LS-7p13150844087e-05_ST-303p391516497_M-TI64_XI-0p0002_XF-0p0014_XL-0p0012_TE-0p0021_DT-1p06081639712e-05_H-0e4c2fc094,new-data,True,,True,,reused_after_git_diff_proved_all_inputs_unchanged,0,False
P-167p350234557_VX-0p509305540745_LS-7p79284260895e-05_ST-367p465417979_M-TI64_XI-0p0002_XF-0p0014_XL-0p0012_TE-0p0021_DT-9p47195782704e-06_H-0c5439e4b5,new-data,True,,True,,reused_after_git_diff_proved_all_inputs_unchanged,0,False
P-168p279672268_VX-0p662944494492_LS-8p51138696034e-05_ST-361p222757169_M-TI64_XI-0p0002_XF-0p0014_XL-0p0012_TE-0p0021_DT-7p27680920966e-06_H-1d842653b1,new-data,True,,True,,reused_after_git_diff_proved_all_inputs_unchanged,0,False
P-172p471893954_VX-0p300060565388_LS-5p45268436948e-05_ST-394p546009672_M-TI64_XI-0p0002_XF-0p0014_XL-0p0012_TE-0p0021_DT-1p60771562794e-05_H-0e4c2fc094,new-data,True,,True,,reused_after_git_diff_proved_all_inputs_unchanged,0,False
P-173p043282634_VX-0p866796851528_LS-6p96390683614e-05_ST-349p021338305_M-TI64_XI-0p0002_XF-0p0014_XL-0p0012_TE-0p0021_DT-5p56545699781e-06_H-27614c4053,new-data,True,,True,,reused_after_git_diff_proved_all_inputs_unchanged,0,False
P-173p906668607_VX-0p677544388934_LS-8p62016404031e-05_ST-334p396108383_M-TI64_XI-0p0002_XF-0p0014_XL-0p0012_TE-0p0021_DT-7p12000672104e-06_H-89021150a8,new-data,True,,True,,reused_after_git_diff_proved_all_inputs_unchanged,0,False
P-177p821134596_VX-0p63969291749_LS-8p76195222961e-05_ST-320p228793407_M-TI64_XI-0p0002_XF-0p0014_XL-0p0012_TE-0p0021_DT-7p5413068851e-06_H-0e4c2fc094,new-data,True,,True,,reused_after_git_diff_proved_all_inputs_unchanged,0,False
P-185p872045369_VX-0p416268682161_LS-7p15564692144e-05_ST-371p982346013_M-TI64_XI-0p0002_XF-0p0014_XL-0p0012_TE-0p0021_DT-1p15889587897e-05_H-bc28d74e69,new-data,True,,True,,reused_after_git_diff_proved_all_inputs_unchanged,0,False
P-187p255870651_VX-0p828194463092_LS-4p64611349328e-05_ST-375p783913497_M-TI64_XI-0p0002_XF-0p0014_XL-0p0012_TE-0p0021_DT-5p82486459159e-06_H-bc28d74e69,new-data,True,,True,,reused_after_git_diff_proved_all_inputs_unchanged,0,False
P-198p376734591_VX-0p636800402216_LS-8p40585875992e-05_ST-361p411435367_M-TI64_XI-0p0002_XF-0p0014_XL-0p0012_TE-0p0021_DT-7p5755614887e-06_H-1605f46060,new-data,True,,True,,reused_after_git_diff_proved_all_inputs_unchanged,0,False
P-199p601335125_VX-0p449852506485_LS-5p7030843283e-05_ST-364p706449651_M-TI64_XI-0p0002_XF-0p0014_XL-0p0012_TE-0p0021_DT-1p07237828699e-05_H-1d842653b1,new-data,True,,True,,reused_after_git_diff_proved_all_inputs_unchanged,0,False
P-203p030488295_VX-0p654564663741_LS-6p39602473907e-05_ST-333p568221635_M-TI64_XI-0p0002_XF-0p0014_XL-0p0012_TE-0p0021_DT-7p36996796534e-06_H-0e4c2fc094,new-data,True,,True,,reused_after_git_diff_proved_all_inputs_unchanged,0,False
P-203p317554156_VX-0p724937635215_LS-5p40301996917e-05_ST-325p306920736_M-TI64_XI-0p0002_XF-0p0014_XL-0p0012_TE-0p0021_DT-6p65453187788e-06_H-dfd65b549a,new-data,True,,True,,reused_after_git_diff_proved_all_inputs_unchanged,0,False
P-204p071587815_VX-0p957219619336_LS-8p8582220221e-05_ST-334p090301355_M-TI64_XI-0p0002_XF-0p0014_XL-0p0012_TE-0p0021_DT-5p03972182096e-06_H-676863bc48,new-data,True,,True,,reused_after_git_diff_proved_all_inputs_unchanged,0,False
P-204p165012598_VX-0p624752635414_LS-8p54709329997e-05_ST-334p626206985_M-TI64_XI-0p0002_XF-0p0014_XL-0p0012_TE-0p0021_DT-7p72164906486e-06_H-4ecd858c02,new-data,False,missing kinetic-energy_melt.dat; missing position-bounds_melt.dat,False,missing kinetic-energy_melt.dat; missing position-bounds_melt.dat,reused_after_git_diff_proved_all_inputs_unchanged,0,False
P-207p432942583_VX-0p674802143379_LS-5p74396795379e-05_ST-382p34582068_M-TI64_XI-0p0002_XF-0p0014_XL-0p0012_TE-0p0021_DT-7p14894084192e-06_H-676863bc48,new-data,True,,True,,reused_after_git_diff_proved_all_inputs_unchanged,0,False
P-208p096600196_VX-0p256636148953_LS-4p52492384214e-05_ST-395p602757306_M-TI64_XI-0p0002_XF-0p0014_XL-0p0012_TE-0p0021_DT-1p87975101041e-05_H-1980b1708d,new-data,True,,True,,reused_after_git_diff_proved_all_inputs_unchanged,0,False
P-209p47686991_VX-0p866693950214_LS-6p90699464413e-05_ST-369p570871734_M-TI64_XI-0p0002_XF-0p0014_XL-0p0012_TE-0p0021_DT-5p56611777644e-06_H-b021dd2b47,new-data,True,,True,,reused_after_git_diff_proved_all_inputs_unchanged,0,False
P-210p211145159_VX-0p921242046338_LS-8p23126060485e-05_ST-311p238003519_M-TI64_XI-0p0002_XF-0p0014_XL-0p0012_TE-0p0021_DT-5p23653975868e-06_H-0e4c2fc094,new-data,True,,True,,reused_after_git_diff_proved_all_inputs_unchanged,0,False
P-210p302841339_VX-0p779412575788_LS-5p86430912284e-05_ST-304p177226769_M-TI64_XI-0p0002_XF-0p0014_XL-0p0012_TE-0p0021_DT-6p18943131388e-06_H-c15424829d,new-data,True,,True,,reused_after_git_diff_proved_all_inputs_unchanged,0,False
P-210p331349445_VX-0p877062157481_LS-5p88084341536e-05_ST-346p930868597_M-TI64_XI-0p0002_XF-0p0014_XL-0p0012_TE-0p0021_DT-5p50031780743e-06_H-0e4c2fc094,new-data,True,,True,,reused_after_git_diff_proved_all_inputs_unchanged,0,False
P-211p964201781_VX-0p31026524833_LS-8p22948660567e-05_ST-308p041416816_M-TI64_XI-0p0002_XF-0p0014_XL-0p0012_TE-0p0021_DT-1p5548375556e-05_H-22f5435fc5,new-data,True,,True,,reused_after_git_diff_proved_all_inputs_unchanged,0,False
P-212p474685749_VX-0p445530901525_LS-8p01654967217e-05_ST-390p176194232_M-TI64_XI-0p0002_XF-0p0014_XL-0p0012_TE-0p0021_DT-1p08278024858e-05_H-4e23685f04,new-data,True,,True,,reused_after_git_diff_proved_all_inputs_unchanged,0,False
P-212p944274192_VX-0p351323873231_LS-4p80439392259e-05_ST-351p894554175_M-TI64_XI-0p0002_XF-0p0014_XL-0p0012_TE-0p0021_DT-1p37312632889e-05_H-7c2e16b959,new-data,True,,True,,reused_after_git_diff_proved_all_inputs_unchanged,0,False
P-213p315910834_VX-0p426447159191_LS-8p60684535809e-05_ST-346p722503996_M-TI64_XI-0p0002_XF-0p0014_XL-0p0012_TE-0p0021_DT-1p13123525366e-05_H-6aeda8a35c,new-data,True,,True,,reused_after_git_diff_proved_all_inputs_unchanged,0,False
P-217p682945702_VX-0p631899079757_LS-7p17459883069e-05_ST-324p134516573_M-TI64_XI-0p0002_XF-0p0014_XL-0p0012_TE-0p0021_DT-7p63432129838e-06_H-7c2e16b959,new-data,True,,True,,reused_after_git_diff_proved_all_inputs_unchanged,0,False
P-222p079289377_VX-0p741891960581_LS-8p7279944479e-05_ST-335p366959171_M-TI64_XI-0p0002_XF-0p0014_XL-0p0012_TE-0p0021_DT-6p50245704137e-06_H-0f2c16c7e5,new-data,True,,True,,reused_after_git_diff_proved_all_inputs_unchanged,0,False
P-225p007853492_VX-0p825221323097_LS-8p70957490335e-05_ST-338p940755161_M-TI64_XI-0p0002_XF-0p0014_XL-0p0012_TE-0p0021_DT-5p84585064393e-06_H-c2c7cd9590,new-data,True,,True,,reused_after_git_diff_proved_all_inputs_unchanged,0,False
P-227p095146149_VX-0p485569900572_LS-4p61845747353e-05_ST-309p475761642_M-TI64_XI-0p0002_XF-0p0014_XL-0p0012_TE-0p0021_DT-9p93496630935e-06_H-c5f6eebf67,new-data,True,,True,,reused_after_git_diff_proved_all_inputs_unchanged,0,False
P-230p324353521_VX-0p227660683076_LS-8p68191306555e-05_ST-386p564919231_M-TI64_XI-0p0002_XF-0p0014_XL-0p0012_TE-0p0021_DT-2p11899592755e-05_H-0602c4a780,new-data,True,,True,,reused_after_git_diff_proved_all_inputs_unchanged,0,False
P-231p081894821_VX-0p850370876493_LS-5p5190986405e-05_ST-302p777484886_M-TI64_XI-0p0002_XF-0p0014_XL-0p0012_TE-0p0021_DT-5p67296074733e-06_H-179e4a5e71,new-data,True,,True,,reused_after_git_diff_proved_all_inputs_unchanged,0,False
P-233p106311211_VX-0p310101846937_LS-6p6327379673e-05_ST-336p786172861_M-TI64_XI-0p0002_XF-0p0014_XL-0p0012_TE-0p0021_DT-1p55565684328e-05_H-add9572a86,new-data,True,,True,,reused_after_git_diff_proved_all_inputs_unchanged,0,False
P-233p11801175_VX-0p947725383123_LS-6p63357513021e-05_ST-310p062780041_M-TI64_XI-0p0002_XF-0p0014_XL-0p0012_TE-0p0021_DT-5p09020934642e-06_H-1d842653b1,new-data,True,,True,,reused_after_git_diff_proved_all_inputs_unchanged,0,False
P-233p918914285_VX-0p55009860706_LS-6p76633993968e-05_ST-363p156889773_M-TI64_XI-0p0002_XF-0p0014_XL-0p0012_TE-0p0021_DT-8p76955611431e-06_H-9f078c62f6,new-data,True,,True,,reused_after_git_diff_proved_all_inputs_unchanged,0,False
P-236p369825033_VX-0p606859942193_LS-6p45901770765e-05_ST-328p218563755_M-TI64_XI-0p0002_XF-0p0014_XL-0p0012_TE-0p0021_DT-7p94931460723e-06_H-0e4c2fc094,new-data,True,,True,,reused_after_git_diff_proved_all_inputs_unchanged,0,False
P-238p364831187_VX-0p683428278389_LS-5p30391716287e-05_ST-377p396343519_M-TI64_XI-0p0002_XF-0p0014_XL-0p0012_TE-0p0021_DT-7p05870792234e-06_H-1d842653b1,new-data,True,,True,,reused_after_git_diff_proved_all_inputs_unchanged,0,False
P-240p986949999_VX-0p621810109213_LS-6p5255993688e-05_ST-389p31118835_M-TI64_XI-0p0002_XF-0p0014_XL-0p0012_TE-0p0021_DT-7p75818940789e-06_H-377b770359,new-data,True,,True,,reused_after_git_diff_proved_all_inputs_unchanged,0,False
P-241p526098173_VX-0p390351171714_LS-7p60309896784e-05_ST-322p459160533_M-TI64_XI-0p0002_XF-0p0014_XL-0p0012_TE-0p0021_DT-1p23584119956e-05_H-0e4c2fc094,new-data,True,,True,,reused_after_git_diff_proved_all_inputs_unchanged,0,False
P-242p307622127_VX-0p748861384084_LS-6p09484851001e-05_ST-306p16946129_M-TI64_XI-0p0002_XF-0p0014_XL-0p0012_TE-0p0021_DT-6p44194066558e-06_H-1d842653b1,new-data,True,,True,,reused_after_git_diff_proved_all_inputs_unchanged,0,False
P-243p042265843_VX-0p642372627708_LS-5p19118052277e-05_ST-314p809567363_M-TI64_XI-0p0002_XF-0p0014_XL-0p0012_TE-0p0021_DT-7p50984770355e-06_H-ac0fcec187,new-data,True,,True,,reused_after_git_diff_proved_all_inputs_unchanged,0,False
P-250p363893775_VX-0p962117015407_LS-8p16921850603e-05_ST-395p976068127_M-TI64_XI-0p0002_XF-0p0014_XL-0p0012_TE-0p0021_DT-5p01406848207e-06_H-0f2c16c7e5,new-data,True,,True,,reused_after_git_diff_proved_all_inputs_unchanged,0,False
P-250p760727959_VX-0p576945875618_LS-7p55521762294e-05_ST-375p926323236_M-TI64_XI-0p0002_XF-0p0014_XL-0p0012_TE-0p0021_DT-8p36147861851e-06_H-a88ac79600,new-data,True,,True,,reused_after_git_diff_proved_all_inputs_unchanged,0,False
P-251p6022239_VX-0p703685008905_LS-6p09329521029e-05_ST-391p344263507_M-TI64_XI-0p0002_XF-0p0014_XL-0p0012_TE-0p0021_DT-6p85551140349e-06_H-0e4c2fc094,new-data,True,,True,,reused_after_git_diff_proved_all_inputs_unchanged,0,False
P-252p710023356_VX-0p579349155213_LS-8p35702038612e-05_ST-362p250166341_M-TI64_XI-0p0002_XF-0p0014_XL-0p0012_TE-0p0021_DT-8p32679319476e-06_H-1d842653b1,new-data,True,,True,,reused_after_git_diff_proved_all_inputs_unchanged,0,False
P-255p411547814_VX-0p885409904065_LS-6p83114026847e-05_ST-348p701073765_M-TI64_XI-0p0002_XF-0p0014_XL-0p0012_TE-0p0021_DT-5p44846017745e-06_H-89021150a8,new-data,True,,True,,reused_after_git_diff_proved_all_inputs_unchanged,0,False
P-255p66284442_VX-0p61175678634_LS-8p38548151022e-05_ST-392p782565278_M-TI64_XI-0p0002_XF-0p0014_XL-0p0012_TE-0p0021_DT-7p88568383831e-06_H-1d842653b1,new-data,True,,True,,reused_after_git_diff_proved_all_inputs_unchanged,0,False
P-256p84590034_VX-0p686841697171_LS-8p87652204691e-05_ST-323p817390946_M-TI64_XI-0p0002_XF-0p0014_XL-0p0012_TE-0p0021_DT-7p0236280396e-06_H-27614c4053,new-data,True,,True,,reused_after_git_diff_proved_all_inputs_unchanged,0,False
P-258p098094226_VX-0p965907163653_LS-4p72561688305e-05_ST-378p378118453_M-TI64_XI-0p0002_XF-0p0014_XL-0p0012_TE-0p0021_DT-4p99439364832e-06_H-985b11a49e,new-data,True,,True,,reused_after_git_diff_proved_all_inputs_unchanged,0,False
P-260p125654688_VX-0p378472963537_LS-6p21275317791e-05_ST-359p026868384_M-TI64_XI-0p0002_XF-0p0014_XL-0p0012_TE-0p0021_DT-1p27462753427e-05_H-0602c4a780,new-data,True,,True,,reused_after_git_diff_proved_all_inputs_unchanged,0,False
P-261p886347681_VX-0p412060740992_LS-8p23359668267e-05_ST-378p690023731_M-TI64_XI-0p0002_XF-0p0014_XL-0p0012_TE-0p0021_DT-1p17073045867e-05_H-0e4c2fc094,new-data,True,,True,,reused_after_git_diff_proved_all_inputs_unchanged,0,False
P-263p723264659_VX-0p501861307944_LS-7p03164616445e-05_ST-399p080626763_M-TI64_XI-0p0002_XF-0p0014_XL-0p0012_TE-0p0021_DT-9p61245771821e-06_H-1d842653b1,new-data,True,,True,,reused_after_git_diff_proved_all_inputs_unchanged,0,False
P-264p370573209_VX-0p395776293281_LS-4p78236029631e-05_ST-378p311267492_M-TI64_XI-0p0002_XF-0p0014_XL-0p0012_TE-0p0021_DT-1p21890085003e-05_H-985b11a49e,new-data,True,,True,,reused_after_git_diff_proved_all_inputs_unchanged,0,False
P-265p432977562_VX-0p293015283246_LS-7p41925746724e-05_ST-326p902943993_M-TI64_XI-0p0002_XF-0p0014_XL-0p0012_TE-0p0021_DT-1p64637166689e-05_H-1d842653b1,new-data,True,,True,,reused_after_git_diff_proved_all_inputs_unchanged,0,False
P-267p46239641_VX-0p483361678819_LS-7p67845272617e-05_ST-366p829607628_M-TI64_XI-0p0002_XF-0p0014_XL-0p0012_TE-0p0021_DT-9p98035387249e-06_H-1d842653b1,new-data,True,,True,,reused_after_git_diff_proved_all_inputs_unchanged,0,False
P-267p660345133_VX-0p739236683111_LS-7p20061497304e-05_ST-322p433694738_M-TI64_XI-0p0002_XF-0p0014_XL-0p0012_TE-0p0021_DT-6p52581333317e-06_H-0e4c2fc094,new-data,True,,True,,reused_after_git_diff_proved_all_inputs_unchanged,0,False
P-270p660461155_VX-0p506275452772_LS-4p55363433165e-05_ST-392p157982605_M-TI64_XI-0p0002_XF-0p0014_XL-0p0012_TE-0p0021_DT-9p52864804446e-06_H-b5aba20bdc,new-data,True,,True,,reused_after_git_diff_proved_all_inputs_unchanged,0,False
P-273p06384474_VX-0p951903552318_LS-4p77154604482e-05_ST-314p535783501_M-TI64_XI-0p0002_XF-0p0014_XL-0p0012_TE-0p0021_DT-5p06786700319e-06_H-b5afaa2141,new-data,True,,True,,reused_after_git_diff_proved_all_inputs_unchanged,0,False
P-273p444240295_VX-0p704920639812_LS-6p35261824567e-05_ST-347p093922324_M-TI64_XI-0p0002_XF-0p0014_XL-0p0012_TE-0p0021_DT-6p84349461565e-06_H-1d842653b1,new-data,True,,True,,reused_after_git_diff_proved_all_inputs_unchanged,0,False
P-277p972333632_VX-0p331196372511_LS-4p5620211888e-05_ST-324p411035281_M-TI64_XI-0p0002_XF-0p0014_XL-0p0012_TE-0p0021_DT-1p4565741063e-05_H-0e4c2fc094,new-data,True,,True,,reused_after_git_diff_proved_all_inputs_unchanged,0,False
P-279p19481345_VX-0p961152667742_LS-7p84955743249e-05_ST-372p579911887_M-TI64_XI-0p0002_XF-0p0014_XL-0p0012_TE-0p0021_DT-5p01909921797e-06_H-6ea4fcc339,new-data,True,,True,,reused_after_git_diff_proved_all_inputs_unchanged,0,False
P-282p804328276_VX-0p543976889672_LS-5p22197252327e-05_ST-303p777238342_M-TI64_XI-0p0002_XF-0p0014_XL-0p0012_TE-0p0021_DT-8p8682454983e-06_H-cfd320609e,new-data,True,,True,,reused_after_git_diff_proved_all_inputs_unchanged,0,False
P-287p102038097_VX-0p362628106341_LS-6p67475186474e-05_ST-334p763632341_M-TI64_XI-0p0002_XF-0p0014_XL-0p0012_TE-0p0021_DT-1p33032175903e-05_H-c5f6eebf67,new-data,True,,True,,reused_after_git_diff_proved_all_inputs_unchanged,0,False
P-292p980726174_VX-0p558994342483_LS-6p4603431573e-05_ST-342p453415035_M-TI64_XI-0p0002_XF-0p0014_XL-0p0012_TE-0p0021_DT-8p62999897564e-06_H-0e4c2fc094,new-data,True,,True,,reused_after_git_diff_proved_all_inputs_unchanged,0,False
P-293p577290228_VX-0p952339824621_LS-7p01980103413e-05_ST-347p682708595_M-TI64_XI-0p0002_XF-0p0014_XL-0p0012_TE-0p0021_DT-5p06554538443e-06_H-1d842653b1,new-data,True,,True,,reused_after_git_diff_proved_all_inputs_unchanged,0,False
P-293p648784497_VX-0p426690912013_LS-5p33940457289e-05_ST-351p677261216_M-TI64_XI-0p0002_XF-0p0014_XL-0p0012_TE-0p0021_DT-1p13058902058e-05_H-5799d46da7,new-data,True,,True,,reused_after_git_diff_proved_all_inputs_unchanged,0,False
P-307p26373251_VX-0p980958450675_LS-7p64412572662e-05_ST-372p845922747_M-TI64_XI-0p0002_XF-0p0014_XL-0p0012_TE-0p0021_DT-4p91776241868e-06_H-0e4c2fc094,new-data,True,,True,,reused_after_git_diff_proved_all_inputs_unchanged,0,False
P-307p533441342_VX-0p76958695679_LS-6p29715413405e-05_ST-358p843506265_M-TI64_XI-0p0002_XF-0p0014_XL-0p0012_TE-0p0021_DT-6p26845421489e-06_H-0602c4a780,new-data,True,,True,,reused_after_git_diff_proved_all_inputs_unchanged,0,False
P-308p624203673_VX-0p258745269308_LS-8p46230110859e-05_ST-352p536460601_M-TI64_XI-0p0002_XF-0p0014_XL-0p0012_TE-0p0021_DT-1p86442852305e-05_H-19ea1511f8,new-data,True,,True,,reused_after_git_diff_proved_all_inputs_unchanged,0,False
P-310p791038761_VX-0p793031296086_LS-6p97064070297e-05_ST-311p244290057_M-TI64_XI-0p0002_XF-0p0014_XL-0p0012_TE-0p0021_DT-6p08314025792e-06_H-9f078c62f6,new-data,True,,True,,reused_after_git_diff_proved_all_inputs_unchanged,0,False
P-311p847977036_VX-0p831533579891_LS-6p59632228328e-05_ST-369p023839283_M-TI64_XI-0p0002_XF-0p0014_XL-0p0012_TE-0p0021_DT-5p80147419139e-06_H-0602c4a780,new-data,True,,True,,reused_after_git_diff_proved_all_inputs_unchanged,0,False
P-319p96920879_VX-0p866402209965_LS-6p35942162539e-05_ST-320p061265262_M-TI64_XI-0p0002_XF-0p0014_XL-0p0012_TE-0p0021_DT-5p56799203364e-06_H-560be51b32,new-data,True,,True,,reused_after_git_diff_proved_all_inputs_unchanged,0,False
P-323p763442528_VX-0p850556183123_LS-6p97450047543e-05_ST-350p102665969_M-TI64_XI-0p0002_XF-0p0014_XL-0p0012_TE-0p0021_DT-5p67172480635e-06_H-fe613e406c,new-data,True,,True,,reused_after_git_diff_proved_all_inputs_unchanged,0,False
P-324p489523844_VX-0p639524903021_LS-7p4699050731e-05_ST-392p096101418_M-TI64_XI-0p0002_XF-0p0014_XL-0p0012_TE-0p0021_DT-7p54328811939e-06_H-eed8ed7ef3,new-data,True,,True,,reused_after_git_diff_proved_all_inputs_unchanged,0,False
P-326p931045044_VX-0p255856443683_LS-6p48737236991e-05_ST-399p817710522_M-TI64_XI-0p0002_XF-0p0014_XL-0p0012_TE-0p0021_DT-1p88547942494e-05_H-9cf0389d20,new-data,True,,True,,reused_after_git_diff_proved_all_inputs_unchanged,0,False
P-328p176471421_VX-0p746856862244_LS-5p78341655667e-05_ST-308p284457774_M-TI64_XI-0p0002_XF-0p0014_XL-0p0012_TE-0p0021_DT-6p45923047225e-06_H-354781c6a2,new-data,True,,True,,reused_after_git_diff_proved_all_inputs_unchanged,0,False
P-335p17845091_VX-0p53366627312_LS-7p35439468085e-05_ST-327p916348879_M-TI64_XI-0p0002_XF-0p0014_XL-0p0012_TE-0p0021_DT-9p03958306155e-06_H-1d842653b1,new-data,True,,True,,reused_after_git_diff_proved_all_inputs_unchanged,0,False
P-336p384535968_VX-0p857000372961_LS-5p14827567032e-05_ST-367p720955238_M-TI64_XI-0p0002_XF-0p0014_XL-0p0012_TE-0p0021_DT-5p62907643359e-06_H-1d842653b1,new-data,True,,True,,reused_after_git_diff_proved_all_inputs_unchanged,0,False
P-339p704237738_VX-0p701398887747_LS-5p24684299583e-05_ST-300p218383071_M-TI64_XI-0p0002_XF-0p0014_XL-0p0012_TE-0p0021_DT-6p87785607775e-06_H-1d842653b1,new-data,True,,True,,reused_after_git_diff_proved_all_inputs_unchanged,0,False
P-340p203296502_VX-0p374609743194_LS-5p54750053524e-05_ST-307p813155606_M-TI64_XI-0p0002_XF-0p0014_XL-0p0012_TE-0p0021_DT-1p28777232591e-05_H-22f5435fc5,new-data,True,,True,,reused_after_git_diff_proved_all_inputs_unchanged,0,False
P-341p923576441_VX-0p300981342968_LS-7p54559898543e-05_ST-360p882535069_M-TI64_XI-0p0002_XF-0p0014_XL-0p0012_TE-0p0021_DT-1p60279722173e-05_H-1d842653b1,new-data,True,,True,,reused_after_git_diff_proved_all_inputs_unchanged,0,False
P-342p674555398_VX-0p462731136977_LS-5p8783513777e-05_ST-328p309527448_M-TI64_XI-0p0002_XF-0p0014_XL-0p0012_TE-0p0021_DT-1p04253209208e-05_H-add9572a86,new-data,True,,True,,reused_after_git_diff_proved_all_inputs_unchanged,0,False
P-347p783460623_VX-0p850325890926_LS-5p3362114496e-05_ST-354p131736173_M-TI64_XI-0p0002_XF-0p0014_XL-0p0012_TE-0p0021_DT-5p67326086915e-06_H-d1ce08951f,new-data,True,,True,,reused_after_git_diff_proved_all_inputs_unchanged,0,False
P-348p497115387_VX-0p94790268949_LS-7p31988762132e-05_ST-305p038657876_M-TI64_XI-0p0002_XF-0p0014_XL-0p0012_TE-0p0021_DT-5p08925721649e-06_H-1d842653b1,new-data,True,,True,,reused_after_git_diff_proved_all_inputs_unchanged,0,False
P-352p513614722_VX-0p929202686833_LS-7p33895545023e-05_ST-314p010655484_M-TI64_XI-0p0002_XF-0p0014_XL-0p0012_TE-0p0021_DT-5p19167741481e-06_H-1553ff852f,new-data,True,,True,,reused_after_git_diff_proved_all_inputs_unchanged,0,False
P-353p971838789_VX-0p831374608218_LS-4p0859447809e-05_ST-397p346534493_M-TI64_XI-0p0002_XF-0p0014_XL-0p0012_TE-0p0021_DT-5p80258352291e-06_H-eac21b41c2,new-data,True,,True,,reused_after_git_diff_proved_all_inputs_unchanged,0,False
P-354p619445985_VX-0p364015239092_LS-5p30095356481e-05_ST-318p142674345_M-TI64_XI-0p0002_XF-0p0014_XL-0p0012_TE-0p0021_DT-1p32525237544e-05_H-1553ff852f,new-data,True,,True,,reused_after_git_diff_proved_all_inputs_unchanged,0,False
P-355p313197397_VX-0p977425276438_LS-4p00293473664e-05_ST-317p253821106_M-TI64_XI-0p0002_XF-0p0014_XL-0p0012_TE-0p0021_DT-4p9355390323e-06_H-4dbd940f3b,new-data,True,,True,,reused_after_git_diff_proved_all_inputs_unchanged,0,False
P-358p08766286_VX-0p398145183006_LS-4p39068251559e-05_ST-301p093308231_M-TI64_XI-0p0002_XF-0p0014_XL-0p0012_TE-0p0021_DT-1p21164861687e-05_H-3d091b92d3,new-data,True,,True,,reused_after_git_diff_proved_all_inputs_unchanged,0,False
P-360p567405001_VX-0p20359066256_LS-4p0817768449e-05_ST-337p353350673_M-TI64_XI-0p0002_XF-0p0014_XL-0p0012_TE-0p0021_DT-2p36951957538e-05_H-a3855470b8,new-data,True,,True,,reused_after_git_diff_proved_all_inputs_unchanged,0,False
P-363p673556898_VX-0p448546579177_LS-4p04529881073e-05_ST-391p93586396_M-TI64_XI-0p0002_XF-0p0014_XL-0p0012_TE-0p0021_DT-1p07550047798e-05_H-f55fc58583,new-data,True,,True,,reused_after_git_diff_proved_all_inputs_unchanged,0,False
P-364p483174853_VX-0p95103094401_LS-4p26115279421e-05_ST-393p929813999_M-TI64_XI-0p0002_XF-0p0014_XL-0p0012_TE-0p0021_DT-5p07251697056e-06_H-1ef68d8f61,new-data,True,,True,,reused_after_git_diff_proved_all_inputs_unchanged,0,False
P-367p938083726_VX-0p695829187084_LS-4p35800266683e-05_ST-364p389584597_M-TI64_XI-0p0002_XF-0p0014_XL-0p0012_TE-0p0021_DT-6p93290924348e-06_H-c87ffcf9e3,new-data,True,,True,,reused_after_git_diff_proved_all_inputs_unchanged,0,False
P-369p066732517_VX-0p471239257303_LS-5p48020687799e-05_ST-388p757421411_M-TI64_XI-0p0002_XF-0p0014_XL-0p0012_TE-0p0021_DT-1p02370940626e-05_H-1553ff852f,new-data,True,,True,,reused_after_git_diff_proved_all_inputs_unchanged,0,False
P-370p938359136_VX-0p662619902131_LS-4p40125404953e-05_ST-395p513826563_M-TI64_XI-0p0002_XF-0p0014_XL-0p0012_TE-0p0021_DT-7p28037384253e-06_H-3273b99318,new-data,True,,True,,reused_after_git_diff_proved_all_inputs_unchanged,0,False
P-372p630059968_VX-0p727703112845_LS-4p39975555357e-05_ST-362p949632289_M-TI64_XI-0p0002_XF-0p0014_XL-0p0012_TE-0p0021_DT-6p62924277478e-06_H-54d2aec398,new-data,True,,True,,reused_after_git_diff_proved_all_inputs_unchanged,0,False
P-373p935133861_VX-0p314504521571_LS-4p29297292387e-05_ST-349p298273812_M-TI64_XI-0p0002_XF-0p0014_XL-0p0012_TE-0p0021_DT-1p53387956997e-05_H-c87ffcf9e3,new-data,True,,True,,reused_after_git_diff_proved_all_inputs_unchanged,0,False
P-374p135097027_VX-0p852003077267_LS-4p24872306812e-05_ST-324p485874926_M-TI64_XI-0p0002_XF-0p0014_XL-0p0012_TE-0p0021_DT-5p66209293338e-06_H-c87ffcf9e3,new-data,True,,True,,reused_after_git_diff_proved_all_inputs_unchanged,0,False
P-375p190327887_VX-0p471971299611_LS-7p58652830639e-05_ST-330p289975384_M-TI64_XI-0p0002_XF-0p0014_XL-0p0012_TE-0p0021_DT-1p02212160082e-05_H-1553ff852f,new-data,True,,True,,reused_after_git_diff_proved_all_inputs_unchanged,0,False
P-377p008330657_VX-0p791215989527_LS-4p31405408456e-05_ST-371p11107289_M-TI64_XI-0p0002_XF-0p0014_XL-0p0012_TE-0p0021_DT-6p09709695819e-06_H-3d091b92d3,new-data,True,,True,,reused_after_git_diff_proved_all_inputs_unchanged,0,False
P-377p125910628_VX-0p77115452106_LS-4p31707402483e-05_ST-313p190582012_M-TI64_XI-0p0002_XF-0p0014_XL-0p0012_TE-0p0021_DT-6p25571201526e-06_H-8b3ff695c9,new-data,True,,True,,reused_after_git_diff_proved_all_inputs_unchanged,0,False
P-378p283018896_VX-0p735158781064_LS-4p42419225112e-05_ST-367p022862863_M-TI64_XI-0p0002_XF-0p0014_XL-0p0012_TE-0p0021_DT-6p56201180925e-06_H-36d24309a8,new-data,True,,True,,reused_after_git_diff_proved_all_inputs_unchanged,0,False
P-378p699667122_VX-0p273966982762_LS-4p19552514454e-05_ST-349p537322979_M-TI64_XI-0p0002_XF-0p0014_XL-0p0012_TE-0p0021_DT-1p76084014007e-05_H-c87ffcf9e3,new-data,True,,True,,reused_after_git_diff_proved_all_inputs_unchanged,0,False
P-378p895448518_VX-0p547210222693_LS-4p25171421559e-05_ST-392p752580943_M-TI64_XI-0p0002_XF-0p0014_XL-0p0012_TE-0p0021_DT-8p81584517788e-06_H-dc75daed1b,new-data,True,,True,,reused_after_git_diff_proved_all_inputs_unchanged,0,False
P-379p421209359_VX-0p229921993373_LS-5p57538994548e-05_ST-334p989783011_M-TI64_XI-0p0002_XF-0p0014_XL-0p0012_TE-0p0021_DT-2p09815534923e-05_H-1553ff852f,new-data,True,,True,,reused_after_git_diff_proved_all_inputs_unchanged,0,False
P-383p924442814_VX-0p598551929363_LS-4p34843261877e-05_ST-301p171019532_M-TI64_XI-0p0002_XF-0p0014_XL-0p0012_TE-0p0021_DT-8p05965258211e-06_H-82800d7335,new-data,True,,True,,reused_after_git_diff_proved_all_inputs_unchanged,0,False
P-385p522203_VX-0p931994182449_LS-4p05647861864e-05_ST-365p262393292_M-TI64_XI-0p0002_XF-0p0014_XL-0p0012_TE-0p0021_DT-5p17612737704e-06_H-3a5de7627d,new-data,True,,True,,reused_after_git_diff_proved_all_inputs_unchanged,0,False
P-385p792960663_VX-0p466570238049_LS-4p25767555058e-05_ST-363p826454642_M-TI64_XI-0p0002_XF-0p0014_XL-0p0012_TE-0p0021_DT-1p03395377793e-05_H-3d091b92d3,new-data,True,,True,,reused_after_git_diff_proved_all_inputs_unchanged,0,False
P-387p363679816_VX-0p298546823055_LS-4p09005526538e-05_ST-395p436254411_M-TI64_XI-0p0002_XF-0p0014_XL-0p0012_TE-0p0021_DT-1p61586733821e-05_H-c87ffcf9e3,new-data,True,,True,,reused_after_git_diff_proved_all_inputs_unchanged,0,False
P-389p770210211_VX-0p908238681403_LS-4p3221586392e-05_ST-323p581279452_M-TI64_XI-0p0002_XF-0p0014_XL-0p0012_TE-0p0021_DT-5p31151194261e-06_H-8b3ff695c9,new-data,True,,True,,reused_after_git_diff_proved_all_inputs_unchanged,0,False
P-391p91054261_VX-0p798138981731_LS-4p10405950637e-05_ST-398p591592241_M-TI64_XI-0p0002_XF-0p0014_XL-0p0012_TE-0p0021_DT-6p04421123819e-06_H-eac21b41c2,new-data,True,,True,,reused_after_git_diff_proved_all_inputs_unchanged,0,False
P-394p301389958_VX-0p965504599187_LS-4p1845661123e-05_ST-386p588977515_M-TI64_XI-0p0002_XF-0p0014_XL-0p0012_TE-0p0021_DT-4p99647604691e-06_H-aae9cbe76f,new-data,True,,True,,reused_after_git_diff_proved_all_inputs_unchanged,0,False
P-399p256835613_VX-0p656366203199_LS-4p10009761764e-05_ST-341p515144691_M-TI64_XI-0p0002_XF-0p0014_XL-0p0012_TE-0p0021_DT-7p34973948918e-06_H-3c3f1974a9,new-data,True,,True,,reused_after_git_diff_proved_all_inputs_unchanged,0,False
P-400p342090514_VX-0p84724542505_LS-4p08786684736e-05_ST-395p5494372_M-TI64_XI-0p0002_XF-0p0014_XL-0p0012_TE-0p0021_DT-5p69388805225e-06_H-39de960155,new-data,True,,True,,reused_after_git_diff_proved_all_inputs_unchanged,0,False
P-404p674556304_VX-0p544519129004_LS-4p43635630435e-05_ST-368p185027338_M-TI64_XI-0p0002_XF-0p0014_XL-0p0012_TE-0p0021_DT-8p85941438245e-06_H-4d45e0bf17,new-data,True,,True,,reused_after_git_diff_proved_all_inputs_unchanged,0,False
P-406p350963493_VX-0p484226878203_LS-4p36170368492e-05_ST-370p554621114_M-TI64_XI-0p0002_XF-0p0014_XL-0p0012_TE-0p0021_DT-9p96252133074e-06_H-778de5c076,new-data,True,,True,,reused_after_git_diff_proved_all_inputs_unchanged,0,False
P-408p574656479_VX-0p243547442248_LS-8p65536608509e-05_ST-318p028622224_M-TI64_XI-0p0002_XF-0p0014_XL-0p0012_TE-0p0021_DT-1p98077243534e-05_H-1553ff852f,new-data,True,,True,,reused_after_git_diff_proved_all_inputs_unchanged,0,False
P-409p380479822_VX-0p571506017722_LS-4p19025576691e-05_ST-383p379922389_M-TI64_XI-0p0002_XF-0p0014_XL-0p0012_TE-0p0021_DT-8p44106702891e-06_H-86665dad6a,new-data,True,,True,,reused_after_git_diff_proved_all_inputs_unchanged,0,False
P-413p007329362_VX-0p214914258115_LS-4p25156575745e-05_ST-342p625619244_M-TI64_XI-0p0002_XF-0p0014_XL-0p0012_TE-0p0021_DT-2p24467219873e-05_H-c87ffcf9e3,new-data,True,,True,,reused_after_git_diff_proved_all_inputs_unchanged,0,False
P-413p458184039_VX-0p35207482727_LS-4p49853708666e-05_ST-303p358380963_M-TI64_XI-0p0002_XF-0p0014_XL-0p0012_TE-0p0021_DT-1p37019753455e-05_H-ff013f97fe,new-data,True,,True,,reused_after_git_diff_proved_all_inputs_unchanged,0,False
P-420p548248194_VX-0p890019823061_LS-4p2728397196e-05_ST-342p58191385_M-TI64_XI-0p0002_XF-0p0014_XL-0p0012_TE-0p0021_DT-5p42023950256e-06_H-39de960155,new-data,True,,True,,reused_after_git_diff_proved_all_inputs_unchanged,0,False
P-422p617573631_VX-0p52186874631_LS-4p33544604908e-05_ST-334p849986924_M-TI64_XI-0p0002_XF-0p0014_XL-0p0012_TE-0p0021_DT-9p24393468113e-06_H-eac21b41c2,new-data,True,,True,,reused_after_git_diff_proved_all_inputs_unchanged,0,False
P-423p354289604_VX-0p98992750487_LS-4p35270321082e-05_ST-379p923005206_M-TI64_XI-0p0002_XF-0p0014_XL-0p0012_TE-0p0021_DT-4p87320594618e-06_H-4d45e0bf17,new-data,True,,True,,reused_after_git_diff_proved_all_inputs_unchanged,0,False
P-426p513929333_VX-0p671876042338_LS-4p21074124626e-05_ST-335p829973615_M-TI64_XI-0p0002_XF-0p0014_XL-0p0012_TE-0p0021_DT-7p18007533983e-06_H-ff013f97fe,new-data,True,,True,,reused_after_git_diff_proved_all_inputs_unchanged,0,False
P-429p223744451_VX-0p993777087019_LS-4p49939505126e-05_ST-337p477091824_M-TI64_XI-0p0002_XF-0p0014_XL-0p0012_TE-0p0021_DT-4p8543286679e-06_H-c87ffcf9e3,new-data,True,,True,,reused_after_git_diff_proved_all_inputs_unchanged,0,False
P-433p517899565_VX-0p4209966739_LS-4p21798941345e-05_ST-396p810205947_M-TI64_XI-0p0002_XF-0p0014_XL-0p0012_TE-0p0021_DT-1p1458809302e-05_H-204261a8b1,new-data,True,,True,,reused_after_git_diff_proved_all_inputs_unchanged,0,False
P-435p358668153_VX-0p616312825798_LS-4p12302442682e-05_ST-330p720611029_M-TI64_XI-0p0002_XF-0p0014_XL-0p0012_TE-0p0021_DT-7p82738960003e-06_H-4dbd940f3b,new-data,True,,True,,reused_after_git_diff_proved_all_inputs_unchanged,0,False
P-438p134561959_VX-0p25154969533_LS-4p05773405909e-05_ST-340p985774893_M-TI64_XI-0p0002_XF-0p0014_XL-0p0012_TE-0p0021_DT-1p91776046347e-05_H-dfeedce527,new-data,True,,True,,reused_after_git_diff_proved_all_inputs_unchanged,0,False
P-440p884222701_VX-0p405879510898_LS-4p4918885946e-05_ST-386p365641032_M-TI64_XI-0p0002_XF-0p0014_XL-0p0012_TE-0p0021_DT-1p18855977537e-05_H-410a3c6302,new-data,True,,True,,reused_after_git_diff_proved_all_inputs_unchanged,0,False
P-441p843471056_VX-0p982124766198_LS-4p09875344609e-05_ST-327p495507906_M-TI64_XI-0p0002_XF-0p0014_XL-0p0012_TE-0p0021_DT-4p91192236368e-06_H-f55fc58583,new-data,True,,True,,reused_after_git_diff_proved_all_inputs_unchanged,0,False
P-445p244311553_VX-0p680564934933_LS-4p06442633709e-05_ST-341p721757622_M-TI64_XI-0p0002_XF-0p0014_XL-0p0012_TE-0p0021_DT-7p0884060512e-06_H-c87ffcf9e3,new-data,True,,True,,reused_after_git_diff_proved_all_inputs_unchanged,0,False
P-446p579563616_VX-0p74347743801_LS-4p27116473193e-05_ST-393p115972114_M-TI64_XI-0p0002_XF-0p0014_XL-0p0012_TE-0p0021_DT-6p48859044859e-06_H-4a563c0a8f,new-data,True,,True,,reused_after_git_diff_proved_all_inputs_unchanged,0,False
P-446p862811862_VX-0p39827443832_LS-4p33402817419e-05_ST-361p067570798_M-TI64_XI-0p0002_XF-0p0014_XL-0p0012_TE-0p0021_DT-1p21125539047e-05_H-4b0ba6b8ba,new-data,True,,True,,reused_after_git_diff_proved_all_inputs_unchanged,0,False
P-447p413798058_VX-0p91078629156_LS-5p3177056457e-05_ST-328p907838563_M-TI64_XI-0p0002_XF-0p0014_XL-0p0012_TE-0p0021_DT-5p29665482201e-06_H-1553ff852f,new-data,True,,True,,reused_after_git_diff_proved_all_inputs_unchanged,0,False
P-449p184068185_VX-0p980953819102_LS-4p30284180995e-05_ST-381p816740361_M-TI64_XI-0p0002_XF-0p0014_XL-0p0012_TE-0p0021_DT-4p91778563789e-06_H-c87ffcf9e3,new-data,True,,True,,reused_after_git_diff_proved_all_inputs_unchanged,0,False
P-449p762375807_VX-0p721910835583_LS-4p02949716673e-05_ST-312p266645761_M-TI64_XI-0p0002_XF-0p0014_XL-0p0012_TE-0p0021_DT-6p68243273994e-06_H-c87ffcf9e3,new-data,True,,True,,reused_after_git_diff_proved_all_inputs_unchanged,0,False
P-101p127472137_VX-0p52394730996_LS-4p5e-05_ST-300_M-TI64_XI--0p0002_XF-0p0012_XL-0p0014_TE-0p00125_DT-3p56864695376e-06_H-b0e5aed98c,old-data-local,True,,True,,reused_after_git_diff_proved_all_inputs_unchanged,0,False
P-104p101541641_VX-0p916529700054_LS-8p82882842693e-05_ST-394p968412652_M-TI64_XI-0p0002_XF-0p0014_XL-0p0012_TE-0p0021_DT-5p2634634783e-06_H-6014a1f9c3,old-data-local,True,,True,,reused_after_git_diff_proved_all_inputs_unchanged,0,False
P-105p276295276_VX-0p639039009111_LS-7p6636834293e-05_ST-367p44858305_M-TI64_XI-0p0002_XF-0p0014_XL-0p0012_TE-0p00125_DT-1p00822530836e-05_H-bf889bf790,old-data-local,True,,True,,reused_after_git_diff_proved_all_inputs_unchanged,0,False
P-107p176159755_VX-0p320752066655_LS-8p75302281584e-05_ST-393p859643937_M-TI64_XI-0p0002_XF-0p0014_XL-0p0012_TE-0p0021_DT-1p50400296819e-05_H-8daf8adcd4,old-data-local,False,missing kinetic-energy_melt.dat; missing time.dat,True,,reextracted_from_current_verified_monitor_bundle,2,True
P-109p759946449_VX-0p241926176876_LS-4p5e-05_ST-300_M-TI64_XI--0p0002_XF-0p0012_XL-0p0014_TE-0p00125_DT-7p72873359867e-06_H-fb250c7cf9,old-data-local,True,,True,,reused_after_git_diff_proved_all_inputs_unchanged,0,False
P-110p234671953_VX-0p866589137882_LS-8p08580037422e-05_ST-348p980680204_M-TI64_XI-0p0002_XF-0p0014_XL-0p0012_TE-0p0021_DT-5p56679098795e-06_H-6705b84f8a,old-data-local,False,missing kinetic-energy_melt.dat; missing time.dat,True,,reextracted_from_current_verified_monitor_bundle,2,True
P-110p642328299_VX-0p274154737479_LS-7p4676600105e-05_ST-358p612942181_M-TI64_XI-0p0002_XF-0p0014_XL-0p0012_TE-0p0021_DT-1p7596342297e-05_H-b40dbd8ddd,old-data-local,True,,True,,reused_after_git_diff_proved_all_inputs_unchanged,0,False
P-112p428225508_VX-0p704865651228_LS-6p30987392704e-05_ST-309p241492678_M-TI64_XI-0p0002_XF-0p0014_XL-0p0012_TE-0p0021_DT-6p84402849623e-06_H-30d8d23b36,old-data-local,False,missing kinetic-energy_melt.dat; missing time.dat,True,,reextracted_from_current_verified_monitor_bundle,2,True
P-112p904894498_VX-0p537693260466_LS-4p63068354409e-05_ST-322p169166627_M-TI64_XI-0p0002_XF-0p0014_XL-0p0012_TE-0p00125_DT-1p19825809506e-05_H-bf889bf790,old-data-local,False,missing kinetic-energy_melt.dat; missing time.dat,True,,reextracted_from_current_verified_monitor_bundle,2,True
P-113p286681534_VX-0p56768277259_LS-5p80401726566e-05_ST-302p148970527_M-TI64_XI-0p0002_XF-0p0014_XL-0p0012_TE-0p00125_DT-1p13495658689e-05_H-bf889bf790,old-data-local,True,,True,,reused_after_git_diff_proved_all_inputs_unchanged,0,False
P-114p820217584_VX-0p948189613582_LS-6p03705790634e-05_ST-353p560035146_M-TI64_XI-0p0002_XF-0p0014_XL-0p0012_TE-0p0021_DT-5p08771719698e-06_H-d4c4d1b9c0,old-data-local,False,missing kinetic-energy_melt.dat; missing time.dat,True,,reextracted_from_current_verified_monitor_bundle,2,True
P-115p281467344_VX-0p424433079834_LS-5p4086019252e-05_ST-352p652659088_M-TI64_XI-0p0002_XF-0p0014_XL-0p0012_TE-0p0021_DT-1p13660334979e-05_H-d616b14147,old-data-local,True,,True,,reused_after_git_diff_proved_all_inputs_unchanged,0,False
P-116p440418649_VX-0p621036488786_LS-7p33150072515e-05_ST-327p034160515_M-TI64_XI-0p0002_XF-0p0014_XL-0p0012_TE-0p0021_DT-7p76785372538e-06_H-3f4a2df486,old-data-local,True,,True,,reused_after_git_diff_proved_all_inputs_unchanged,0,False
P-116p693370328_VX-0p231004403842_LS-8p2871053211e-05_ST-317p198938228_M-TI64_XI-0p0002_XF-0p0014_XL-0p0012_TE-0p0021_DT-2p08832408507e-05_H-d147d48e9f,old-data-local,False,missing kinetic-energy_melt.dat; missing time.dat,True,,reextracted_from_current_verified_monitor_bundle,2,True
P-118p4900546_VX-0p535113778256_LS-4p79907961621e-05_ST-385p412174328_M-TI64_XI-0p0002_XF-0p0014_XL-0p0012_TE-0p0021_DT-9p01513061154e-06_H-dd169576f0,old-data-local,True,,True,,reused_after_git_diff_proved_all_inputs_unchanged,0,False
P-119p65849417_VX-0p305673131798_LS-5p10692886867e-05_ST-393p327897391_M-TI64_XI-0p0002_XF-0p0014_XL-0p0012_TE-0p0021_DT-1p57819582462e-05_H-cb2618ba4f,old-data-local,False,missing kinetic-energy_melt.dat; missing time.dat,True,,reextracted_from_current_verified_monitor_bundle,2,True
P-122p148440758_VX-0p768953415756_LS-4p5e-05_ST-300_M-TI64_XI--0p0002_XF-0p0012_XL-0p0014_TE-0p00125_DT-2p43159459768e-06_H-306f9d252b,old-data-local,False,missing kinetic-energy_melt.dat; missing time.dat,True,,reextracted_from_current_verified_monitor_bundle,2,True
P-122p399838052_VX-0p958262341264_LS-8p77032416896e-05_ST-376p830559352_M-TI64_XI-0p0002_XF-0p0014_XL-0p0012_TE-0p0021_DT-5p03423790676e-06_H-79d0c72bd8,old-data-local,True,,True,,reused_after_git_diff_proved_all_inputs_unchanged,0,False
P-123p578555013_VX-0p413960648538_LS-5p40122226787e-05_ST-380p745973079_M-TI64_XI-0p0002_XF-0p0014_XL-0p0012_TE-0p0021_DT-1p16535729182e-05_H-f404b6f8f4,old-data-local,True,,True,,reused_after_git_diff_proved_all_inputs_unchanged,0,False
P-124p939831153_VX-0p895565001264_LS-4p79284796095e-05_ST-395p904294171_M-TI64_XI-0p0002_XF-0p0014_XL-0p0012_TE-0p0021_DT-5p38667834965e-06_H-cf6d926251,old-data-local,True,,True,,reused_after_git_diff_proved_all_inputs_unchanged,0,False
P-126p228008246_VX-0p201684842681_LS-4p5e-05_ST-300_M-TI64_XI--0p0002_XF-0p0012_XL-0p0014_TE-0p00125_DT-9p27081552964e-06_H-306f9d252b,old-data-local,False,missing kinetic-energy_melt.dat; missing time.dat,True,,reextracted_from_current_verified_monitor_bundle,2,True
P-126p429096271_VX-0p381791494837_LS-8p54596605095e-05_ST-336p470624887_M-TI64_XI-0p0002_XF-0p0014_XL-0p0012_TE-0p0021_DT-1p26354847299e-05_H-bf3689621a,old-data-local,True,,True,,reused_after_git_diff_proved_all_inputs_unchanged,0,False
P-129p840936159_VX-0p750604494449_LS-8p84568803437e-05_ST-319p185657099_M-TI64_XI-0p0002_XF-0p0014_XL-0p0012_TE-0p0021_DT-6p42698070514e-06_H-f575443233,old-data-local,True,,True,,reused_after_git_diff_proved_all_inputs_unchanged,0,False
P-133p003569327_VX-0p736244453131_LS-4p5e-05_ST-300_M-TI64_XI--0p0002_XF-0p0012_XL-0p0014_TE-0p00125_DT-2p53962249042e-06_H-306f9d252b,old-data-local,False,missing kinetic-energy_melt.dat; missing time.dat,True,,reextracted_from_current_verified_monitor_bundle,2,True
P-133p058435031_VX-0p81650327798_LS-4p78587303962e-05_ST-362p382821566_M-TI64_XI-0p0002_XF-0p0014_XL-0p0012_TE-0p0021_DT-5p90826850683e-06_H-dd169576f0,old-data-local,True,,True,,reused_after_git_diff_proved_all_inputs_unchanged,0,False
P-133p757797566_VX-0p645163458122_LS-4p5e-05_ST-300_M-TI64_XI--0p0002_XF-0p0012_XL-0p0014_TE-0p00125_DT-2p89815386795e-06_H-306f9d252b,old-data-local,True,,True,,reused_after_git_diff_proved_all_inputs_unchanged,0,False
P-134p442185153_VX-0p806363522352_LS-4p5e-05_ST-300_M-TI64_XI--0p0002_XF-0p0012_XL-0p0014_TE-0p00125_DT-2p3187841709e-06_H-b0e5aed98c,old-data-local,True,,True,,reused_after_git_diff_proved_all_inputs_unchanged,0,False
P-135p171981101_VX-0p652238458987_LS-5p89001447273e-05_ST-362p997098414_M-TI64_XI-0p0002_XF-0p0014_XL-0p0012_TE-0p0021_DT-7p39625291417e-06_H-01d46950f6,old-data-local,False,missing kinetic-energy_melt.dat; missing time.dat,True,,reextracted_from_current_verified_monitor_bundle,2,True
P-135p208661893_VX-0p295797438033_LS-4p5e-05_ST-300_M-TI64_XI--0p0002_XF-0p0012_XL-0p0014_TE-0p00125_DT-6p32116012922e-06_H-fb250c7cf9,old-data-local,True,,True,,reused_after_git_diff_proved_all_inputs_unchanged,0,False
P-136p115095044_VX-0p8200930762_LS-6p39666133344e-05_ST-362p502989524_M-TI64_XI-0p0002_XF-0p0014_XL-0p0012_TE-0p0021_DT-5p88240620853e-06_H-f575443233,old-data-local,True,,True,,reused_after_git_diff_proved_all_inputs_unchanged,0,False
P-136p984349172_VX-0p357723834949_LS-5p17808569448e-05_ST-373p061688931_M-TI64_XI-0p0002_XF-0p0014_XL-0p0012_TE-0p0021_DT-1p34856001521e-05_H-270d04032e,old-data-local,True,,True,,reused_after_git_diff_proved_all_inputs_unchanged,0,False
P-137p340072051_VX-0p708357837186_LS-8p48461574474e-05_ST-331p337392673_M-TI64_XI-0p0002_XF-0p0014_XL-0p0012_TE-0p0021_DT-6p81028761138e-06_H-701e6757d1,old-data-local,True,,True,,reused_after_git_diff_proved_all_inputs_unchanged,0,False
P-137p601432421_VX-0p461948695475_LS-6p48780591522e-05_ST-397p490087405_M-TI64_XI-0p0002_XF-0p0014_XL-0p0012_TE-0p0021_DT-1p04429791669e-05_H-ef2aaf59fd,old-data-local,True,,True,,reused_after_git_diff_proved_all_inputs_unchanged,0,False
P-138p247900083_VX-0p876957934743_LS-4p5e-05_ST-300_M-TI64_XI--0p0002_XF-0p0012_XL-0p0014_TE-0p00125_DT-2p13212389961e-06_H-306f9d252b,old-data-local,False,missing kinetic-energy_melt.dat; missing time.dat,True,,reextracted_from_current_verified_monitor_bundle,2,True
P-139p278080234_VX-0p813607985113_LS-8p25985701782e-05_ST-356p830860854_M-TI64_XI-0p0002_XF-0p0014_XL-0p0012_TE-0p0021_DT-5p9292935803e-06_H-6014a1f9c3,old-data-local,False,missing kinetic-energy_melt.dat; missing time.dat,True,,reextracted_from_current_verified_monitor_bundle,2,True
P-140p119887795_VX-0p222892199661_LS-4p5e-05_ST-300_M-TI64_XI--0p0002_XF-0p0012_XL-0p0014_TE-0p00125_DT-8p38873219639e-06_H-fb250c7cf9,old-data-local,True,,True,,reused_after_git_diff_proved_all_inputs_unchanged,0,False
P-140p320645521_VX-0p612281673664_LS-8p56006119926e-05_ST-348p910931315_M-TI64_XI-0p0002_XF-0p0014_XL-0p0012_TE-0p0021_DT-7p87892372174e-06_H-dd169576f0,old-data-local,True,,True,,reused_after_git_diff_proved_all_inputs_unchanged,0,False
P-140p539865228_VX-0p255658736827_LS-4p5e-05_ST-300_M-TI64_XI--0p0002_XF-0p0012_XL-0p0014_TE-0p00125_DT-7p31358918074e-06_H-fb250c7cf9,old-data-local,False,missing kinetic-energy_melt.dat; missing time.dat,True,,reextracted_from_current_verified_monitor_bundle,2,True
P-140p573028588_VX-0p551169304036_LS-6p78791919712e-05_ST-377p8442615_M-TI64_XI-0p0002_XF-0p0014_XL-0p0012_TE-0p00125_DT-1p16896078445e-05_H-bf889bf790,old-data-local,False,missing kinetic-energy_melt.dat; missing time.dat,True,,reextracted_from_current_verified_monitor_bundle,2,True
P-140p974625597_VX-0p98622838083_LS-4p5e-05_ST-300_M-TI64_XI--0p0002_XF-0p0012_XL-0p0014_TE-0p00125_DT-1p89589248085e-06_H-b0e5aed98c,old-data-local,True,,True,,reused_after_git_diff_proved_all_inputs_unchanged,0,False
P-143p879945116_VX-0p336279357485_LS-6p76007351295e-05_ST-398p207663754_M-TI64_XI-0p0002_XF-0p0014_XL-0p0012_TE-0p00125_DT-1p91595257833e-05_H-bf889bf790,old-data-local,True,,True,,reused_after_git_diff_proved_all_inputs_unchanged,0,False
P-143p909481867_VX-0p917293492006_LS-5p50242100517e-05_ST-352p206869428_M-TI64_XI-0p0002_XF-0p0014_XL-0p0012_TE-0p0021_DT-5p25908081225e-06_H-cf6d926251,old-data-local,True,,True,,reused_after_git_diff_proved_all_inputs_unchanged,0,False
P-144p684844876_VX-0p221020126644_LS-8p32765690701e-05_ST-337p418493583_M-TI64_XI-0p0002_XF-0p0014_XL-0p0012_TE-0p0021_DT-2p18266122469e-05_H-73ae961aa0,old-data-local,True,,True,,reused_after_git_diff_proved_all_inputs_unchanged,0,False
P-144p999955433_VX-0p569412101686_LS-7p52189895652e-05_ST-349p795043891_M-TI64_XI-0p0002_XF-0p0014_XL-0p0012_TE-0p0021_DT-8p47210761544e-06_H-24e0a43587,old-data-local,True,,True,,reused_after_git_diff_proved_all_inputs_unchanged,0,False
P-145p249113956_VX-0p501139719932_LS-7p51242767898e-05_ST-325p186450026_M-TI64_XI-0p0002_XF-0p0014_XL-0p0012_TE-0p0021_DT-9p62629863717e-06_H-30d8d23b36,old-data-local,False,missing kinetic-energy_melt.dat; missing time.dat,True,,reextracted_from_current_verified_monitor_bundle,2,True
P-145p536707456_VX-0p311971481812_LS-7p55813970315e-05_ST-356p422554756_M-TI64_XI-0p0002_XF-0p0014_XL-0p0012_TE-0p0021_DT-1p54633384276e-05_H-f404b6f8f4,old-data-local,True,,True,,reused_after_git_diff_proved_all_inputs_unchanged,0,False
P-146p427721311_VX-0p978546391515_LS-4p61745657385e-05_ST-377p807319924_M-TI64_XI-0p0002_XF-0p0014_XL-0p0012_TE-0p0021_DT-4p92988441309e-06_H-c321cc4e90,old-data-local,True,,True,,reused_after_git_diff_proved_all_inputs_unchanged,0,False
P-149p217972816_VX-0p206404715799_LS-4p87379527164e-05_ST-365p118947745_M-TI64_XI-0p0002_XF-0p0014_XL-0p0012_TE-0p0021_DT-2p33721433367e-05_H-b40dbd8ddd,old-data-local,True,,True,,reused_after_git_diff_proved_all_inputs_unchanged,0,False
P-149p254341218_VX-0p887957223036_LS-4p5e-05_ST-300_M-TI64_XI--0p0002_XF-0p0012_XL-0p0014_TE-0p00125_DT-2p10571289147e-06_H-306f9d252b,old-data-local,True,,True,,reused_after_git_diff_proved_all_inputs_unchanged,0,False
P-149p73987868_VX-0p504680707931_LS-6p9723584777e-05_ST-320p536129041_M-TI64_XI-0p0002_XF-0p0014_XL-0p0012_TE-0p0021_DT-9p55875770008e-06_H-95ed9fb76f,old-data-local,True,,True,,reused_after_git_diff_proved_all_inputs_unchanged,0,False
P-149p779509657_VX-0p251536582152_LS-4p84927831067e-05_ST-381p35096431_M-TI64_XI-0p0002_XF-0p0014_XL-0p0012_TE-0p0021_DT-1p91786044071e-05_H-6af407d4ba,old-data-local,True,,True,,reused_after_git_diff_proved_all_inputs_unchanged,0,False
P-150p924001842_VX-0p859014749555_LS-8p54585725094e-05_ST-302p841995718_M-TI64_XI-0p0002_XF-0p0014_XL-0p0012_TE-0p0021_DT-5p6158763345e-06_H-9bd689b964,old-data-local,False,missing kinetic-energy_melt.dat; missing time.dat,True,,reextracted_from_current_verified_monitor_bundle,2,True
P-151p505871803_VX-0p995509859725_LS-6p72580848008e-05_ST-301p996554082_M-TI64_XI-0p0002_XF-0p0014_XL-0p0012_TE-0p0021_DT-4p84587928074e-06_H-73846c96ef,old-data-local,True,,True,,reused_after_git_diff_proved_all_inputs_unchanged,0,False
P-151p630328889_VX-0p596649793105_LS-5p54888002616e-05_ST-323p086654154_M-TI64_XI-0p0002_XF-0p0014_XL-0p0012_TE-0p00125_DT-1p0798550665e-05_H-bf889bf790,old-data-local,True,,True,,reused_after_git_diff_proved_all_inputs_unchanged,0,False
P-153p721476211_VX-0p579411174254_LS-7p49286492013e-05_ST-383p484527945_M-TI64_XI-0p0002_XF-0p0014_XL-0p0012_TE-0p0021_DT-8p32590191107e-06_H-8daf8adcd4,old-data-local,True,,True,,reused_after_git_diff_proved_all_inputs_unchanged,0,False
P-155p56408626_VX-0p882684317254_LS-6p13538276829e-05_ST-315p150952839_M-TI64_XI-0p0002_XF-0p0014_XL-0p0012_TE-0p0021_DT-5p46528414374e-06_H-cda596b3bb,old-data-local,False,missing kinetic-energy_melt.dat; missing time.dat,True,,reextracted_from_current_verified_monitor_bundle,2,True
P-158p404299584_VX-0p530960738208_LS-8p44011119013e-05_ST-377p174397227_M-TI64_XI-0p0002_XF-0p0014_XL-0p0012_TE-0p0021_DT-9p08564467365e-06_H-fa25be35ef,old-data-local,True,,True,,reused_after_git_diff_proved_all_inputs_unchanged,0,False
P-158p77294915_VX-0p755822601012_LS-5p98686493415e-05_ST-315p3922311_M-TI64_XI-0p0002_XF-0p0014_XL-0p0012_TE-0p0021_DT-6p38260961839e-06_H-0d7d85a8f4,old-data-local,False,missing kinetic-energy_melt.dat; missing time.dat,True,,reextracted_from_current_verified_monitor_bundle,2,True
P-159p365045029_VX-0p465685970522_LS-5p71815338387e-05_ST-335p270795676_M-TI64_XI-0p0002_XF-0p0014_XL-0p0012_TE-0p0021_DT-1p03591710045e-05_H-312d3c9a86,old-data-local,True,,True,,reused_after_git_diff_proved_all_inputs_unchanged,0,False
P-160p556282667_VX-0p957190479289_LS-5p53708249108e-05_ST-363p791890923_M-TI64_XI-0p0002_XF-0p0014_XL-0p0012_TE-0p0021_DT-5p03987524677e-06_H-0590129dfb,old-data-local,True,,True,,reused_after_git_diff_proved_all_inputs_unchanged,0,False
P-161p701140241_VX-0p559592851831_LS-7p43216837725e-05_ST-378p872335114_M-TI64_XI-0p0002_XF-0p0014_XL-0p0012_TE-0p00125_DT-1p15136442488e-05_H-bf889bf790,old-data-local,True,,True,,reused_after_git_diff_proved_all_inputs_unchanged,0,False
P-163p117472792_VX-0p458171151631_LS-7p76324682791e-05_ST-309p146066051_M-TI64_XI-0p0002_XF-0p0014_XL-0p0012_TE-0p0021_DT-1p05290797682e-05_H-45d75eceb5,old-data-local,False,missing kinetic-energy_melt.dat; missing time.dat,True,,reextracted_from_current_verified_monitor_bundle,2,True
P-163p341658752_VX-0p941874162971_LS-5p45765866009e-05_ST-310p281913475_M-TI64_XI-0p0002_XF-0p0014_XL-0p0012_TE-0p0021_DT-5p12183133657e-06_H-b40dbd8ddd,old-data-local,True,,True,,reused_after_git_diff_proved_all_inputs_unchanged,0,False
P-166p164223082_VX-0p514604075971_LS-6p70362084208e-05_ST-302p957496397_M-TI64_XI-0p0002_XF-0p0014_XL-0p0012_TE-0p00125_DT-1p25202137351e-05_H-bf889bf790,old-data-local,True,,True,,reused_after_git_diff_proved_all_inputs_unchanged,0,False
P-166p614725594_VX-0p931765035172_LS-5p67575778907e-05_ST-364p064697506_M-TI64_XI-0p0002_XF-0p0014_XL-0p0012_TE-0p0021_DT-5p17740033261e-06_H-0744488b5e,old-data-local,True,,True,,reused_after_git_diff_proved_all_inputs_unchanged,0,False
P-167p36850481_VX-0p484912828283_LS-7p82623244153e-05_ST-326p173250025_M-TI64_XI-0p0002_XF-0p0014_XL-0p0012_TE-0p0021_DT-9p94842850435e-06_H-31e40e99ef,old-data-local,False,missing kinetic-energy_melt.dat; missing time.dat,True,,reextracted_from_current_verified_monitor_bundle,2,True
P-167p779770961_VX-0p390580196452_LS-6p45833025222e-05_ST-394p852870083_M-TI64_XI-0p0002_XF-0p0014_XL-0p0012_TE-0p0021_DT-1p23511653864e-05_H-73ae961aa0,old-data-local,True,,True,,reused_after_git_diff_proved_all_inputs_unchanged,0,False
P-171p239447318_VX-0p969583751496_LS-7p40725617215e-05_ST-384p912438459_M-TI64_XI-0p0002_XF-0p0014_XL-0p0012_TE-0p0021_DT-4p97545528746e-06_H-7931c20f4a,old-data-local,False,missing kinetic-energy_melt.dat; missing time.dat,True,,reextracted_from_current_verified_monitor_bundle,2,True
P-171p382540224_VX-0p233605939402_LS-6p18629013601e-05_ST-355p188153249_M-TI64_XI-0p0002_XF-0p0014_XL-0p0012_TE-0p0021_DT-2p06506761573e-05_H-ba17ade68b,old-data-local,True,,True,,reused_after_git_diff_proved_all_inputs_unchanged,0,False
P-171p875575389_VX-0p916897438596_LS-6p66389080354e-05_ST-338p337187717_M-TI64_XI-0p0002_XF-0p0014_XL-0p0012_TE-0p0021_DT-5p2613524697e-06_H-30d8d23b36,old-data-local,True,,True,,reused_after_git_diff_proved_all_inputs_unchanged,0,False
P-173p720948038_VX-0p230617607979_LS-6p23730108092e-05_ST-383p499521736_M-TI64_XI-0p0002_XF-0p0014_XL-0p0012_TE-0p0021_DT-2p09182665855e-05_H-eb41f0639c,old-data-local,True,,True,,reused_after_git_diff_proved_all_inputs_unchanged,0,False
P-174p128102602_VX-0p994422815088_LS-7p40414236536e-05_ST-367p557277174_M-TI64_XI-0p0002_XF-0p0014_XL-0p0012_TE-0p0021_DT-4p85117651146e-06_H-6705b84f8a,old-data-local,True,,True,,reused_after_git_diff_proved_all_inputs_unchanged,0,False
P-176p31832051_VX-0p578189015568_LS-5p80825678862e-05_ST-392p957182722_M-TI64_XI-0p0002_XF-0p0014_XL-0p0012_TE-0p0021_DT-8p34350095405e-06_H-568de84222,old-data-local,True,,True,,reused_after_git_diff_proved_all_inputs_unchanged,0,False
P-176p64993117_VX-0p775213670345_LS-6p57722012124e-05_ST-360p022077993_M-TI64_XI-0p0002_XF-0p0014_XL-0p0012_TE-0p0021_DT-6p222956054e-06_H-5731c00627,old-data-local,True,,True,,reused_after_git_diff_proved_all_inputs_unchanged,0,False
P-177p868754925_VX-0p784825891065_LS-5p3694165939e-05_ST-378p775948175_M-TI64_XI-0p0002_XF-0p0014_XL-0p0012_TE-0p0021_DT-6p14673987943e-06_H-fa25be35ef,old-data-local,True,,True,,reused_after_git_diff_proved_all_inputs_unchanged,0,False
P-179p651163568_VX-0p66389382017_LS-6p65035978508e-05_ST-326p14019277_M-TI64_XI-0p0002_XF-0p0014_XL-0p0012_TE-0p0021_DT-7p26640383816e-06_H-f77f7c89dc,old-data-local,False,missing kinetic-energy_melt.dat; missing time.dat,True,,reextracted_from_current_verified_monitor_bundle,2,True
P-181p197687991_VX-0p643443519749_LS-5p49477846524e-05_ST-320p630170488_M-TI64_XI-0p0002_XF-0p0014_XL-0p0012_TE-0p0021_DT-7p49734895908e-06_H-6014a1f9c3,old-data-local,True,,True,,reused_after_git_diff_proved_all_inputs_unchanged,0,False
P-181p214517461_VX-0p293157847988_LS-6p39704529171e-05_ST-391p855294349_M-TI64_XI-0p0002_XF-0p0014_XL-0p0012_TE-0p0021_DT-1p64557102466e-05_H-e6df4d4a2d,old-data-local,False,missing kinetic-energy_melt.dat; missing time.dat,True,,reextracted_from_current_verified_monitor_bundle,2,True
P-182p701235644_VX-0p787372384637_LS-5p07019733104e-05_ST-389p154544132_M-TI64_XI-0p0002_XF-0p0014_XL-0p0012_TE-0p0021_DT-6p1268602978e-06_H-d9be003c20,old-data-local,True,,True,,reused_after_git_diff_proved_all_inputs_unchanged,0,False
P-183p86712976_VX-0p92773562332_LS-4p77447546287e-05_ST-393p876492884_M-TI64_XI-0p0002_XF-0p0014_XL-0p0012_TE-0p0021_DT-5p19988721113e-06_H-95ed9fb76f,old-data-local,True,,True,,reused_after_git_diff_proved_all_inputs_unchanged,0,False
P-184p554601264_VX-0p855768445974_LS-6p11854963854e-05_ST-316p977306706_M-TI64_XI-0p0002_XF-0p0014_XL-0p0012_TE-0p0021_DT-5p63717980689e-06_H-0011cc30ec,old-data-local,False,missing kinetic-energy_melt.dat; missing time.dat,True,,reextracted_from_current_verified_monitor_bundle,2,True
P-186p021611878_VX-0p483877556354_LS-6p53069178085e-05_ST-388p836932905_M-TI64_XI-0p0002_XF-0p0014_XL-0p0012_TE-0p0021_DT-9p96971349398e-06_H-b40dbd8ddd,old-data-local,True,,True,,reused_after_git_diff_proved_all_inputs_unchanged,0,False
P-186p850960621_VX-0p845582390035_LS-8p39602076571e-05_ST-354p289806443_M-TI64_XI-0p0002_XF-0p0014_XL-0p0012_TE-0p0021_DT-5p70508641129e-06_H-f404b6f8f4,old-data-local,False,missing kinetic-energy_melt.dat; missing time.dat,True,,reextracted_from_current_verified_monitor_bundle,2,True
P-188p702615393_VX-0p897654681927_LS-7p37418626284e-05_ST-361p378936642_M-TI64_XI-0p0002_XF-0p0014_XL-0p0012_TE-0p0021_DT-5p37413851912e-06_H-cedd8dc36d,old-data-local,True,,True,,reused_after_git_diff_proved_all_inputs_unchanged,0,False
P-190p553348142_VX-0p571798591092_LS-6p21059581714e-05_ST-350p091118048_M-TI64_XI-0p0002_XF-0p0014_XL-0p0012_TE-0p0021_DT-8p43674797065e-06_H-30d8d23b36,old-data-local,False,missing kinetic-energy_melt.dat; missing time.dat,True,,reextracted_from_current_verified_monitor_bundle,2,True
P-193p028200221_VX-0p93446669696_LS-8p62901752671e-05_ST-365p941151844_M-TI64_XI-0p0002_XF-0p0014_XL-0p0012_TE-0p0021_DT-5p16243181133e-06_H-4852b0403a,old-data-local,True,,True,,reused_after_git_diff_proved_all_inputs_unchanged,0,False
P-193p440626378_VX-0p303697281962_LS-7p07136561297e-05_ST-354p067159473_M-TI64_XI-0p0002_XF-0p0014_XL-0p0012_TE-0p0021_DT-1p58846354233e-05_H-5731c00627,old-data-local,False,missing kinetic-energy_melt.dat; missing time.dat,True,,reextracted_from_current_verified_monitor_bundle,2,True
P-193p81397439_VX-0p717380412454_LS-5p49903358659e-05_ST-340p433066031_M-TI64_XI-0p0002_XF-0p0014_XL-0p0012_TE-0p0021_DT-6p72463384735e-06_H-ff88caf608,old-data-local,True,,True,,reused_after_git_diff_proved_all_inputs_unchanged,0,False
P-194p036512211_VX-0p298398024189_LS-7p09068727373e-05_ST-343p727832606_M-TI64_XI-0p0002_XF-0p0014_XL-0p0012_TE-0p0021_DT-1p61667310503e-05_H-7931c20f4a,old-data-local,True,,True,,reused_after_git_diff_proved_all_inputs_unchanged,0,False
P-194p089464462_VX-0p388567055088_LS-7p6021762795e-05_ST-395p140888584_M-TI64_XI-0p0002_XF-0p0014_XL-0p0012_TE-0p0021_DT-1p24151559939e-05_H-7f5e3f5579,old-data-local,False,missing kinetic-energy_melt.dat; missing time.dat,True,,reextracted_from_current_verified_monitor_bundle,2,True
P-195p080816167_VX-0p844140965531_LS-6p21634030137e-05_ST-331p625980857_M-TI64_XI-0p0002_XF-0p0014_XL-0p0012_TE-0p0021_DT-5p71482820998e-06_H-cca0c4e3bb,old-data-local,True,,True,,reused_after_git_diff_proved_all_inputs_unchanged,0,False
P-196p954129245_VX-0p972458485112_LS-5p85340423111e-05_ST-310p387913302_M-TI64_XI-0p0002_XF-0p0014_XL-0p0012_TE-0p0021_DT-4p96074709293e-06_H-f575443233,old-data-local,True,,True,,reused_after_git_diff_proved_all_inputs_unchanged,0,False
P-197p742114875_VX-0p874617254357_LS-7p7301896977e-05_ST-350p888533369_M-TI64_XI-0p0002_XF-0p0014_XL-0p0012_TE-0p0021_DT-5p51569338357e-06_H-054022a1b4,old-data-local,True,,True,,reused_after_git_diff_proved_all_inputs_unchanged,0,False
P-198p603717725_VX-0p869799932432_LS-5p56307183941e-05_ST-326p836247823_M-TI64_XI-0p0002_XF-0p0014_XL-0p0012_TE-0p0021_DT-5p54624163919e-06_H-bf3689621a,old-data-local,True,,True,,reused_after_git_diff_proved_all_inputs_unchanged,0,False
P-202p397397496_VX-0p555230188132_LS-4p52196790327e-05_ST-397p348654616_M-TI64_XI-0p0002_XF-0p0014_XL-0p0012_TE-0p0021_DT-8p68850560746e-06_H-0011cc30ec,old-data-local,True,,True,,reused_after_git_diff_proved_all_inputs_unchanged,0,False
P-202p894942483_VX-0p693798608043_LS-7p43333938026e-05_ST-353p442501329_M-TI64_XI-0p0002_XF-0p0014_XL-0p0012_TE-0p0021_DT-6p95320017522e-06_H-4852b0403a,old-data-local,False,missing kinetic-energy_melt.dat; missing time.dat,True,,reextracted_from_current_verified_monitor_bundle,2,True
P-203p020934762_VX-0p232834869492_LS-7p55576098976e-05_ST-395p193912826_M-TI64_XI-0p0002_XF-0p0014_XL-0p0012_TE-0p0021_DT-2p07190641743e-05_H-b40dbd8ddd,old-data-local,True,,True,,reused_after_git_diff_proved_all_inputs_unchanged,0,False
P-203p421420958_VX-0p245041839826_LS-7p55920229368e-05_ST-393p123734832_M-TI64_XI-0p0002_XF-0p0014_XL-0p0012_TE-0p0021_DT-1p96869261447e-05_H-4852b0403a,old-data-local,False,missing kinetic-energy_melt.dat; missing time.dat,True,,reextracted_from_current_verified_monitor_bundle,2,True
P-206p272219756_VX-0p781444456167_LS-4p98713368602e-05_ST-399p182507166_M-TI64_XI-0p0002_XF-0p0014_XL-0p0012_TE-0p0021_DT-6p17333780404e-06_H-16cfaf1a76,old-data-local,True,,True,,reused_after_git_diff_proved_all_inputs_unchanged,0,False
P-207p687789994_VX-0p40901295179_LS-7p09627718894e-05_ST-395p011679_M-TI64_XI-0p0002_XF-0p0014_XL-0p0012_TE-0p0021_DT-1p17945424024e-05_H-d9444347fb,old-data-local,True,,True,,reused_after_git_diff_proved_all_inputs_unchanged,0,False
P-208p39901443_VX-0p201684842681_LS-6p50424237325e-05_ST-372p154003234_M-TI64_XI-0p0002_XF-0p0014_XL-0p0012_TE-0p00125_DT-3p19456481434e-05_H-bf889bf790,old-data-local,True,,True,,reused_after_git_diff_proved_all_inputs_unchanged,0,False
P-209p697266982_VX-0p34452106985_LS-7p55711119508e-05_ST-302p470939697_M-TI64_XI-0p0002_XF-0p0014_XL-0p0012_TE-0p0021_DT-1p4002396443e-05_H-b40dbd8ddd,old-data-local,False,missing kinetic-energy_melt.dat; missing time.dat,True,,reextracted_from_current_verified_monitor_bundle,2,True
P-209p90265043_VX-0p477857533217_LS-8p77962223972e-05_ST-386p665335025_M-TI64_XI-0p0002_XF-0p0014_XL-0p0012_TE-0p0021_DT-1p00953114007e-05_H-0011cc30ec,old-data-local,True,,True,,reused_after_git_diff_proved_all_inputs_unchanged,0,False
P-210p093044543_VX-0p812610384047_LS-5p18819698292e-05_ST-390p525668596_M-TI64_XI-0p0002_XF-0p0014_XL-0p0012_TE-0p0021_DT-5p93657267704e-06_H-d9be003c20,old-data-local,True,,True,,reused_after_git_diff_proved_all_inputs_unchanged,0,False
P-211p816522505_VX-0p520710876808_LS-4p80782604054e-05_ST-318p660442183_M-TI64_XI-0p0002_XF-0p0014_XL-0p0012_TE-0p0021_DT-9p26448979247e-06_H-5a4acb0e81,old-data-local,True,,True,,reused_after_git_diff_proved_all_inputs_unchanged,0,False
P-212p092538093_VX-0p79096361392_LS-7p95278191784e-05_ST-347p757246585_M-TI64_XI-0p0002_XF-0p0014_XL-0p0012_TE-0p0021_DT-6p09904238086e-06_H-b40dbd8ddd,old-data-local,True,,True,,reused_after_git_diff_proved_all_inputs_unchanged,0,False
P-212p375773305_VX-0p288263650586_LS-8p35116649465e-05_ST-312p800399692_M-TI64_XI-0p0002_XF-0p0014_XL-0p0012_TE-0p0021_DT-1p67350985572e-05_H-bf3689621a,old-data-local,True,,True,,reused_after_git_diff_proved_all_inputs_unchanged,0,False
P-218p135837307_VX-0p411781802704_LS-5p72773552436e-05_ST-307p427986374_M-TI64_XI-0p0002_XF-0p0014_XL-0p0012_TE-0p0021_DT-1p17152350379e-05_H-b40dbd8ddd,old-data-local,True,,True,,reused_after_git_diff_proved_all_inputs_unchanged,0,False
P-218p170294814_VX-0p856055229722_LS-8p4878396046e-05_ST-374p889107005_M-TI64_XI-0p0002_XF-0p0014_XL-0p0012_TE-0p0021_DT-5p63529131711e-06_H-73846c96ef,old-data-local,True,,True,,reused_after_git_diff_proved_all_inputs_unchanged,0,False
P-218p315594294_VX-0p70315782783_LS-8p24115302242e-05_ST-319p105471156_M-TI64_XI-0p0002_XF-0p0014_XL-0p0012_TE-0p0021_DT-6p86065121098e-06_H-6c8dbbeedf,old-data-local,True,,True,,reused_after_git_diff_proved_all_inputs_unchanged,0,False
P-218p361623288_VX-0p747470791734_LS-7p1375293786e-05_ST-300p016423613_M-TI64_XI-0p0002_XF-0p0014_XL-0p0012_TE-0p0021_DT-6p45392523208e-06_H-a55a682ac9,old-data-local,False,missing kinetic-energy_melt.dat; missing time.dat,True,,reextracted_from_current_verified_monitor_bundle,2,True
P-218p521967876_VX-0p920050491887_LS-7p11545742791e-05_ST-300p883630406_M-TI64_XI-0p0002_XF-0p0014_XL-0p0012_TE-0p0021_DT-5p24332158458e-06_H-7931c20f4a,old-data-local,True,,True,,reused_after_git_diff_proved_all_inputs_unchanged,0,False
P-218p846041052_VX-0p877499363134_LS-5p6186595533e-05_ST-332p098243358_M-TI64_XI-0p0002_XF-0p0014_XL-0p0012_TE-0p0021_DT-5p49757732676e-06_H-27d926f040,old-data-local,True,,True,,reused_after_git_diff_proved_all_inputs_unchanged,0,False
P-219p728507107_VX-0p99152217595_LS-6p49667790705e-05_ST-393p045172137_M-TI64_XI-0p0002_XF-0p0014_XL-0p0012_TE-0p0021_DT-4p86536833974e-06_H-765e346b33,old-data-local,False,missing kinetic-energy_melt.dat; missing time.dat,True,,reextracted_from_current_verified_monitor_bundle,2,True
P-220p072225453_VX-0p425314653287_LS-7p24382024748e-05_ST-381p760927113_M-TI64_XI-0p0002_XF-0p0014_XL-0p0012_TE-0p0021_DT-1p1342474485e-05_H-ba17ade68b,old-data-local,True,,True,,reused_after_git_diff_proved_all_inputs_unchanged,0,False
P-220p256246323_VX-0p736244453131_LS-5p8651582992e-05_ST-358p758060614_M-TI64_XI-0p0002_XF-0p0014_XL-0p0012_TE-0p00125_DT-8p75110568607e-06_H-bf889bf790,old-data-local,True,,True,,reused_after_git_diff_proved_all_inputs_unchanged,0,False
P-220p462707704_VX-0p946752122114_LS-8p2300511791e-05_ST-313p968629329_M-TI64_XI-0p0002_XF-0p0014_XL-0p0012_TE-0p0021_DT-5p0954420807e-06_H-b41989dc4b,old-data-local,False,missing kinetic-energy_melt.dat; missing time.dat,True,,reextracted_from_current_verified_monitor_bundle,2,True
P-221p576145741_VX-0p645163458122_LS-7p3903246332e-05_ST-318p590626589_M-TI64_XI-0p0002_XF-0p0014_XL-0p0012_TE-0p00125_DT-9p98654362553e-06_H-bf889bf790,old-data-local,False,missing kinetic-energy_melt.dat; missing time.dat,True,,reextracted_from_current_verified_monitor_bundle,2,True
P-223p185978023_VX-0p49812515056_LS-8p14092862216e-05_ST-313p14559396_M-TI64_XI-0p0002_XF-0p0014_XL-0p0012_TE-0p0021_DT-9p68455537246e-06_H-b40dbd8ddd,old-data-local,True,,True,,reused_after_git_diff_proved_all_inputs_unchanged,0,False
P-225p435545826_VX-0p86531734725_LS-6p64530039846e-05_ST-364p26873014_M-TI64_XI-0p0002_XF-0p0014_XL-0p0012_TE-0p0021_DT-5p57497271764e-06_H-d9fce10048,old-data-local,False,missing kinetic-energy_melt.dat; missing time.dat,True,,reextracted_from_current_verified_monitor_bundle,2,True
P-226p380431899_VX-0p944850720806_LS-5p28066961668e-05_ST-329p382817534_M-TI64_XI-0p0002_XF-0p0014_XL-0p0012_TE-0p0021_DT-5p10569606054e-06_H-5637cba0f4,old-data-local,False,missing kinetic-energy_melt.dat; missing time.dat,True,,reextracted_from_current_verified_monitor_bundle,2,True
P-227p786589532_VX-0p30483440954_LS-7p3391662288e-05_ST-359p259536614_M-TI64_XI-0p0002_XF-0p0014_XL-0p0012_TE-0p0021_DT-1p58253807708e-05_H-180177fd7b,old-data-local,True,,True,,reused_after_git_diff_proved_all_inputs_unchanged,0,False
P-228p027925635_VX-0p505215249994_LS-8p46696228038e-05_ST-384p613421136_M-TI64_XI-0p0002_XF-0p0014_XL-0p0012_TE-0p0021_DT-9p54864407413e-06_H-8eb307dfff,old-data-local,False,missing kinetic-energy_melt.dat; missing time.dat,True,,reextracted_from_current_verified_monitor_bundle,2,True
P-228p959503311_VX-0p480404321045_LS-6p0796636822e-05_ST-336p115873803_M-TI64_XI-0p0002_XF-0p0014_XL-0p0012_TE-0p0021_DT-1p00417926977e-05_H-ba17ade68b,old-data-local,True,,True,,reused_after_git_diff_proved_all_inputs_unchanged,0,False
P-229p384485496_VX-0p374546448601_LS-5p61892687884e-05_ST-346p005476369_M-TI64_XI-0p0002_XF-0p0014_XL-0p0012_TE-0p0021_DT-1p28798994652e-05_H-f404b6f8f4,old-data-local,True,,True,,reused_after_git_diff_proved_all_inputs_unchanged,0,False
P-229p39632192_VX-0p478464286668_LS-6p73160020334e-05_ST-313p601802213_M-TI64_XI-0p0002_XF-0p0014_XL-0p0012_TE-0p0021_DT-1p00825092644e-05_H-73ae961aa0,old-data-local,False,missing kinetic-energy_melt.dat; missing time.dat,True,,reextracted_from_current_verified_monitor_bundle,2,True
P-229p433825146_VX-0p876957934743_LS-6p77377719261e-05_ST-358p900225798_M-TI64_XI-0p0002_XF-0p0014_XL-0p0012_TE-0p00125_DT-7p34693508648e-06_H-bf889bf790,old-data-local,True,,True,,reused_after_git_diff_proved_all_inputs_unchanged,0,False
P-232p272231119_VX-0p829414389208_LS-6p88203473429e-05_ST-337p761722106_M-TI64_XI-0p0002_XF-0p0014_XL-0p0012_TE-0p0021_DT-5p81629721619e-06_H-24e0a43587,old-data-local,False,missing kinetic-energy_melt.dat; missing time.dat,True,,reextracted_from_current_verified_monitor_bundle,2,True
P-234p126702838_VX-0p687075747958_LS-6p17120592739e-05_ST-378p601004081_M-TI64_XI-0p0002_XF-0p0014_XL-0p0012_TE-0p0021_DT-7p02123545672e-06_H-9aef4c9512,old-data-local,True,,True,,reused_after_git_diff_proved_all_inputs_unchanged,0,False
P-236p763849841_VX-0p800191513041_LS-6p78517796151e-05_ST-355p994293515_M-TI64_XI-0p0002_XF-0p0014_XL-0p0012_TE-0p0021_DT-6p02870753363e-06_H-eb41f0639c,old-data-local,True,,True,,reused_after_git_diff_proved_all_inputs_unchanged,0,False
P-237p061390501_VX-0p937687434899_LS-4p7428723532e-05_ST-371p522412287_M-TI64_XI-0p0002_XF-0p0014_XL-0p0012_TE-0p0021_DT-5p14470006046e-06_H-6445dc47a6,old-data-local,True,,True,,reused_after_git_diff_proved_all_inputs_unchanged,0,False
P-237p334710533_VX-0p878374904385_LS-5p83506544001e-05_ST-382p29609677_M-TI64_XI-0p0002_XF-0p0014_XL-0p0012_TE-0p0021_DT-5p49209748472e-06_H-8773df93d2,old-data-local,True,,True,,reused_after_git_diff_proved_all_inputs_unchanged,0,False
P-238p319282705_VX-0p253960262605_LS-5p92121677448e-05_ST-384p128817665_M-TI64_XI-0p0002_XF-0p0014_XL-0p0012_TE-0p0021_DT-1p89955725889e-05_H-452de4062d,old-data-local,False,missing kinetic-energy_melt.dat; missing time.dat,True,,reextracted_from_current_verified_monitor_bundle,2,True
P-238p568860016_VX-0p692328357435_LS-6p05159821767e-05_ST-343p889085336_M-TI64_XI-0p0002_XF-0p0014_XL-0p0012_TE-0p0021_DT-6p96796621315e-06_H-eb41f0639c,old-data-local,False,missing kinetic-energy_melt.dat; missing time.dat,True,,reextracted_from_current_verified_monitor_bundle,2,True
P-240p150803131_VX-0p464417169926_LS-7p86781365033e-05_ST-312p042470117_M-TI64_XI-0p0002_XF-0p0014_XL-0p0012_TE-0p0021_DT-1p03874725471e-05_H-0744488b5e,old-data-local,True,,True,,reused_after_git_diff_proved_all_inputs_unchanged,0,False
P-242p540096613_VX-0p410466748632_LS-6p92043418329e-05_ST-378p456653244_M-TI64_XI-0p0002_XF-0p0014_XL-0p0012_TE-0p0021_DT-1p1752768328e-05_H-f4a4199ba7,old-data-local,False,missing kinetic-energy_melt.dat; missing time.dat,False,missing kinetic-energy_melt.dat; missing time.dat,reused_after_git_diff_proved_all_inputs_unchanged,0,False
P-243p936893462_VX-0p545516283598_LS-5p6904291389e-05_ST-360p082453969_M-TI64_XI-0p0002_XF-0p0014_XL-0p0012_TE-0p0021_DT-8p84322017154e-06_H-e0ed0fec98,old-data-local,False,missing kinetic-energy_melt.dat; missing time.dat,True,,reextracted_from_current_verified_monitor_bundle,2,True
P-244p346847818_VX-0p692297386822_LS-7p87344285445e-05_ST-312p797130588_M-TI64_XI-0p0002_XF-0p0014_XL-0p0012_TE-0p0021_DT-6p96827793206e-06_H-9bd689b964,old-data-local,False,missing kinetic-energy_melt.dat; missing time.dat,True,,reextracted_from_current_verified_monitor_bundle,2,True
P-244p476502118_VX-0p49526990633_LS-8p73976519147e-05_ST-336p403249939_M-TI64_XI-0p0002_XF-0p0014_XL-0p0012_TE-0p0021_DT-9p74038709269e-06_H-f06f0c9a83,old-data-local,True,,True,,reused_after_git_diff_proved_all_inputs_unchanged,0,False
P-246p351544569_VX-0p710899222357_LS-7p68583817855e-05_ST-368p835081824_M-TI64_XI-0p0002_XF-0p0014_XL-0p0012_TE-0p0021_DT-6p78594159524e-06_H-f404b6f8f4,old-data-local,True,,True,,reused_after_git_diff_proved_all_inputs_unchanged,0,False
P-247p324665735_VX-0p977977830338_LS-8p14476523525e-05_ST-343p514293063_M-TI64_XI-0p0002_XF-0p0014_XL-0p0012_TE-0p0021_DT-4p93275047078e-06_H-b40dbd8ddd,old-data-local,True,,True,,reused_after_git_diff_proved_all_inputs_unchanged,0,False
P-248p695097131_VX-0p887957223036_LS-5p04400481913e-05_ST-333p269518536_M-TI64_XI-0p0002_XF-0p0014_XL-0p0012_TE-0p00125_DT-7p25592725977e-06_H-bf889bf790,old-data-local,False,missing kinetic-energy_melt.dat; missing time.dat,True,,reextracted_from_current_verified_monitor_bundle,2,True
P-52p5445860993_VX-0p633129978235_LS-4p5e-05_ST-300_M-TI64_XI--0p0002_XF-0p0012_XL-0p0014_TE-0p00125_DT-2p95323714861e-06_H-306f9d252b,old-data-local,True,,True,,reused_after_git_diff_proved_all_inputs_unchanged,0,False
P-53p4525830151_VX-0p394191978834_LS-4p5e-05_ST-300_M-TI64_XI--0p0002_XF-0p0012_XL-0p0014_TE-0p00125_DT-4p7433308439e-06_H-306f9d252b,old-data-local,True,,True,,reused_after_git_diff_proved_all_inputs_unchanged,0,False
P-55p2363598851_VX-0p252312006514_LS-4p5e-05_ST-300_M-TI64_XI--0p0002_XF-0p0012_XL-0p0014_TE-0p00125_DT-7p41059847866e-06_H-fb250c7cf9,old-data-local,False,missing kinetic-energy_melt.dat; missing time.dat,True,,reextracted_from_current_verified_monitor_bundle,2,True
P-59p3859586774_VX-0p222677981218_LS-4p5e-05_ST-300_M-TI64_XI--0p0002_XF-0p0012_XL-0p0014_TE-0p00125_DT-8p39680224058e-06_H-306f9d252b,old-data-local,True,,True,,reused_after_git_diff_proved_all_inputs_unchanged,0,False
P-63p4364244112_VX-0p87794698955_LS-4p5e-05_ST-300_M-TI64_XI--0p0002_XF-0p0012_XL-0p0014_TE-0p00125_DT-2p12972194663e-06_H-306f9d252b,old-data-local,True,,True,,reused_after_git_diff_proved_all_inputs_unchanged,0,False
P-67p3007401579_VX-0p639039009111_LS-4p5e-05_ST-300_M-TI64_XI--0p0002_XF-0p0012_XL-0p0014_TE-0p00125_DT-2p92592931724e-06_H-306f9d252b,old-data-local,False,missing kinetic-energy_melt.dat; missing time.dat,True,,reextracted_from_current_verified_monitor_bundle,2,True
P-71p6599397131_VX-0p537693260466_LS-4p5e-05_ST-300_M-TI64_XI--0p0002_XF-0p0012_XL-0p0014_TE-0p00125_DT-3p47741567376e-06_H-306f9d252b,old-data-local,True,,True,,reused_after_git_diff_proved_all_inputs_unchanged,0,False
P-71p8781037338_VX-0p56768277259_LS-4p5e-05_ST-300_M-TI64_XI--0p0002_XF-0p0012_XL-0p0014_TE-0p00125_DT-3p29371096306e-06_H-306f9d252b,old-data-local,True,,True,,reused_after_git_diff_proved_all_inputs_unchanged,0,False
P-72p876222127_VX-0p956216556443_LS-4p5e-05_ST-300_M-TI64_XI--0p0002_XF-0p0012_XL-0p0014_TE-0p00125_DT-1p95539698515e-06_H-306f9d252b,old-data-local,True,,True,,reused_after_git_diff_proved_all_inputs_unchanged,0,False
P-74p5163352518_VX-0p201002332148_LS-4p5e-05_ST-300_M-TI64_XI--0p0002_XF-0p0012_XL-0p0014_TE-0p00125_DT-9p30229491189e-06_H-fb250c7cf9,old-data-local,True,,True,,reused_after_git_diff_proved_all_inputs_unchanged,0,False
P-76p2867092863_VX-0p693142102976_LS-5p97726511316e-05_ST-352p808802476_M-TI64_XI-0p0002_XF-0p0014_XL-0p0012_TE-0p0021_DT-6p95978585387e-06_H-0744488b5e,old-data-local,True,,True,,reused_after_git_diff_proved_all_inputs_unchanged,0,False
P-77p1412079225_VX-0p963213148682_LS-8p58459875102e-05_ST-347p110895162_M-TI64_XI-0p0002_XF-0p0014_XL-0p0012_TE-0p0021_DT-5p00836248925e-06_H-8eb307dfff,old-data-local,True,,True,,reused_after_git_diff_proved_all_inputs_unchanged,0,False
P-77p2146242418_VX-0p855104240805_LS-5p17451748821e-05_ST-369p375740917_M-TI64_XI-0p0002_XF-0p0014_XL-0p0012_TE-0p0021_DT-5p64155850575e-06_H-f404b6f8f4,old-data-local,False,missing kinetic-energy_melt.dat; missing time.dat,True,,reextracted_from_current_verified_monitor_bundle,2,True
P-77p6071708937_VX-0p433253784538_LS-7p48831675656e-05_ST-344p207921637_M-TI64_XI-0p0002_XF-0p0014_XL-0p0012_TE-0p0021_DT-1p11346300371e-05_H-5958772c6a,old-data-local,True,,True,,reused_after_git_diff_proved_all_inputs_unchanged,0,False
P-78p18378444_VX-0p804643363326_LS-4p5e-05_ST-300_M-TI64_XI--0p0002_XF-0p0012_XL-0p0014_TE-0p00125_DT-2p32374124592e-06_H-b0e5aed98c,old-data-local,True,,True,,reused_after_git_diff_proved_all_inputs_unchanged,0,False
P-78p3109819881_VX-0p819836919071_LS-8p42620704062e-05_ST-359p367913591_M-TI64_XI-0p0002_XF-0p0014_XL-0p0012_TE-0p0021_DT-5p88424415978e-06_H-cedd8dc36d,old-data-local,True,,True,,reused_after_git_diff_proved_all_inputs_unchanged,0,False
P-79p1315856604_VX-0p738156089448_LS-4p61026192486e-05_ST-370p648100327_M-TI64_XI-0p0002_XF-0p0014_XL-0p0012_TE-0p0021_DT-6p53536653287e-06_H-0d7d85a8f4,old-data-local,True,,True,,reused_after_git_diff_proved_all_inputs_unchanged,0,False
P-82p6239965333_VX-0p567384090403_LS-6p29636633496e-05_ST-368p216750002_M-TI64_XI-0p0002_XF-0p0014_XL-0p0012_TE-0p0021_DT-8p50238962391e-06_H-e6df4d4a2d,old-data-local,True,,True,,reused_after_git_diff_proved_all_inputs_unchanged,0,False
P-83p4130417347_VX-0p322492976823_LS-7p74299080266e-05_ST-371p281013063_M-TI64_XI-0p0002_XF-0p0014_XL-0p0012_TE-0p0021_DT-1p49588392607e-05_H-b41989dc4b,old-data-local,True,,True,,reused_after_git_diff_proved_all_inputs_unchanged,0,False
P-85p9171141482_VX-0p437191097118_LS-7p49853263212e-05_ST-320p146293033_M-TI64_XI-0p0002_XF-0p0014_XL-0p0012_TE-0p0021_DT-1p10343523343e-05_H-d4c4d1b9c0,old-data-local,False,missing kinetic-energy_melt.dat; missing time.dat,True,,reextracted_from_current_verified_monitor_bundle,2,True
P-88p5362444224_VX-0p501389667448_LS-5p57799721508e-05_ST-306p707884961_M-TI64_XI-0p0002_XF-0p0014_XL-0p0012_TE-0p0021_DT-9p62149983578e-06_H-1422635bbf,old-data-local,True,,True,,reused_after_git_diff_proved_all_inputs_unchanged,0,False
P-89p9091669401_VX-0p254822282222_LS-4p87644701271e-05_ST-380p329545658_M-TI64_XI-0p0002_XF-0p0014_XL-0p0012_TE-0p0021_DT-1p8931313859e-05_H-f4a4199ba7,old-data-local,True,,True,,reused_after_git_diff_proved_all_inputs_unchanged,0,False
P-90p076179662_VX-0p77719101666_LS-5p40074605054e-05_ST-384p823624425_M-TI64_XI-0p0002_XF-0p0014_XL-0p0012_TE-0p0021_DT-6p20712347364e-06_H-765e346b33,old-data-local,False,missing kinetic-energy_melt.dat; missing time.dat,True,,reextracted_from_current_verified_monitor_bundle,2,True
P-90p3577538021_VX-0p606625134218_LS-7p79676391387e-05_ST-345p062824899_M-TI64_XI-0p0002_XF-0p0014_XL-0p0012_TE-0p0021_DT-7p95239156919e-06_H-e341aeefe6,old-data-local,True,,True,,reused_after_git_diff_proved_all_inputs_unchanged,0,False
P-91p2790923782_VX-0p717805590808_LS-4p80270969425e-05_ST-305p576577078_M-TI64_XI-0p0002_XF-0p0014_XL-0p0012_TE-0p0021_DT-6p72065063966e-06_H-a55a682ac9,old-data-local,False,missing kinetic-energy_melt.dat; missing time.dat,True,,reextracted_from_current_verified_monitor_bundle,2,True
P-92p0306358058_VX-0p635786516528_LS-6p85874395416e-05_ST-348p651765165_M-TI64_XI-0p0002_XF-0p0014_XL-0p0012_TE-0p0021_DT-7p58764220003e-06_H-8daf8adcd4,old-data-local,True,,True,,reused_after_git_diff_proved_all_inputs_unchanged,0,False
P-93p2349412886_VX-0p318136092994_LS-6p37701091846e-05_ST-373p005608841_M-TI64_XI-0p0002_XF-0p0014_XL-0p0012_TE-0p0021_DT-1p51637010363e-05_H-95ed9fb76f,old-data-local,True,,True,,reused_after_git_diff_proved_all_inputs_unchanged,0,False
P-93p7887593651_VX-0p596649793105_LS-4p5e-05_ST-300_M-TI64_XI--0p0002_XF-0p0012_XL-0p0014_TE-0p00125_DT-3p13380310062e-06_H-306f9d252b,old-data-local,True,,True,,reused_after_git_diff_proved_all_inputs_unchanged,0,False
P-95p3163706926_VX-0p805137875644_LS-4p85393429372e-05_ST-366p295455669_M-TI64_XI-0p0002_XF-0p0014_XL-0p0012_TE-0p0021_DT-5p99167018339e-06_H-270d04032e,old-data-local,False,missing kinetic-energy_melt.dat; missing time.dat,True,,reextracted_from_current_verified_monitor_bundle,2,True
P-96p3048792257_VX-0p802808589305_LS-5p4654094879e-05_ST-371p269771919_M-TI64_XI-0p0002_XF-0p0014_XL-0p0012_TE-0p0021_DT-6p00905454586e-06_H-24e0a43587,old-data-local,True,,True,,reused_after_git_diff_proved_all_inputs_unchanged,0,False
P-97p6596954152_VX-0p666705631564_LS-4p5e-05_ST-300_M-TI64_XI--0p0002_XF-0p0012_XL-0p0014_TE-0p00125_DT-2p80451054123e-06_H-b0e5aed98c,old-data-local,True,,True,,reused_after_git_diff_proved_all_inputs_unchanged,0,False
P-98p2720448178_VX-0p404108184606_LS-6p2082238115e-05_ST-312p013044035_M-TI64_XI-0p0002_XF-0p0014_XL-0p0012_TE-0p0021_DT-1p19376958616e-05_H-e0ed0fec98,old-data-local,True,,True,,reused_after_git_diff_proved_all_inputs_unchanged,0,False
P-98p5137427197_VX-0p87794698955_LS-7p93698578539e-05_ST-325p506902574_M-TI64_XI-0p0002_XF-0p0014_XL-0p0012_TE-0p00125_DT-7p33865836642e-06_H-bf889bf790,old-data-local,True,,True,,reused_after_git_diff_proved_all_inputs_unchanged,0,False
P-98p6430415843_VX-0p873233253177_LS-7p66258838728e-05_ST-323p115187787_M-TI64_XI-0p0002_XF-0p0014_XL-0p0012_TE-0p0021_DT-5p52443529316e-06_H-95ed9fb76f,old-data-local,True,,True,,reused_after_git_diff_proved_all_inputs_unchanged,0,False
P-99p0936052974_VX-0p300439480401_LS-4p95355776339e-05_ST-340p036700638_M-TI64_XI-0p0002_XF-0p0014_XL-0p0012_TE-0p0021_DT-1p60568797302e-05_H-701e6757d1,old-data-local,True,,True,,reused_after_git_diff_proved_all_inputs_unchanged,0,False
P-99p5435087092_VX-0p559592851831_LS-4p5e-05_ST-300_M-TI64_XI--0p0002_XF-0p0012_XL-0p0014_TE-0p00125_DT-3p34132747676e-06_H-306f9d252b,old-data-local,False,missing kinetic-energy_melt.dat; missing time.dat,True,,reextracted_from_current_verified_monitor_bundle,2,True
P-99p7580068976_VX-0p617169232141_LS-5p71058654975e-05_ST-337p763092798_M-TI64_XI-0p0002_XF-0p0014_XL-0p0012_TE-0p0021_DT-7p81652803119e-06_H-765e346b33,old-data-local,False,missing kinetic-energy_melt.dat; missing time.dat,True,,reextracted_from_current_verified_monitor_bundle,2,True
P-100p408926704_VX-0p564694322144_LS-6p38706769001e-05_ST-381p633419878_M-TI64_XI-0p0002_XF-0p0014_XL-0p0012_TE-0p0021_DT-8p54288845105e-06_H-790e4fd6dd,old-data-remote-clean,True,,True,,reused_after_git_diff_proved_all_inputs_unchanged,0,False
P-102p025474754_VX-0p424029390103_LS-7p94734719352e-05_ST-354p238131711_M-TI64_XI-0p0002_XF-0p0014_XL-0p0012_TE-0p0021_DT-1p13768543304e-05_H-6f31342894,old-data-remote-clean,True,,True,,reused_after_git_diff_proved_all_inputs_unchanged,0,False
P-102p449509144_VX-0p918837420936_LS-5p51471704636e-05_ST-339p471112188_M-TI64_XI-0p0002_XF-0p0014_XL-0p0012_TE-0p0021_DT-5p25024394207e-06_H-b41981edcb,old-data-remote-clean,True,,True,,reused_after_git_diff_proved_all_inputs_unchanged,0,False
P-110p110895975_VX-0p451651242475_LS-8p6859144947e-05_ST-349p969995372_M-TI64_XI-0p0002_XF-0p0014_XL-0p0012_TE-0p0021_DT-1p06810745755e-05_H-6f31342894,old-data-remote-clean,True,,True,,reused_after_git_diff_proved_all_inputs_unchanged,0,False
P-110p131967455_VX-0p225166085115_LS-5p63312318207e-05_ST-326p092691949_M-TI64_XI-0p0002_XF-0p0014_XL-0p0012_TE-0p0021_DT-2p14247212255e-05_H-b41981edcb,old-data-remote-clean,True,,True,,reused_after_git_diff_proved_all_inputs_unchanged,0,False
P-118p139890353_VX-0p847347819728_LS-5p08934239386e-05_ST-372p913421628_M-TI64_XI-0p0002_XF-0p0014_XL-0p0012_TE-0p0021_DT-5p69319999497e-06_H-d7a336064e,old-data-remote-clean,True,,True,,reused_after_git_diff_proved_all_inputs_unchanged,0,False
P-121p661876009_VX-0p281641526906_LS-7p16631028882e-05_ST-330p429005364_M-TI64_XI-0p0002_XF-0p0014_XL-0p0012_TE-0p0021_DT-1p71285841829e-05_H-25d163a2a5,old-data-remote-clean,True,,True,,reused_after_git_diff_proved_all_inputs_unchanged,0,False
P-126p512169142_VX-0p57236868357_LS-7p44940442576e-05_ST-386p738254947_M-TI64_XI-0p0002_XF-0p0014_XL-0p0012_TE-0p0021_DT-8p42834477408e-06_H-d7a336064e,old-data-remote-clean,True,,True,,reused_after_git_diff_proved_all_inputs_unchanged,0,False
P-128p682231034_VX-0p601925389683_LS-8p082715257e-05_ST-394p322355105_M-TI64_XI-0p0002_XF-0p0014_XL-0p0012_TE-0p0021_DT-8p01448266795e-06_H-b41981edcb,old-data-remote-clean,True,,True,,reused_after_git_diff_proved_all_inputs_unchanged,0,False
P-129p569646497_VX-0p287154347682_LS-6p5197985882e-05_ST-393p701994752_M-TI64_XI-0p0002_XF-0p0014_XL-0p0012_TE-0p0021_DT-1p67997477383e-05_H-b41981edcb,old-data-remote-clean,True,,True,,reused_after_git_diff_proved_all_inputs_unchanged,0,False
P-131p049819122_VX-0p780196421599_LS-5p30845028915e-05_ST-389p742843455_M-TI64_XI-0p0002_XF-0p0014_XL-0p0012_TE-0p0021_DT-6p18321293134e-06_H-b41981edcb,old-data-remote-clean,True,,True,,reused_after_git_diff_proved_all_inputs_unchanged,0,False
P-132p12166853_VX-0p788188085218_LS-6p42596953306e-05_ST-382p443068729_M-TI64_XI-0p0002_XF-0p0014_XL-0p0012_TE-0p0021_DT-6p1205195733e-06_H-b41981edcb,old-data-remote-clean,True,,True,,reused_after_git_diff_proved_all_inputs_unchanged,0,False
P-134p93654729_VX-0p343298656719_LS-5p9412954069e-05_ST-389p435734624_M-TI64_XI-0p0002_XF-0p0014_XL-0p0012_TE-0p0021_DT-1p40522559835e-05_H-b41981edcb,old-data-remote-clean,True,,True,,reused_after_git_diff_proved_all_inputs_unchanged,0,False
P-137p056736091_VX-0p84145784316_LS-6p02926393206e-05_ST-342p992007776_M-TI64_XI-0p0002_XF-0p0014_XL-0p0012_TE-0p0021_DT-5p73305085006e-06_H-ddeae69a6e,old-data-remote-clean,True,,True,,reused_after_git_diff_proved_all_inputs_unchanged,0,False
P-139p185905374_VX-0p93275027917_LS-8p26285474625e-05_ST-371p150203889_M-TI64_XI-0p0002_XF-0p0014_XL-0p0012_TE-0p0021_DT-5p17193155633e-06_H-b789300819,old-data-remote-clean,True,,True,,reused_after_git_diff_proved_all_inputs_unchanged,0,False
P-140p314676599_VX-0p596196399995_LS-8p19973378232e-05_ST-342p525649343_M-TI64_XI-0p0002_XF-0p0014_XL-0p0012_TE-0p0021_DT-8p09149569346e-06_H-95fb07b078,old-data-remote-clean,True,,True,,reused_after_git_diff_proved_all_inputs_unchanged,0,False
P-141p451666054_VX-0p378275685755_LS-6p85388508408e-05_ST-315p145948826_M-TI64_XI-0p0002_XF-0p0014_XL-0p0012_TE-0p0021_DT-1p27529227616e-05_H-8bf1b39107,old-data-remote-clean,True,,True,,reused_after_git_diff_proved_all_inputs_unchanged,0,False
P-145p199982561_VX-0p253198682602_LS-7p7513591008e-05_ST-398p693210886_M-TI64_XI-0p0002_XF-0p0014_XL-0p0012_TE-0p0021_DT-1p90527081478e-05_H-2d34966482,old-data-remote-clean,True,,True,,reused_after_git_diff_proved_all_inputs_unchanged,0,False
P-149p381043177_VX-0p292260061908_LS-7p79529508561e-05_ST-384p444199936_M-TI64_XI-0p0002_XF-0p0014_XL-0p0012_TE-0p0021_DT-1p65062601148e-05_H-6464f5e6a2,old-data-remote-clean,True,,True,,reused_after_git_diff_proved_all_inputs_unchanged,0,False
P-150p755371566_VX-0p566215971452_LS-6p88880703989e-05_ST-365p237346809_M-TI64_XI-0p0002_XF-0p0014_XL-0p0012_TE-0p0021_DT-8p51993028498e-06_H-3a501d5f99,old-data-remote-clean,True,,True,,reused_after_git_diff_proved_all_inputs_unchanged,0,False
P-155p08939981_VX-0p967429278716_LS-6p89242148544e-05_ST-322p599938314_M-TI64_XI-0p0002_XF-0p0014_XL-0p0012_TE-0p0021_DT-4p98653566638e-06_H-765072ed36,old-data-remote-clean,True,,True,,reused_after_git_diff_proved_all_inputs_unchanged,0,False
P-156p536166657_VX-0p9922713524_LS-8p48527663575e-05_ST-399p457924021_M-TI64_XI-0p0002_XF-0p0014_XL-0p0012_TE-0p0021_DT-4p86169492987e-06_H-17f36d0008,old-data-remote-clean,True,,True,,reused_after_git_diff_proved_all_inputs_unchanged,0,False
P-162p201106716_VX-0p908426857038_LS-8p56302518524e-05_ST-395p218711567_M-TI64_XI-0p0002_XF-0p0014_XL-0p0012_TE-0p0021_DT-5p31041169208e-06_H-b41981edcb,old-data-remote-clean,True,,True,,reused_after_git_diff_proved_all_inputs_unchanged,0,False
P-165p961555057_VX-0p261983014715_LS-5p47380727674e-05_ST-307p441799119_M-TI64_XI-0p0002_XF-0p0014_XL-0p0012_TE-0p0021_DT-1p84138678161e-05_H-b41981edcb,old-data-remote-clean,True,,True,,reused_after_git_diff_proved_all_inputs_unchanged,0,False
P-171p793878697_VX-0p802872637148_LS-7p56304072004e-05_ST-389p149112673_M-TI64_XI-0p0002_XF-0p0014_XL-0p0012_TE-0p0021_DT-6p00857518342e-06_H-b41981edcb,old-data-remote-clean,True,,True,,reused_after_git_diff_proved_all_inputs_unchanged,0,False
P-178p179131994_VX-0p674364285322_LS-6p39772031663e-05_ST-392p701744041_M-TI64_XI-0p0002_XF-0p0014_XL-0p0012_TE-0p0021_DT-7p15358257846e-06_H-b41981edcb,old-data-remote-clean,True,,True,,reused_after_git_diff_proved_all_inputs_unchanged,0,False
P-180p4231768_VX-0p853402947533_LS-8p92029044014e-05_ST-332p421625378_M-TI64_XI-0p0002_XF-0p0014_XL-0p0012_TE-0p0021_DT-5p65280518067e-06_H-0b12abf205,old-data-remote-clean,True,,True,,reused_after_git_diff_proved_all_inputs_unchanged,0,False
P-181p628478787_VX-0p952936233186_LS-6p91719476824e-05_ST-399p362560559_M-TI64_XI-0p0002_XF-0p0014_XL-0p0012_TE-0p0021_DT-5p06237504149e-06_H-2ecbc85805,old-data-remote-clean,True,,True,,reused_after_git_diff_proved_all_inputs_unchanged,0,False
P-188p623199531_VX-0p253450423389_LS-5p98563054886e-05_ST-373p9812389_M-TI64_XI-0p0002_XF-0p0014_XL-0p0012_TE-0p0021_DT-1p90337839587e-05_H-b41981edcb,old-data-remote-clean,True,,True,,reused_after_git_diff_proved_all_inputs_unchanged,0,False
P-189p966894809_VX-0p644468304217_LS-6p74843907822e-05_ST-388p1301819_M-TI64_XI-0p0002_XF-0p0014_XL-0p0012_TE-0p0021_DT-7p48542724514e-06_H-851e5d4577,old-data-remote-clean,True,,True,,reused_after_git_diff_proved_all_inputs_unchanged,0,False
P-191p425479448_VX-0p407642571095_LS-6p68635438353e-05_ST-376p486404344_M-TI64_XI-0p0002_XF-0p0014_XL-0p0012_TE-0p0021_DT-1p18341923663e-05_H-9a0fcdd2aa,old-data-remote-clean,True,,True,,reused_after_git_diff_proved_all_inputs_unchanged,0,False
P-194p299416559_VX-0p806548050335_LS-7p3474496565e-05_ST-381p946978961_M-TI64_XI-0p0002_XF-0p0014_XL-0p0012_TE-0p0021_DT-5p98119430208e-06_H-b41981edcb,old-data-remote-clean,True,,True,,reused_after_git_diff_proved_all_inputs_unchanged,0,False
P-196p499083559_VX-0p373706074139_LS-6p49065899682e-05_ST-353p001345311_M-TI64_XI-0p0002_XF-0p0014_XL-0p0012_TE-0p0021_DT-1p290886324e-05_H-b789300819,old-data-remote-clean,True,,True,,reused_after_git_diff_proved_all_inputs_unchanged,0,False
P-199p092557979_VX-0p316505824784_LS-5p93128195415e-05_ST-330p512210532_M-TI64_XI-0p0002_XF-0p0014_XL-0p0012_TE-0p0021_DT-1p52418067071e-05_H-8bf1b39107,old-data-remote-clean,True,,True,,reused_after_git_diff_proved_all_inputs_unchanged,0,False
P-202p623346674_VX-0p47308497906_LS-5p69403778977e-05_ST-355p073751689_M-TI64_XI-0p0002_XF-0p0014_XL-0p0012_TE-0p0021_DT-1p01971544575e-05_H-b41981edcb,old-data-remote-clean,True,,True,,reused_after_git_diff_proved_all_inputs_unchanged,0,False
P-205p507001181_VX-0p303336340291_LS-4p80706805647e-05_ST-333p622908766_M-TI64_XI-0p0002_XF-0p0014_XL-0p0012_TE-0p0021_DT-1p59035366431e-05_H-89a38ff0e6,old-data-remote-clean,True,,True,,reused_after_git_diff_proved_all_inputs_unchanged,0,False
P-207p940614893_VX-0p318461267696_LS-7p4904937331e-05_ST-370p987623474_M-TI64_XI-0p0002_XF-0p0014_XL-0p0012_TE-0p0021_DT-1p51482176715e-05_H-0b12abf205,old-data-remote-clean,True,,True,,reused_after_git_diff_proved_all_inputs_unchanged,0,False
P-210p464738138_VX-0p237113609615_LS-6p46217439158e-05_ST-306p057190902_M-TI64_XI-0p0002_XF-0p0014_XL-0p0012_TE-0p0021_DT-2p03451864735e-05_H-12faed80a6,old-data-remote-clean,True,,True,,reused_after_git_diff_proved_all_inputs_unchanged,0,False
P-213p87237204_VX-0p329966780459_LS-7p13970627017e-05_ST-390p008507958_M-TI64_XI-0p0002_XF-0p0014_XL-0p0012_TE-0p0021_DT-1p46200190101e-05_H-765072ed36,old-data-remote-clean,True,,True,,reused_after_git_diff_proved_all_inputs_unchanged,0,False
P-218p352277735_VX-0p662592791038_LS-5p96508880483e-05_ST-307p55260089_M-TI64_XI-0p0002_XF-0p0014_XL-0p0012_TE-0p0021_DT-7p28067173121e-06_H-b41981edcb,old-data-remote-clean,True,,True,,reused_after_git_diff_proved_all_inputs_unchanged,0,False
P-218p623352015_VX-0p878480487228_LS-8p13012329394e-05_ST-381p006435488_M-TI64_XI-0p0002_XF-0p0014_XL-0p0012_TE-0p0021_DT-5p49143740032e-06_H-90ad187ad0,old-data-remote-clean,True,,True,,reused_after_git_diff_proved_all_inputs_unchanged,0,False
P-222p052357041_VX-0p997941039436_LS-5p29599486117e-05_ST-383p923575745_M-TI64_XI-0p0002_XF-0p0014_XL-0p0012_TE-0p0021_DT-4p83407377027e-06_H-02b1b704be,old-data-remote-clean,True,,True,,reused_after_git_diff_proved_all_inputs_unchanged,0,False
P-223p161294482_VX-0p578452940205_LS-4p86833733719e-05_ST-359p100984903_M-TI64_XI-0p0002_XF-0p0014_XL-0p0012_TE-0p0021_DT-8p33969415266e-06_H-1e85da8953,old-data-remote-clean,True,,True,,reused_after_git_diff_proved_all_inputs_unchanged,0,False
P-225p511353261_VX-0p242923031869_LS-6p38341457094e-05_ST-340p774386379_M-TI64_XI-0p0002_XF-0p0014_XL-0p0012_TE-0p0021_DT-1p9858638211e-05_H-5cefbb31d2,old-data-remote-clean,True,,True,,reused_after_git_diff_proved_all_inputs_unchanged,0,False
P-226p648480029_VX-0p577602942666_LS-6p93800013331e-05_ST-342p653362063_M-TI64_XI-0p0002_XF-0p0014_XL-0p0012_TE-0p0021_DT-8p35196680396e-06_H-b4093437b1,old-data-remote-clean,True,,True,,reused_after_git_diff_proved_all_inputs_unchanged,0,False
P-227p690023792_VX-0p392329282459_LS-7p92871102354e-05_ST-391p94840599_M-TI64_XI-0p0002_XF-0p0014_XL-0p0012_TE-0p0021_DT-1p22961013075e-05_H-12074f4927,old-data-remote-clean,True,,True,,reused_after_git_diff_proved_all_inputs_unchanged,0,False
P-228p907235932_VX-0p414638318501_LS-7p95917332413e-05_ST-340p25610662_M-TI64_XI-0p0002_XF-0p0014_XL-0p0012_TE-0p0021_DT-1p16345267376e-05_H-02b1b704be,old-data-remote-clean,True,,True,,reused_after_git_diff_proved_all_inputs_unchanged,0,False
P-234p345987256_VX-0p872091919433_LS-7p00578367301e-05_ST-333p182550298_M-TI64_XI-0p0002_XF-0p0014_XL-0p0012_TE-0p0021_DT-5p53166529298e-06_H-b41981edcb,old-data-remote-clean,True,,True,,reused_after_git_diff_proved_all_inputs_unchanged,0,False
P-235p890696826_VX-0p62852965691_LS-7p09715556056e-05_ST-349p581827429_M-TI64_XI-0p0002_XF-0p0014_XL-0p0012_TE-0p0021_DT-7p6752473809e-06_H-765072ed36,old-data-remote-clean,True,,True,,reused_after_git_diff_proved_all_inputs_unchanged,0,False
P-236p206080041_VX-0p584146530445_LS-8p43378292301e-05_ST-319p849522294_M-TI64_XI-0p0002_XF-0p0014_XL-0p0012_TE-0p0021_DT-8p25840838144e-06_H-b41981edcb,old-data-remote-clean,True,,True,,reused_after_git_diff_proved_all_inputs_unchanged,0,False
P-240p318887809_VX-0p361018894241_LS-4p85509578057e-05_ST-398p513006139_M-TI64_XI-0p0002_XF-0p0014_XL-0p0012_TE-0p0021_DT-1p33625155912e-05_H-3a501d5f99,old-data-remote-clean,True,,True,,reused_after_git_diff_proved_all_inputs_unchanged,0,False
P-243p325077963_VX-0p998321353283_LS-5p70160449472e-05_ST-337p156153016_M-TI64_XI-0p0002_XF-0p0014_XL-0p0012_TE-0p0021_DT-4p83223221376e-06_H-d7a336064e,old-data-remote-clean,True,,True,,reused_after_git_diff_proved_all_inputs_unchanged,0,False
P-246p298220115_VX-0p718479932945_LS-4p8795144948e-05_ST-311p768373355_M-TI64_XI-0p0002_XF-0p0014_XL-0p0012_TE-0p0021_DT-6p71434285331e-06_H-0b12abf205,old-data-remote-clean,True,,True,,reused_after_git_diff_proved_all_inputs_unchanged,0,False
P-246p882256304_VX-0p912145169038_LS-8p52944569156e-05_ST-321p903093968_M-TI64_XI-0p0002_XF-0p0014_XL-0p0012_TE-0p0021_DT-5p288764077e-06_H-0b12abf205,old-data-remote-clean,True,,True,,reused_after_git_diff_proved_all_inputs_unchanged,0,False
P-76p6986127633_VX-0p686212461643_LS-6p4052091323e-05_ST-393p159111444_M-TI64_XI-0p0002_XF-0p0014_XL-0p0012_TE-0p0021_DT-7p0300684885e-06_H-b41981edcb,old-data-remote-clean,True,,True,,reused_after_git_diff_proved_all_inputs_unchanged,0,False
P-78p6311637963_VX-0p75889512334_LS-7p24228839444e-05_ST-395p823418581_M-TI64_XI-0p0002_XF-0p0014_XL-0p0012_TE-0p0021_DT-6p3567684844e-06_H-9aaaba6a78,old-data-remote-clean,True,,True,,reused_after_git_diff_proved_all_inputs_unchanged,0,False
P-80p5741190929_VX-0p403249617425_LS-8p97039861056e-05_ST-397p637850573_M-TI64_XI-0p0002_XF-0p0014_XL-0p0012_TE-0p0021_DT-1p19631126592e-05_H-6464f5e6a2,old-data-remote-clean,True,,True,,reused_after_git_diff_proved_all_inputs_unchanged,0,False
P-91p4898167395_VX-0p477122889388_LS-7p769973149e-05_ST-351p010780102_M-TI64_XI-0p0002_XF-0p0014_XL-0p0012_TE-0p0021_DT-1p01108555266e-05_H-b41981edcb,old-data-remote-clean,True,,True,,reused_after_git_diff_proved_all_inputs_unchanged,0,False
P-92p2921456709_VX-0p425581954559_LS-4p53091383738e-05_ST-356p588229582_M-TI64_XI-0p0002_XF-0p0014_XL-0p0012_TE-0p0021_DT-1p13353504568e-05_H-765072ed36,old-data-remote-clean,True,,True,,reused_after_git_diff_proved_all_inputs_unchanged,0,False
P-92p9578294978_VX-0p909619863772_LS-6p47386544357e-05_ST-309p507384821_M-TI64_XI-0p0002_XF-0p0014_XL-0p0012_TE-0p0021_DT-5p30344685197e-06_H-765072ed36,old-data-remote-clean,True,,True,,reused_after_git_diff_proved_all_inputs_unchanged,0,False
P-93p7392388905_VX-0p76284290369_LS-5p63100861802e-05_ST-349p958485388_M-TI64_XI-0p0002_XF-0p0014_XL-0p0012_TE-0p0021_DT-6p32387163816e-06_H-5cefbb31d2,old-data-remote-clean,True,,True,,reused_after_git_diff_proved_all_inputs_unchanged,0,False
P-97p5646849269_VX-0p800614374072_LS-8p74302358335e-05_ST-345p052442693_M-TI64_XI-0p0002_XF-0p0014_XL-0p0012_TE-0p0021_DT-6p02552334713e-06_H-b41981edcb,old-data-remote-clean,True,,True,,reused_after_git_diff_proved_all_inputs_unchanged,0,False
P-97p9405338961_VX-0p913267755474_LS-7p48831340213e-05_ST-390p809181728_M-TI64_XI-0p0002_XF-0p0014_XL-0p0012_TE-0p0021_DT-5p28226314145e-06_H-0b12abf205,old-data-remote-clean,True,,True,,reused_after_git_diff_proved_all_inputs_unchanged,0,False
