simulation_id,P,VX,LS,ST,label_group,monitor_row_count,valid_melt_row_count,invalid_or_no_melt_row_count,valid_ratio_row_count,invalid_ratio_row_count,invalid_ratio_nonpositive_width_count,invalid_ratio_below_guard_count,melt_onset_position_s,last_active_melt_position_s,recording_end_position_s,domain_exit_observed,reaches_85pct,reaches_90pct,reaches_95pct,reaches_100pct,adaptive_interval_available,adaptive_start_position_s,adaptive_end_position_s,adaptive_observation_count,common_start_position_s,common_end_position_s,common_observation_count,T0_start_position_s,T0_end_position_s,T0_observation_count,global_max_depth_position_s,global_max_ratio_position_s,persistent_max_depth_position_s,persistent_max_ratio_position_s,label_frame_count,physical_label_frame_count
sim_00001,101.127472137,0.52394730996,4.5e-05,300.0,conduction-only,68796,68685,111,68671,14,0,14,0.0008724591633352995,0.5403772946649008,0.5403772946649008,False,False,False,False,False,True,0.042126584575876556,0.49912316925235956,58181,0.1,0.55,56071,0.43248219119208176,0.5403772946649008,13744,0.22818592705377508,0.2063921398380989,0.4315086953609772,0.2248100549925468,352,351
sim_00002,104.101541641,0.916529700054,8.82882842693e-05,394.968412652,conduction-only,115600,78809,36791,77874,935,155,780,0.1510875767947681,1.2337132543457074,1.588048778632426,True,True,True,True,True,True,0.19234170220730934,0.9587458745874589,55785,0.1,0.55,29024,0.7502281839659098,0.8999913299713425,10906,0.8532422655675981,0.8728811074078641,0.6946626634449875,0.8933986683169937,390,267
sim_00003,105.276295276,0.639039009111,7.6636834293e-05,367.44858305,conduction-only,68796,53638,15158,53546,92,0,92,0.1452997020129247,0.6590780491937331,0.6590780491937331,False,False,False,False,False,True,0.18655382742546595,0.6178239237811919,45027,0.1,0.55,42246,0.5563235291841719,0.6590780491937331,10732,0.40120129143169914,0.33907573274001296,0.34488803506743543,0.34101952911871647,121,97
sim_00004,107.176159755,0.320752066655,8.75302281584e-05,393.859643937,conduction-only,115600,86427,29173,86275,152,0,152,0.14037902096469052,0.5557593252736799,0.5557593252736799,False,False,False,False,False,True,0.18163314637723177,0.5145051998611386,69259,0.1,0.55,85228,0.47268427536311514,0.5557593252736799,17286,0.4477209253702388,0.3379088618110866,0.4504412310576536,0.3585756690629202,141,105
sim_00005,109.759946449,0.241926176876,4.5e-05,300.0,conduction-only,68796,68695,101,68683,12,0,12,0.0003665548860335964,0.2495125186898195,0.2495125186898195,False,False,False,False,False,True,0.04162068029857485,0.20825839327727821,45945,0.1,0.55,41245,0.1996861059243186,0.2495125186898195,13746,0.2311514795974607,0.23258347497114754,0.2082557219520747,0.16965967402004092,163,162
sim_00006,110.234671953,0.866589137882,8.08580037422e-05,348.980680204,conduction-only,115600,84822,30778,84009,813,155,658,0.1472604503103912,1.248970879964893,1.5015179779864798,True,True,True,True,True,True,0.18851457572293245,0.9587458745874589,59297,0.1,0.55,30993,0.7494601777977262,0.8999964351503669,11594,0.5157282171752396,0.9389514759177655,0.7263203887966742,0.9491839488156444,375,273
sim_00007,110.642328299,0.274154737479,7.4676600105e-05,358.612942181,conduction-only,115600,81836,33764,81592,244,0,244,0.13884514653559912,0.4750212633416769,0.4750212633416769,False,False,False,False,False,True,0.18009927194814038,0.4337671379291356,61750,0.1,0.55,81836,0.40778617117662286,0.4750212633416769,16368,0.4372978429049006,0.31889783115685366,0.43022795320200774,0.3498185044195842,121,86
sim_00008,112.428225508,0.704865651228,6.30987392704e-05,309.241492678,conduction-only,115600,99324,16276,98156,1168,43,1125,0.14425063920934633,1.1935050403570187,1.2213036156565626,True,True,True,True,True,True,0.18550476462188756,0.9587458745874589,73196,0.1,0.55,38396,0.7488528736130081,0.8999924695757011,14311,0.5673269381579461,0.42924177973649463,0.6002797562962469,0.43614923048960125,304,261
sim_00009,112.904894498,0.537693260466,4.63068354409e-05,322.169166627,conduction-only,68796,50863,17933,50733,130,0,130,0.14465013445665034,0.5545542918663884,0.5545542918663884,False,False,False,False,False,True,0.1859042598691916,0.5133001664538471,40629,0.1,0.55,50297,0.47257558986270004,0.5545542918663884,10176,0.44264417581994775,0.4455609399373237,0.4900346497409006,0.4988085438104023,103,78
sim_00010,113.286681534,0.56768277259,5.80401726566e-05,302.148970527,conduction-only,68796,52004,16792,51889,115,0,115,0.14299676113574114,0.5854842176849303,0.5854842176849303,False,False,False,False,False,True,0.1842508865482824,0.544230092272389,42311,0.1,0.55,47832,0.4969936210041457,0.5854842176849303,10404,0.47976828961407164,0.4746394724854739,0.5337918300353015,0.48536549186856875,110,84
sim_00011,114.820217584,0.948189613582,6.03705790634e-05,353.560035146,conduction-only,115600,76273,39327,74793,1480,408,1072,0.14534362043855592,1.2293442630370213,1.6429051428143902,True,True,True,True,True,True,0.18659774585109717,0.9587458745874589,54325,0.1,0.55,28458,0.7490775398429603,0.8999931042302403,10623,0.7421014616380835,0.8640049273206813,0.7588240997958386,0.8978620246036749,403,267
sim_00012,115.281467344,0.424433079834,5.4086019252e-05,352.652659088,conduction-only,115600,93297,22303,93142,155,0,155,0.14201765480093406,0.7354049017744552,0.7354049017744552,False,False,False,False,False,True,0.18327178021347532,0.6941507763619138,80330,0.1,0.55,64144,0.6167317317297802,0.7354049017744552,18661,0.5291577399753183,0.44202253918540446,0.5691479508265095,0.4504429132816161,182,150
sim_00013,116.440418649,0.621036488786,7.33150072515e-05,327.034160515,conduction-only,115600,100316,15284,100230,86,0,86,0.14238081355569265,1.0760548593729922,1.0760548593729922,True,True,True,True,True,True,0.1836349389682339,0.9587458745874589,83282,0.1,0.55,43785,0.748484756668259,0.8999910148021611,16282,0.43351477720023934,0.4322771109172247,0.44615194741561537,0.4448212281405517,270,235
sim_00014,116.693370328,0.231004403842,8.2871053211e-05,317.198938228,conduction-only,115600,76235,39365,75885,350,0,350,0.1363790724400664,0.400255726964861,0.400255726964861,False,False,False,False,False,True,0.17763319785260764,0.35900160155231975,52397,0.1,0.55,76235,0.34748322834161915,0.400255726964861,15247,0.3683971319924236,0.2879574722621646,0.3563479270402094,0.30482841765034824,102,67
sim_00015,118.4900546,0.535113778256,4.79907961621e-05,385.412174328,conduction-only,115600,97713,17887,97586,127,0,127,0.14358678872084038,0.9271786631014314,0.9271786631014314,False,True,True,False,False,True,0.18484091413338163,0.8859245376888902,87430,0.1,0.55,50672,0.7487252822613492,0.899996914125911,18867,0.38226024939794523,0.38007127200420315,0.40404573796042886,0.40675592147234857,232,197
sim_00016,119.65849417,0.305673131798,5.10692886867e-05,393.327897391,conduction-only,115600,84827,30773,84549,278,0,278,0.14110804924346548,0.5296324206230985,0.5296324206230985,False,False,False,False,False,True,0.18236217465600674,0.4883782952105572,66813,0.1,0.55,84827,0.4519286459633886,0.5296324206230985,16966,0.41148042357766285,0.39075921523729673,0.4220470796856998,0.423251613412983,135,99
sim_00017,122.148440758,0.768953415756,4.5e-05,300.0,conduction-only,68796,68708,88,68697,11,0,11,0.0010151200208,0.793066322950078,0.793066322950078,False,False,False,False,False,True,0.042269245433341256,0.7518121975375367,61550,0.1,0.55,39030,0.634660015954303,0.793066322950078,13749,0.7699298343260069,0.7548470541669581,0.7135291315203459,0.2715486660440832,516,515
sim_00018,122.399838052,0.958262341264,8.77032416896e-05,376.830559352,conduction-only,115600,80593,35007,79461,1132,472,660,0.146384692890426,1.3039309708646092,1.6603579137305478,True,True,True,True,True,True,0.18763881830296725,0.9587458745874589,53681,0.1,0.55,28086,0.7492813747378922,0.8999909775564934,10497,0.8123740156160209,0.8949506125189044,0.8380470655196375,0.9072135241632975,413,288
sim_00019,123.578555013,0.413960648538,5.40122226787e-05,380.745973079,conduction-only,115600,92898,22702,92744,154,0,154,0.14099243525436622,0.7172595741021004,0.7172595741021004,False,False,False,False,False,True,0.18224656066690748,0.6760054486895591,79602,0.1,0.55,65932,0.6020108119286418,0.7172595741021004,18581,0.5301756604430707,0.3123563640610104,0.5432697275907615,0.3478304349340546,179,146
sim_00020,124.939831153,0.895565001264,4.79284796095e-05,395.904294171,conduction-only,115600,82053,33547,80281,1772,423,1349,0.14494556984153978,1.2463412605627158,1.551723753588617,True,True,True,True,True,True,0.18619969525408103,0.9587458745874589,57549,0.1,0.55,30161,0.7489960351289149,0.8999896243890567,11253,0.6731636991893768,0.6496263002205126,0.7010221253978381,0.40986404202567667,383,274
sim_00021,126.228008246,0.201684842681,4.5e-05,300.0,conduction-only,68796,68711,85,68701,10,0,10,0.0002571739674468357,0.20800929328408094,0.20800929328408094,False,False,False,False,False,True,0.0415112993799881,0.16675516787153968,41422,0.1,0.55,35741,0.1664617164718873,0.20800929328408094,13749,0.1910100233962282,0.1910131851223098,0.16675492496429978,0.1660054294763169,136,135
sim_00022,126.429096271,0.381791494837,8.54596605095e-05,336.470624887,conduction-only,115600,91636,23964,91517,119,0,119,0.13726705228559852,0.6615208618252347,0.6615208618252347,False,False,False,False,False,True,0.17852117769813977,0.6202667364126934,77217,0.1,0.55,72142,0.5566756251836602,0.6615208618252347,18328,0.5688321561879957,0.37234499042514196,0.48394088031288557,0.3811148544649621,168,133
sim_00023,129.840936159,0.750604494449,8.84568803437e-05,319.185657099,conduction-only,115600,102959,12641,102870,89,0,89,0.1423191950462589,1.3005541997989962,1.3005541997989962,True,True,True,True,True,True,0.18357332045880015,0.9587458745874589,68905,0.1,0.55,36226,0.7484647761913092,0.8999977033379934,13474,0.5072802551520627,0.49534700617372923,0.41713414171427127,0.432790252736731,322,291
sim_00024,133.003569327,0.736244453131,4.5e-05,300.0,conduction-only,68796,68716,80,68707,9,0,9,0.0008835820332705309,0.7593316698683735,0.7593316698683735,False,False,False,False,False,True,0.04213770744581179,0.7180775444558322,61240,0.1,0.55,40766,0.607652555812566,0.7593316698683735,13750,0.4962183738029107,0.3908186627280393,0.627896240961568,0.3438113375291271,494,493
sim_00025,133.058435031,0.81650327798,4.78587303962e-05,362.382821566,conduction-only,115600,89295,26305,88235,1060,300,760,0.14386747337053243,1.2366245302164767,1.4147354234883118,True,True,True,True,True,True,0.1851215987830737,0.9587458745874589,63214,0.1,0.55,33173,0.748781337370314,0.8999887171057372,12360,0.6181158866383281,0.8211368667142793,0.7335864269455293,0.8373234378859175,354,272
sim_00026,133.757797566,0.645163458122,4.5e-05,300.0,conduction-only,68796,68717,79,68707,10,0,10,0.0007645953509587034,0.6653945492023504,0.6653945492023504,False,False,False,False,False,True,0.04201872076349996,0.6241404237898092,60186,0.1,0.55,46525,0.5324701166189324,0.6653945492023504,13751,0.6436623352243895,0.6441653710890143,0.5982459151884895,0.24755709711505847,433,432
sim_00027,134.442185153,0.806363522352,4.5e-05,300.0,conduction-only,68796,68717,79,68708,9,0,9,0.0009556365795541321,0.8316495388788234,0.8316495388788234,False,False,False,False,False,True,0.04220976199209539,0.7903954134662822,61891,0.1,0.55,37217,0.6655127059332459,0.8316495388788234,13751,0.8278073364517751,0.8269856706513585,0.6141612546729689,0.26682449197668917,541,540
sim_00028,135.171981101,0.652238458987,5.89001447273e-05,362.997098414,conduction-only,115600,101224,14376,101132,92,0,92,0.1406459674911946,1.1301177562607896,1.1301177562607896,True,True,True,True,True,True,0.18190009290373585,0.9587458745874589,79474,0.1,0.55,41866,0.7481309662216818,0.899997049659084,15540,0.5206587675208878,0.49936285894463606,0.5249394322058434,0.5248319097272084,283,249
sim_00029,135.208661893,0.295797438033,4.5e-05,300.0,mixed,68796,68718,78,68708,10,0,10,0.0003461176586340891,0.3050730794767972,0.3050730794767972,False,False,False,False,False,True,0.041600243071175345,0.26381895406425593,50112,0.1,0.55,46262,0.24412928900760705,0.3050730794767972,13751,0.3050730794767972,0.3050730794767972,0.26381739076183325,0.26381739076183325,199,198
sim_00030,136.115095044,0.8200930762,6.39666133344e-05,362.502989524,conduction-only,115600,93923,21677,92163,1760,757,1003,0.1413024430159314,1.2957369107292154,1.4209553797848422,True,True,True,True,True,True,0.18255656842847265,0.9587458745874589,63145,0.1,0.55,33236,0.7482638843650075,0.8999892231954353,12348,0.6033962017298534,0.4477390849803867,0.5360681164560738,0.45561597071417526,354,287
sim_00031,136.984349172,0.357723834949,5.17808569448e-05,373.061688931,conduction-only,115600,89577,26023,89361,216,0,216,0.13966822426212616,0.6198194113567697,0.6198194113567697,False,False,False,False,False,True,0.18092234967466742,0.5785652859442284,74184,0.1,0.55,76551,0.5237918125938512,0.6198194113567697,17916,0.42455857144530484,0.40033045557116415,0.4787555033501523,0.42165870619912177,157,121
sim_00032,137.340072051,0.708357837186,8.48461574474e-05,331.337392673,conduction-only,115600,102442,13158,102372,70,0,70,0.1398008481589286,1.2273544415545476,1.2273544415545476,True,True,True,True,True,True,0.18105497357146985,0.9587458745874589,73254,0.1,0.55,38625,0.7479668462486506,0.8999931791985769,14324,0.6228370707799945,0.4574048904252248,0.5791173068923872,0.48115936657935354,305,274
sim_00033,137.601432421,0.461948695475,6.48780591522e-05,397.490087405,conduction-only,115600,95673,19927,95561,112,0,112,0.13809777112704605,0.8004072989633552,0.8004072989633552,False,False,False,False,False,True,0.1793518965395873,0.7591531735508139,83762,0.1,0.55,59496,0.6679499900143008,0.8004072989633552,19137,0.6494960543799666,0.39486665558036677,0.6633468923284497,0.4544572750050651,198,168
sim_00034,138.247900083,0.876957934743,4.5e-05,300.0,conduction-only,12417,12106,311,12097,9,0,9,0.000999831897253055,0.16022708852274417,0.1633175693237956,False,False,False,False,False,True,0.04225395730979432,0.11897296311020292,5833,0.1,0.55,4580,0.13086093649261873,0.16022708852274417,2234,0.12308871590529577,0.12303611290046428,0.1189724403318969,0.1189724403318969,106,105
sim_00035,139.278080234,0.813607985113,8.25985701782e-05,356.830860854,conduction-only,115600,97924,17676,96742,1182,0,1182,0.14039248836978094,1.3344748496088361,1.4097188197700128,True,True,True,True,True,True,0.1816466137823222,0.9587458745874589,63723,0.1,0.55,33576,0.7480890470313054,0.899992074509284,12461,0.4166219316864271,0.8699771898307588,0.831977266387449,0.8837407249122539,351,296
sim_00036,140.119887795,0.222892199661,4.5e-05,300.0,mixed,68796,68721,75,68714,7,0,7,0.0002507789195289827,0.22988167238403295,0.22988167238403295,False,False,False,False,False,True,0.04150490433207024,0.1886275469714917,44028,0.1,0.55,38889,0.1839587069801155,0.22988167238403295,13751,0.2279946287695763,0.22958779306467794,0.18862454691212807,0.18862454691212807,151,150
sim_00037,140.320645521,0.612281673664,8.56006119926e-05,348.910931315,conduction-only,115600,100570,15030,100491,79,0,79,0.1380396105836075,1.0608856035803804,1.0608856035803804,True,True,True,True,True,True,0.17929373599614876,0.9587458745874589,84947,0.1,0.55,44884,0.7476125945794131,0.8999924279723943,16610,0.4701292175442533,0.5083963674836441,0.505872978902826,0.5547090097552178,265,232
sim_00038,140.539865228,0.255658736827,4.5e-05,300.0,mixed,68796,68721,75,68712,9,0,9,0.00028764497764897673,0.2636757054341345,0.2636757054341345,False,False,False,False,False,True,0.04154177039019023,0.2224215800215932,47194,0.1,0.55,42725,0.21100177900525083,0.2636757054341345,13751,0.25575344868577504,0.2590097225474899,0.22242141352307532,0.22242141352307532,172,171
sim_00039,140.573028588,0.551169304036,6.78791919712e-05,377.8442615,conduction-only,68796,51998,16798,51893,105,0,105,0.1388867063144147,0.5684529183670166,0.5684529183670166,False,False,False,False,False,True,0.18014083172695594,0.5271987929544754,42014,0.1,0.55,49763,0.4825446328421514,0.5684529183670166,10403,0.5255317457155928,0.5255317457155928,0.5255317457155928,0.5270183566519737,104,81
sim_00040,140.974625597,0.98622838083,4.5e-05,300.0,conduction-only,68796,68722,74,68713,9,0,9,0.001094823354892432,1.017154615022925,1.017154615022925,True,True,True,True,True,True,0.04234894876743369,0.9587458745874589,61980,0.1,0.55,30425,0.7202241964529817,0.8999960539309096,12166,0.9389797414464242,1.0088050362971026,0.8808296980876177,0.3962044765978097,659,658
sim_00041,143.879945116,0.336279357485,6.76007351295e-05,398.207663754,conduction-only,68796,41694,27102,41521,173,0,173,0.13673914980419294,0.346824434432669,0.346824434432669,False,False,False,False,False,True,0.17799327521673416,0.3055703090201278,25318,0.1,0.55,41694,0.30481032411322506,0.346824434432669,8339,0.346824434432669,0.3367668515700669,0.3055661202929191,0.3055661202929191,67,41
sim_00042,143.909481867,0.917293492006,5.50242100517e-05,352.206869428,conduction-only,115600,83810,31790,82410,1400,73,1327,0.14191453669567347,1.2941875907981881,1.5893721824200298,True,True,True,True,True,True,0.18316866210821472,0.9587458745874589,56405,0.1,0.55,29667,0.7483930435763192,0.899998876836174,11031,0.8060663582005662,0.4425010182266271,0.44442529108423856,0.4805330508482808,395,286
sim_00043,144.684844876,0.221020126644,8.32765690701e-05,337.418493583,conduction-only,115600,76052,39548,75856,196,0,196,0.13109066607338166,0.3829562120567492,0.3829562120567492,False,False,False,False,False,True,0.1723447914859229,0.34170208664420787,51138,0.1,0.55,76052,0.3325838651242088,0.3829562120567492,15211,0.36372472564111413,0.2892258070953275,0.3416978452309859,0.31106376271073366,98,65
sim_00044,144.999955433,0.569412101686,7.52189895652e-05,349.795043891,conduction-only,115600,99571,16029,99487,84,0,84,0.13691189814783958,0.9866065361195587,0.9866065361195587,False,True,True,True,False,True,0.17816602356038083,0.9453524107070175,89907,0.1,0.55,48399,0.7473904986081169,0.8999967003556856,17887,0.570229104693287,0.5255715981638638,0.5406821603969717,0.5323631999311681,246,213
sim_00045,145.249113956,0.501139719932,7.51242767898e-05,325.186450026,conduction-only,115600,97488,18112,97394,94,0,94,0.1361628043658144,0.8683126363666336,0.8683126363666336,False,True,False,False,False,True,0.17741692977835566,0.8270585109540923,86508,0.1,0.55,55097,0.7218843238929381,0.8683126363666336,19501,0.5001539797568202,0.3797823277854011,0.7411227965736279,0.4670535358626649,220,185
sim_00046,145.536707456,0.311971481812,7.55813970315e-05,356.422554756,conduction-only,115600,87072,28528,86922,150,0,150,0.13352101427163868,0.5405454189105986,0.5405454189105986,False,False,False,False,False,True,0.17477513968417993,0.4992912934980573,69420,0.1,0.55,87072,0.4591414543346839,0.5405454189105986,17415,0.4559815847713802,0.3967726407913428,0.48749327845651935,0.4723613745775737,137,103
sim_00047,146.427721311,0.978546391515,4.61745657385e-05,377.807319924,conduction-only,115600,76768,38832,75389,1379,589,790,0.14400973357056196,1.2699780143985504,1.6955035955616127,True,True,True,True,True,True,0.1852638589831032,0.9587458745874589,52729,0.1,0.55,27665,0.748807516541857,0.899994629532098,10312,0.5675034584226618,0.7828690047816904,0.46449804818262297,0.8200242982341035,416,279
sim_00048,149.217972816,0.206404715799,4.87379527164e-05,365.118947745,conduction-only,115600,70930,44670,70393,537,0,537,0.13826334944499175,0.3576324442178609,0.3576324442178609,False,False,False,False,False,True,0.179517474857533,0.3163783188053196,44252,0.1,0.55,70930,0.3137612240553358,0.3576324442178609,14186,0.34700566677078365,0.24597004748441126,0.3163777273998373,0.30893642867307386,91,55
sim_00049,149.254341218,0.887957223036,4.5e-05,300.0,conduction-only,68796,68726,70,68718,8,0,8,0.0009324481292103459,0.9158018618303121,0.9158018618303121,False,True,True,False,False,True,0.0421865735417516,0.8745477364177708,62528,0.1,0.55,33795,0.7201874498283861,0.8999951975671094,13515,0.8393093290039757,0.8391899090144089,0.8558750062070014,0.8558750062070014,595,594
sim_00050,149.73987868,0.504680707931,6.9723584777e-05,320.536129041,conduction-only,115600,97597,18003,97501,96,1,95,0.13629931033640835,0.8744480203772473,0.8744480203772473,False,True,False,False,False,True,0.1775534357489496,0.8331938949647062,86694,0.1,0.55,54693,0.7268185032268206,0.8744480203772473,19523,0.5718540432791956,0.5696304500610837,0.5314641797254139,0.581699897519318,219,186
sim_00051,149.779509657,0.251536582152,4.84927831067e-05,381.35096431,conduction-only,115600,78829,36771,78437,392,0,392,0.13872379481049318,0.4358313342648073,0.4358313342648073,False,False,False,False,False,True,0.17997792022303444,0.39457720885226605,56937,0.1,0.55,78829,0.376412250422855,0.4358313342648073,15766,0.37257154416105226,0.30114407898255136,0.3522751154579689,0.3061003043277427,111,75
sim_00052,150.924001842,0.859014749555,8.54585725094e-05,302.841995718,conduction-only,115600,96004,19596,95197,807,213,594,0.13905577674058797,1.3750728216564756,1.4883940190674494,True,True,True,True,True,True,0.1803099021531292,0.9587458745874589,60456,0.1,0.55,31903,0.7478134474541904,0.8999944309118652,11824,0.8694505029976137,0.8691925150695295,0.8742254059413035,0.8864791237672576,370,308
sim_00053,151.505871803,0.995509859725,6.72580848008e-05,301.996554082,conduction-only,115600,78378,37222,77744,634,265,369,0.14041518723422156,1.3099234143326017,1.7248957854390092,True,True,True,True,True,True,0.1816693126467628,0.9587458745874589,52071,0.1,0.55,27434,0.7480946936413312,0.8999934813688113,10184,0.8330462646800768,0.852483348277876,0.854064500489073,0.859926673648196,422,288
sim_00054,151.630328889,0.596649793105,5.54888002616e-05,323.086654154,conduction-only,68796,53214,15582,53115,99,0,99,0.1394583233739373,0.6153595885148586,0.6153595885148586,False,False,False,False,False,True,0.18071244878647855,0.5741054631023172,43991,0.1,0.55,45903,0.5201811470966072,0.6153595885148586,10647,0.5117059632367923,0.5151746055158499,0.5155856637478984,0.5234622286733769,116,90
sim_00055,153.721476211,0.579411174254,7.49286492013e-05,383.484527945,conduction-only,115600,99979,15621,99899,80,0,80,0.13576818090314624,1.0039316866063719,1.0039316866063719,True,True,True,True,True,True,0.1770223063156875,0.9587458745874589,90029,0.1,0.55,47694,0.7471621826891321,0.899990963077099,17604,0.5472681959436518,0.5458966359940357,0.5733923733597278,0.5769864436633925,247,218
sim_00056,155.56408626,0.882684317254,6.13538276829e-05,315.150952839,conduction-only,115600,88616,26984,87585,1031,144,887,0.1396311184247676,1.3119922550408143,1.5294057048567258,True,True,True,True,True,True,0.18088524383730883,0.9587458745874589,58791,0.1,0.55,31003,0.7479314862568417,0.8999942519507765,11498,0.35281853499997806,0.867431066147921,0.5490215613419538,0.5877349156711417,379,289
sim_00057,158.404299584,0.530960738208,8.44011119013e-05,377.174397227,conduction-only,115600,98805,16795,98721,84,0,84,0.13377051999770248,0.9199827913523224,0.9199827913523224,False,True,True,False,False,True,0.17502464541024373,0.8787286659397813,88442,0.1,0.55,52301,0.7467572885983801,0.8999977270649373,19262,0.4909875430283062,0.6391680833708515,0.6011623342928838,0.6425334632313415,231,199
sim_00058,158.77294915,0.755822601012,5.98686493415e-05,315.3922311,conduction-only,115600,102695,12905,101670,1025,418,607,0.13871814247959646,1.3020191755885384,1.3095954864628738,True,True,True,True,True,True,0.17997226789213772,0.9587458745874589,68746,0.1,0.55,36293,0.7477449028676861,0.8999913968429871,13444,0.5286782031420592,0.6039125478727108,0.7399640459429117,0.6282282714266376,326,290
sim_00059,159.365045029,0.465685970522,5.71815338387e-05,335.270795676,conduction-only,115600,95961,19639,95839,122,0,122,0.13720215272102135,0.8068827847806203,0.8068827847806203,False,False,False,False,False,True,0.17845627813356257,0.7656286593680789,84145,0.1,0.55,59147,0.6729488868989224,0.8068827847806203,19195,0.49457271718026286,0.49387495668317705,0.49979208865185587,0.5050675576083469,201,169
sim_00060,160.556282667,0.957190479289,5.53708249108e-05,363.791890923,conduction-only,115600,82849,32751,81405,1444,24,1420,0.1404936070004468,1.3291071559211896,1.6585007244870777,True,True,True,True,True,True,0.18174773241298806,0.9587458745874589,54151,0.1,0.55,28528,0.748099011033963,0.8999880812569023,10591,0.7075235328694557,0.6029796941686288,0.6166483268272085,0.5428121380057634,406,292
sim_00061,161.701140241,0.559592851831,7.43216837725e-05,378.872335114,conduction-only,68796,52520,16276,52423,97,0,97,0.13662533351097672,0.577140612496585,0.577140612496585,False,False,False,False,False,True,0.17787945892351797,0.5358864870840437,42687,0.1,0.55,49283,0.48903890489346286,0.577140612496585,10508,0.48118244287468703,0.5281803933538366,0.5333455461867025,0.533379251036689,109,84
sim_00062,163.117472792,0.458171151631,7.76324682791e-05,309.146066051,conduction-only,115600,96261,19339,96164,97,0,97,0.1329252042364304,0.7938620403783456,0.7938620403783456,False,False,False,False,False,True,0.17417932964897165,0.7526079149658044,84251,0.1,0.55,60740,0.6616777729877871,0.7938620403783456,19255,0.48219791900341175,0.5802480575684578,0.6002401213918946,0.5048875977922271,197,165
sim_00063,163.341658752,0.941874162971,5.45765866009e-05,310.281913475,conduction-only,115600,84012,31588,82591,1421,757,664,0.14044898017691293,1.3264549056678645,1.631962514737285,True,True,True,True,True,True,0.18170310558945418,0.9587458745874589,55036,0.1,0.55,28995,0.7480964541964044,0.8999965104180453,10764,0.7383583146450927,0.5254468052692117,0.6765990351649227,0.528706995441238,404,292
sim_00064,166.164223082,0.514604075971,6.70362084208e-05,302.957496397,conduction-only,68796,51159,17637,51054,105,0,105,0.13615260471341045,0.5307410747427441,0.5307410747427441,False,False,False,False,False,True,0.1774067301259517,0.4894869493302028,40466,0.1,0.55,51159,0.4518274737923991,0.5307410747427441,10235,0.4703336893495542,0.527031849323864,0.48595608404532725,0.48293342198523037,99,75
sim_00065,166.614725594,0.931765035172,5.67575778907e-05,364.064697506,conduction-only,115600,86115,29485,85413,702,0,702,0.13957033004692626,1.342207533165266,1.6144466742213746,True,True,True,True,True,True,0.18082445545946751,0.9587458745874589,55696,0.1,0.55,29373,0.7479275630976547,0.8999981514934999,10893,0.7875928467719088,0.5880101600475246,0.5883731793953861,0.6074448413479709,402,299
sim_00066,167.36850481,0.484912828283,7.82623244153e-05,326.173250025,conduction-only,115600,97365,18235,97274,91,0,91,0.13264902443747406,0.8401966948290304,0.8401966948290304,False,False,False,False,False,True,0.17390314985001532,0.7989425694164891,86018,0.1,0.55,57426,0.6986913697300537,0.8401966948290304,19476,0.4148521267372373,0.5640960524341098,0.5340946717892013,0.5902389352935716,213,179
sim_00067,167.779770961,0.390580196452,6.45833025222e-05,394.852870083,conduction-only,115600,92693,22907,92563,130,0,130,0.1342308765807562,0.6767488319222684,0.6767488319222684,False,False,False,False,False,True,0.17548500199329745,0.6354947065097272,78601,0.1,0.55,71035,0.5682493915742055,0.6767488319222684,18540,0.6477089365073516,0.43504607606144174,0.4697748429350772,0.47215699542036865,170,138
sim_00068,171.239447318,0.969583751496,7.40725617215e-05,384.912438459,conduction-only,115600,87274,28326,86376,898,441,457,0.13722362037550537,1.4055188459970003,1.6799742466112662,True,True,True,True,True,True,0.1784777457880466,0.9587458745874589,53684,0.1,0.55,28387,0.7474553939733003,0.8999889177819781,10500,0.8466410117982633,0.8729949701526633,0.6353979118579529,0.8790684683716052,418,316
sim_00069,171.382540224,0.233605939402,6.18629013601e-05,355.188153249,conduction-only,115600,77664,37936,77389,275,0,275,0.13291289401329703,0.4047633445231173,0.4047633445231173,False,False,False,False,False,True,0.1741670194258383,0.36350921911057604,54092,0.1,0.55,77664,0.3503954170107903,0.4047633445231173,15533,0.401858111582023,0.3066721720193827,0.3635078031968613,0.3385605392128022,103,69
sim_00070,171.875575389,0.916897438596,6.66389080354e-05,338.337187717,conduction-only,115600,89782,25818,88674,1108,227,881,0.1374807518474627,1.3713086317968162,1.588685950283759,True,True,True,True,True,True,0.17873487726000395,0.9587458745874589,56752,0.1,0.55,30002,0.7475066132920928,0.8999946007490112,11100,0.3509853134303951,0.8990882945349534,0.7346881298850677,0.9149569749573873,390,301
sim_00071,173.720948038,0.230617607979,6.23730108092e-05,383.499521736,conduction-only,115600,77294,38306,77040,254,0,254,0.13249122384523834,0.3995855351557128,0.3995855351557128,False,False,False,False,False,True,0.1737453492577796,0.35833140974317157,53416,0.1,0.55,77294,0.3461688268468542,0.3995855351557128,15459,0.39362810389480973,0.32505494761073717,0.35832914870388544,0.3254663298454324,102,68
sim_00072,174.128102602,0.994422815088,7.40414236536e-05,367.557277174,conduction-only,115600,86152,29448,84757,1395,619,776,0.1371451825677825,1.4212164519183634,1.7230122895653839,True,True,True,True,True,True,0.17839930798032375,0.9587458745874589,52347,0.1,0.55,27683,0.7474417454877457,0.8999936716981668,10239,0.8396916096373519,0.8560971246436921,0.8594939154477058,0.8729342125879338,425,317
sim_00073,176.31832051,0.578189015568,5.80825678862e-05,392.957182722,conduction-only,115600,99885,15715,99791,94,0,94,0.1362975175346411,1.0018140818975634,1.0018140818975634,True,True,True,True,True,True,0.17755164294718234,0.9587458745874589,90158,0.1,0.55,47734,0.7472668448473944,0.8999989080959128,17630,0.4915761102144563,0.4889251231191498,0.6926337075199369,0.5041469507666283,253,218
sim_00074,176.64993117,0.775213670345,6.57722012124e-05,360.022077993,conduction-only,115600,103893,11707,103826,67,0,67,0.13612726466648617,1.3431939219187385,1.3431939219187385,True,True,True,True,True,True,0.17738139007902742,0.9587458745874589,67248,0.1,0.55,35607,0.7472279451533539,0.8999885320476088,13152,0.7313603702903847,0.6763010112387028,0.5688538380679277,0.6643018293445838,337,302
sim_00075,177.868754925,0.784825891065,5.3694165939e-05,378.775948175,conduction-only,115600,102606,12994,101206,1400,93,1307,0.13863904037435193,1.3455373669106812,1.3598487835925521,True,True,True,True,True,True,0.17989316578689318,0.9587458745874589,66211,0.1,0.55,34957,0.7477318594282282,0.8999997381249035,12949,0.6791243485715147,0.49582204527058243,0.614538746633452,0.5214117078782703,339,300
sim_00076,179.651163568,0.66389382017,6.65035978508e-05,326.14019277,conduction-only,115600,102043,13557,101965,78,0,78,0.13499891918460313,1.1503127178535153,1.1503127178535153,True,True,True,True,True,True,0.1762530445971444,0.9587458745874589,78644,0.1,0.55,41697,0.747005986375094,0.8999940726874373,15380,0.7352372085480705,0.5093607565310978,0.738898484368216,0.5191295816132181,290,255
sim_00077,181.197687991,0.643443519749,5.49477846524e-05,320.630170488,conduction-only,115600,101377,14223,101291,86,0,86,0.1372719325847356,1.1148789783856925,1.1148789783856925,True,True,True,True,True,True,0.17852605799727686,0.9587458745874589,80911,0.1,0.55,42788,0.7474626416231429,0.8999906094432475,15821,0.5201075013961616,0.5119411838140798,0.5521366545418456,0.5343766577875854,280,247
sim_00078,181.214517461,0.293157847988,6.39704529171e-05,391.855294349,conduction-only,115600,85543,30057,85370,173,0,173,0.13218540579249677,0.5079474919540792,0.5079474919540792,False,False,False,False,False,True,0.17343953120503802,0.46669336654153787,66759,0.1,0.55,85543,0.4327970097570629,0.5079474919540792,17109,0.482939821371875,0.3650700486100465,0.41820877862847194,0.3753753209809448,129,95
sim_00079,182.701235644,0.787372384637,5.07019733104e-05,389.154544132,conduction-only,115600,100806,14794,99984,822,0,822,0.13923056504350234,1.3288078355677055,1.3642610312333778,True,True,True,True,True,True,0.1804846904560436,0.9587458745874589,65946,0.1,0.55,34794,0.7478575947891901,0.8999939208217368,12896,0.5511947757229574,1.0466446260491062,0.4814561901660542,0.8182215307235285,339,295
sim_00080,183.86712976,0.92773562332,4.77447546287e-05,393.876492884,conduction-only,115600,85528,30072,84692,836,71,765,0.14080317039137408,1.3300781823433734,1.6074650100485728,True,True,True,True,True,True,0.18205729580391533,0.9587458745874589,55849,0.1,0.55,29412,0.7481684895883952,0.8999984714663503,10923,0.34728122014180074,1.0472833907943162,0.7469312791197713,0.5066050400992136,401,296
sim_00081,184.554601264,0.855768445974,6.11854963854e-05,316.977306706,conduction-only,115600,97034,18566,96000,1034,116,918,0.13675928211014962,1.3813140654996914,1.482769227599619,True,True,True,True,True,True,0.17801340752269085,0.9587458745874589,60864,0.1,0.55,32203,0.747359812210746,0.8999916219709005,11904,0.5633630297862802,0.5798277463765811,0.5798918584020716,0.5885601855313529,365,305
sim_00082,186.021611878,0.483877556354,6.53069178085e-05,388.836932905,conduction-only,115600,97258,18342,97152,106,0,106,0.13314286209599113,0.838402904270684,0.838402904270684,False,False,False,False,False,True,0.1743969875085324,0.7971487788581427,85887,0.1,0.55,57480,0.6973517981156773,0.838402904270684,19455,0.6852871975583658,0.6426325126401633,0.5830988051744903,0.578915180658786,211,177
sim_00083,186.850960621,0.845582390035,8.39602076571e-05,354.289806443,conduction-only,115600,105084,10516,105033,51,0,51,0.13338155224991033,1.465120095561609,1.465120095561609,True,True,True,True,True,True,0.17463567766245158,0.9587458745874589,61864,0.1,0.55,32858,0.7466869248638275,0.8999982679996618,12101,0.6173863541586949,0.689201833986425,0.6929015360129237,0.6915331855660792,364,332
sim_00084,188.702615393,0.897654681927,7.37418626284e-05,361.378936642,conduction-only,115600,98715,16885,97656,1059,391,668,0.13486469112034313,1.4629527178705282,1.5553444925831237,True,True,True,True,True,True,0.1761188165328844,0.9587458745874589,58164,0.1,0.55,30840,0.7469775665799763,0.8999913985288811,11377,0.506709625758073,0.8535733194196311,0.651962596032027,0.8773811657484624,387,330
sim_00085,190.553348142,0.571798591092,6.21059581714e-05,350.091118048,conduction-only,115600,99956,15644,99866,90,0,90,0.13418178630764657,0.9907415484232455,0.9907415484232455,False,True,True,True,False,True,0.17543591172018783,0.9494874230107042,90333,0.1,0.55,48515,0.7468387835564835,0.8999987160723986,17877,0.6776186011442645,0.5488686183833825,0.6431158401192387,0.555817009183385,249,216
sim_00086,193.028200221,0.93446669696,8.62901752671e-05,365.941151844,conduction-only,115600,98231,17369,97626,605,41,564,0.13326258400654542,1.509042666686586,1.6191277780660815,True,True,True,True,True,True,0.17451670941908667,0.9587458745874589,55986,0.1,0.55,29738,0.7466656449918192,0.899989347712508,10951,0.5212863872069768,0.899989347712508,0.5500749005824807,0.6388207864462238,406,346
sim_00087,193.440626378,0.303697281962,7.07136561297e-05,354.067159473,conduction-only,115600,87233,28367,87076,157,0,157,0.12924707330236482,0.5262089135412921,0.5262089135412921,False,False,False,False,False,True,0.17050119871490607,0.48495478812875076,69101,0.1,0.55,87233,0.44681838471631974,0.5262089135412921,17447,0.5029688047870596,0.44384230169828126,0.47222922742569806,0.47039977704978664,134,101
sim_00088,193.81397439,0.717380412454,5.49903358659e-05,340.433066031,conduction-only,115600,102884,12716,102808,76,0,76,0.1368265224514997,1.2429876388569614,1.2429876388569614,True,True,True,True,True,True,0.17808064786404096,0.9587458745874589,72608,0.1,0.55,38416,0.7473683342498494,0.8999981197757989,14200,0.5155050659644158,1.042071995833345,0.535455817725422,0.5302746383191381,311,277
sim_00089,194.036512211,0.298398024189,7.09068727373e-05,343.727832606,conduction-only,115600,86760,28840,86601,159,0,159,0.12910673074397983,0.5170270181443669,0.5170270181443669,False,False,False,False,False,True,0.17036085615652108,0.4757728927318256,68306,0.1,0.55,86760,0.4394467324941002,0.5170270181443669,17352,0.47498416451348024,0.4346356798615282,0.47556520357048193,0.43667891847765394,131,98
sim_00090,194.089464462,0.388567055088,7.6021762795e-05,395.140888584,conduction-only,115600,93505,22095,93398,107,0,107,0.12880369500401548,0.6732607107144928,0.6732607107144928,False,False,False,False,False,True,0.17005782041655673,0.6320065853019515,79341,0.1,0.55,72334,0.5643712055236896,0.6732607107144928,18703,0.606717320131151,0.4982237557926858,0.6320036739008711,0.523836159640809,171,138
sim_00091,195.080816167,0.844140965531,6.21634030137e-05,331.625980857,conduction-only,115600,101411,14189,99523,1888,1201,687,0.13562266848205576,1.4186304325347872,1.4626225742887762,True,True,True,True,True,True,0.176876793894597,0.9587458745874589,61793,0.1,0.55,32737,0.7471344030894509,0.8999942629310227,12086,0.5290450127569556,0.5264519955831339,0.6594913976946002,0.5653721177387018,368,322
sim_00092,196.954129245,0.972458485112,5.85340423111e-05,310.387913302,conduction-only,115600,86616,28984,84743,1873,400,1473,0.13707636800479148,1.3995442789431027,1.684955227814072,True,True,True,True,True,True,0.17833049341733273,0.9587458745874589,53536,0.1,0.55,28314,0.7474274996288043,0.8999910713674903,10471,0.6066088514091523,0.587767949675199,0.6293986406681281,0.6066088514091523,414,311
sim_00093,197.742114875,0.874617254357,7.7301896977e-05,350.888533369,conduction-only,115600,103283,12317,102387,896,134,762,0.13318732166385827,1.4870549973553255,1.5154281006612733,True,True,True,True,True,True,0.17444144707639953,0.9587458745874589,59824,0.1,0.55,31781,0.7466395340814702,0.8999991955183027,11703,0.653433983533514,0.6392408650348185,0.6604060974482793,0.6629485491896576,378,337
sim_00094,198.603717725,0.869799932432,5.56307183941e-05,326.836247823,conduction-only,115600,95935,19665,94924,1011,56,955,0.1371885484517983,1.3878275106723097,1.5070812438176548,True,True,True,True,True,True,0.17844267386433954,0.9587458745874589,59849,0.1,0.55,31650,0.7474408987027994,0.8999946208454851,11706,0.5461296514533177,0.5471853962392919,0.5566865969533625,0.5819579450397327,374,311
sim_00095,202.397397496,0.555230188132,4.52196790327e-05,397.348654616,mixed,115600,98904,16696,98796,108,0,108,0.13906001184874217,0.9620338785212578,0.9620338785212578,False,True,True,True,False,True,0.18031413726128342,0.9207797531087165,88994,0.1,0.55,49378,0.7478194751456178,0.8999942347689672,18292,0.5108259745136448,0.5134385799285925,0.5251689629296717,0.5354104861028393,241,208
sim_00096,202.894942483,0.693798608043,7.43333938026e-05,353.442501329,conduction-only,115600,102950,12650,102888,62,0,62,0.13164210351232522,1.2021280183878913,1.2021280183878913,True,True,True,True,True,True,0.17289622892486647,0.9587458745874589,75575,0.1,0.55,40221,0.7463372518104806,0.899989600965984,14781,0.4894316414274982,0.8123414274731722,0.7714227655082202,0.8156369708613762,299,268
sim_00097,203.020934762,0.232834869492,7.55576098976e-05,395.193912826,conduction-only,115600,79527,36073,79316,211,0,211,0.12597449928513846,0.40342733039423145,0.40342733039423145,False,False,False,False,False,True,0.1672286246976797,0.3621732049816902,55877,0.1,0.55,79527,0.34793751723568705,0.40342733039423145,15906,0.36725166914079166,0.2774874873883474,0.3522951025035807,0.3051783155717763,103,71
sim_00098,203.421420958,0.245041839826,7.55920229368e-05,393.123734832,conduction-only,115600,81293,34307,81101,192,0,192,0.126094729795426,0.4245780517822768,0.4245780517822768,False,False,False,False,False,True,0.16734885520796725,0.3833239263697355,58821,0.1,0.55,81293,0.3648828673405729,0.4245780517822768,16259,0.3412037788598953,0.2900601907045943,0.36339947461878797,0.3111616897331749,108,76
sim_00099,206.272219756,0.781444456167,4.98713368602e-05,399.182507166,conduction-only,115600,103817,11783,103367,450,0,450,0.13811205474877225,1.3539898533696935,1.3539898533696935,True,True,True,True,True,True,0.1793661801613135,0.9587458745874589,66543,0.1,0.55,35154,0.7476250617286108,0.8999977040950485,13014,1.020579999633293,1.0417505678826688,0.4302097383293229,0.593120984475047,337,303
sim_00100,207.687789994,0.40901295179,7.09627718894e-05,395.011679,conduction-only,115600,94543,21057,94440,103,0,103,0.1292093850217701,0.7086868199652273,0.7086868199652273,False,False,False,False,False,True,0.17046351043431135,0.667432694552686,81088,0.1,0.55,68650,0.5927930675694171,0.7086868199652273,18911,0.679195703757326,0.6934571619608288,0.6623418053758935,0.6626235923517555,178,147
sim_00101,208.39901443,0.201684842681,6.50424237325e-05,372.154003234,unlabelled-or-ambiguous,68796,25621,43175,25237,384,0,384,0.13058366366595975,0.20800929328408094,0.20800929328408094,False,False,False,False,False,False,0.171837789078501,0.16675516787153968,0,0.1,0.55,25621,0.1925271526955043,0.20800929328408094,5124,0.20800929328408094,0.202542336075666,,,41,15
sim_00102,209.697266982,0.34452106985,7.55711119508e-05,302.470939697,conduction-only,115600,91012,24588,90894,118,0,118,0.12709353840935655,0.5969433005348264,0.5969433005348264,False,False,False,False,False,True,0.1683476638218978,0.5556891751222851,75032,0.1,0.55,81918,0.5029783055746319,0.5969433005348264,18203,0.5263585514452279,0.5089613744510368,0.5470647794081682,0.5309066843805416,151,118
sim_00103,209.90265043,0.477857533217,8.77962223972e-05,386.665335025,conduction-only,115600,98019,17581,97937,82,1,81,0.12602869489008867,0.8279721562114684,0.8279721562114684,False,False,False,False,False,True,0.16728282030262992,0.7867180307989271,86504,0.1,0.55,59197,0.6875877063127513,0.8279721562114684,19607,0.6285581071723364,0.7361990649764947,0.7395499817873951,0.7044428296997371,209,178
sim_00104,210.093044543,0.812610384047,5.18819698292e-05,390.525668596,conduction-only,115600,102091,13509,101161,930,178,752,0.13734443022209822,1.3807034875576794,1.4079903006021883,True,True,True,True,True,True,0.17859855563463947,0.9587458745874589,64051,0.1,0.55,33867,0.7474761753184407,0.899996171509678,12527,1.0130529378373656,1.0406200075984848,0.5302150002725123,0.5843994181701612,350,309
sim_00105,211.816522505,0.520710876808,4.80782604054e-05,318.660442183,keyhole-containing,115600,98033,17567,97925,108,0,108,0.13722127899558806,0.9022231051397941,0.9022231051397941,False,True,True,False,False,True,0.1784754044081293,0.860968979727253,87466,0.1,0.55,52890,0.7474469525618518,0.8999997728068887,19553,0.6937583100533439,0.6926584586963896,0.6992356557368629,0.6992356557368629,228,193
sim_00106,212.092538093,0.79096361392,7.95278191784e-05,347.757246585,conduction-only,115600,104588,11012,104536,52,0,52,0.13064930749893927,1.3704834670980544,1.3704834670980544,True,True,True,True,True,True,0.17190343291148052,0.9587458745874589,66369,0.1,0.55,35360,0.7461364689723508,0.8999984701870661,12983,0.5449027954744466,0.5441324543441899,0.6389952265849467,0.6127076291895447,344,310
sim_00107,212.375773305,0.288263650586,8.35116649465e-05,312.800399692,conduction-only,115600,86918,28682,86782,136,0,136,0.12403946830108242,0.4994674348362639,0.4994674348362639,False,False,False,False,False,True,0.16529359371362368,0.4582133094237226,67816,0.1,0.55,86918,0.42438355398655775,0.4994674348362639,17384,0.49674629257029485,0.38296515720108104,0.4443781582058756,0.4439505195559139,127,95
sim_00108,218.135837307,0.411781802704,5.72773552436e-05,307.427986374,conduction-only,115600,94140,21460,94016,124,0,124,0.13257464629798835,0.7134843407787196,0.7134843407787196,False,False,False,False,False,True,0.1738287717105296,0.6722302153661783,80775,0.1,0.55,67644,0.5973058130123581,0.7134843407787196,18830,0.3509233741484274,0.3820645428548987,0.6476298302027159,0.4970831505928514,178,147
sim_00109,218.170294814,0.856055229722,8.4878396046e-05,374.889107005,conduction-only,115600,105496,10104,105449,47,0,47,0.12974449343815816,1.483266130843143,1.483266130843143,True,True,True,True,True,True,0.17099861885069942,0.9587458745874589,61390,0.1,0.55,32739,0.7459553673838517,0.8999979855486705,12010,0.7172351382163964,0.5544444408042825,0.8046657822394229,0.5785981945004519,372,341
sim_00110,218.315594294,0.70315782783,8.24115302242e-05,319.105471156,conduction-only,115600,103388,12212,103331,57,0,57,0.1287993686720547,1.2183445114822473,1.2183445114822473,True,True,True,True,True,True,0.17005349408459594,0.9587458745874589,74838,0.1,0.55,39954,0.7457632745316104,0.899992705748336,14639,0.6701767088560068,0.5616325208169933,0.5888581305244952,0.5872673229635135,305,273
sim_00111,218.361623288,0.747470791734,7.1375293786e-05,300.016423613,conduction-only,115600,103887,11713,103824,63,0,63,0.1313229090442177,1.2951245091202768,1.2951245091202768,True,True,True,True,True,True,0.17257703445675895,0.9587458745874589,70174,0.1,0.55,37359,0.7462694112865597,0.899992453477353,13726,0.7804970362621745,0.5088584414825928,0.440077930726445,0.5661027396629489,322,289
sim_00112,218.521967876,0.920050491887,7.11545742791e-05,300.883630406,conduction-only,115600,99085,16515,97497,1588,527,1061,0.13254503967861958,1.4988730824487873,1.5941491692361187,True,True,True,True,True,True,0.17379916509116083,0.9587458745874589,56915,0.1,0.55,30257,0.7465203151768416,0.8999877736938635,11133,0.6367822796098576,0.6010761220549122,0.6402012692224069,0.63936031878106,397,339
sim_00113,218.846041052,0.877499363134,5.6186595533e-05,332.098243358,conduction-only,115600,97481,18119,96456,1025,527,498,0.1357974429021772,1.4178369722087734,1.5204218606266415,True,True,True,True,True,True,0.17705156831471847,0.9587458745874589,59429,0.1,0.55,31478,0.7471675394085843,0.8999928864127518,11624,1.0199873042744487,1.0641402920313496,0.5338576527629038,0.586912190989986,379,319
sim_00114,219.728507107,0.99152217595,6.49667790705e-05,393.045172137,conduction-only,115600,90250,25350,89588,662,40,622,0.1339051516708079,1.4751174831671185,1.71798642249301,True,True,True,True,True,True,0.17515927708334916,0.9587458745874589,52719,0.1,0.55,27982,0.7467918418989116,0.8999986252615461,10313,0.8000843590634954,0.7990592134870242,0.8018523281843251,0.802788302211969,427,333
sim_00115,220.072225453,0.425314653287,7.24382024748e-05,381.760927113,conduction-only,115600,95539,20061,95442,97,0,97,0.12800149790794674,0.7369323827117656,0.7369323827117656,False,False,False,False,False,True,0.169255623320488,0.6956782572992243,82602,0.1,0.55,66206,0.6151513221599498,0.7369323827117656,19110,0.5730578045930503,0.5524602230011907,0.6089375873697247,0.5882126219336875,184,154
sim_00116,220.256246323,0.736244453131,5.8651582992e-05,358.758060614,conduction-only,68796,56576,12220,56506,70,0,70,0.13494826258961565,0.7593316698683735,0.7593316698683735,False,False,False,False,False,True,0.1762023880021569,0.7180775444558322,49101,0.1,0.55,37601,0.6344604798728994,0.7593316698683735,11320,0.3620582329571005,0.5036980585812951,0.3792571342179603,0.5564751225923225,143,118
sim_00117,220.462707704,0.946752122114,8.2300511791e-05,313.968629329,conduction-only,115600,99899,15701,99165,734,179,555,0.13086887405200878,1.5484029407854443,1.640414436217629,True,True,True,True,True,True,0.17212299946455004,0.9587458745874589,55427,0.1,0.55,29520,0.7461827631590107,0.8999902225380013,10843,0.6975380610748178,0.9362222387756364,0.612973645969509,0.9397405321403239,409,351
sim_00118,221.576145741,0.645163458122,7.3903246332e-05,318.590626589,conduction-only,68796,55105,13691,55029,76,0,76,0.13248766969778353,0.6653945492023504,0.6653945492023504,False,False,False,False,False,True,0.17374179511032478,0.6241404237898092,46576,0.1,0.55,43168,0.5588132265327456,0.6653945492023504,11026,0.42745496550583445,0.5690991122598837,0.496633628697826,0.6019774299091456,127,101
sim_00119,223.185978023,0.49812515056,8.14092862216e-05,313.14559396,conduction-only,115600,98693,16907,98615,78,0,78,0.12633522403508082,0.8630893651414618,0.8630893651414618,False,True,False,False,False,True,0.16758934944762208,0.8218352397289207,87646,0.1,0.55,56746,0.7157429592193771,0.8630893651414618,19742,0.7394186996675283,0.6778706519802657,0.6450889207434946,0.629944600984555,218,186
sim_00120,225.435545826,0.86531734725,6.64530039846e-05,364.26873014,conduction-only,115600,104687,10913,103897,790,186,604,0.13244588726584525,1.49012145133156,1.4993143772087802,True,True,True,True,True,True,0.1737000126783865,0.9587458745874589,60524,0.1,0.55,32180,0.7464932828087315,0.8999978671696939,11840,0.5743818052323478,0.5669133740090447,0.6091956211493449,0.6654293970143537,375,339
sim_00121,226.380431899,0.944850720806,5.28066961668e-05,329.382817534,conduction-only,115600,88998,26602,88063,935,393,542,0.13686879904293345,1.3972167133071358,1.6371199242943584,True,True,True,True,True,True,0.1781229244554747,0.9587458745874589,55115,0.1,0.55,29156,0.7473741916282368,0.8999952581213997,10781,1.0290858776414207,1.0482557449884666,0.5356303386083227,0.6344375570307482,405,311
sim_00122,227.786589532,0.30483440954,7.3391662288e-05,359.259536614,conduction-only,115600,88106,27494,87975,131,0,131,0.12574341424327842,0.5281791869119049,0.5281791869119049,False,False,False,False,False,True,0.16699753965581968,0.4869250614993636,70042,0.1,0.55,88106,0.4476920877111582,0.5281791869119049,17622,0.45036416755187847,0.3799167342963531,0.4797482428259285,0.4661318028393967,134,102
sim_00123,228.027925635,0.505215249994,8.46696228038e-05,384.613421136,conduction-only,115600,99092,16508,99017,75,0,75,0.1251080530379944,0.8753742084431932,0.8753742084431932,False,True,False,False,False,True,0.16636217845053566,0.834120083030652,88201,0.1,0.55,56111,0.7253248623507095,0.8753742084431932,19822,0.7374296029815475,0.722539092123226,0.6921294692539502,0.7461278922733171,219,189
sim_00124,228.959503311,0.480404321045,6.0796636822e-05,336.115873803,mixed,115600,97392,18208,97290,102,0,102,0.13122105298723413,0.8323849137025274,0.8323849137025274,False,False,False,False,False,True,0.1724751783997754,0.7911307882899861,85939,0.1,0.55,58163,0.6921591732200755,0.8323849137025274,19481,0.6631640771072349,0.6572252174189368,0.6844207791938696,0.6858532719465565,209,177
sim_00125,229.384485496,0.374546448601,5.61892687884e-05,346.005476369,conduction-only,115600,92098,23502,91962,136,0,136,0.13206520138940192,0.6489675459582886,0.6489675459582886,False,False,False,False,False,True,0.17331932680194317,0.6077134205457473,77401,0.1,0.55,74463,0.5455899448589033,0.6489675459582886,18421,0.6471380781565412,0.5020668440489865,0.5054788633055901,0.5037671365904078,164,131
sim_00126,229.39632192,0.478464286668,6.73160020334e-05,313.601802213,conduction-only,115600,97582,18018,97485,97,0,97,0.12932676491478612,0.8290234631977393,0.8290234631977393,False,False,False,False,False,True,0.17058089032732737,0.7877693377851981,86081,0.1,0.55,58663,0.6890845025227619,0.8290234631977393,19520,0.7081476724393552,0.7093525181513277,0.7221281462413853,0.7232824610715975,210,177
sim_00127,229.433825146,0.876957934743,6.77377719261e-05,358.900225798,conduction-only,68796,58625,10171,58569,56,0,56,0.13379360827917555,0.9044576569111867,0.9044576569111867,False,True,True,False,False,True,0.1750477336917168,0.8632035314986455,52348,0.1,0.55,31650,0.7467716480675054,0.8999896575324425,11661,0.5774699985393327,0.6286258780660077,0.6971665803737798,0.6529226054406906,170,146
sim_00128,232.272231119,0.829414389208,6.88203473429e-05,337.761722106,conduction-only,115600,105052,10548,104996,56,0,56,0.13122923295177297,1.4371061927227455,1.4371061927227455,True,True,True,True,True,True,0.17248335836431422,0.9587458745874589,63244,0.1,0.55,33672,0.746254647325024,0.8999898891741891,12371,0.7606838572230856,0.6002872270851504,0.79605441177804,0.5931162142950243,359,325
sim_00129,234.126702838,0.687075747958,6.17120592739e-05,378.601004081,conduction-only,115600,102789,12811,102719,70,0,70,0.13202534647172748,1.190479481797891,1.190479481797891,True,True,True,True,True,True,0.17327947188426873,0.9587458745874589,76278,0.1,0.55,40577,0.7464148295106038,0.8999995018406575,14919,0.48806590155509155,1.0235835671924232,0.5049501077881416,0.5049604252622447,300,267
sim_00130,236.763849841,0.800191513041,6.78517796151e-05,355.994293515,conduction-only,115600,104692,10908,104634,58,0,58,0.1309255263499518,1.3864724240599333,1.3864724240599333,True,True,True,True,True,True,0.17217965176249306,0.9587458745874589,65580,0.1,0.55,34928,0.7461964119592903,0.8999949373482244,12828,0.6114147811942666,0.6098800244358382,0.5833577691674572,0.6423734777918805,348,314
sim_00131,237.061390501,0.937687434899,4.7428723532e-05,371.522412287,conduction-only,115600,89120,26480,87399,1721,436,1285,0.1384044448309441,1.3909092177895226,1.6247082725661752,True,True,True,True,True,True,0.17965857024348533,0.9587458745874589,55428,0.1,0.55,29270,0.747693547254345,0.8999865201278546,10840,1.0227454334800488,1.0430341424675003,0.3339641882308854,0.6973647988920927,403,310
sim_00132,237.334710533,0.878374904385,5.83506544001e-05,382.29609677,conduction-only,115600,100522,15078,99556,966,3,963,0.13399659897617028,1.457341372921341,1.5219388897138724,True,True,True,True,True,True,0.17525072438871153,0.9587458745874589,59507,0.1,0.55,31583,0.7468070989872666,0.8999958272583644,11640,1.0358511458032444,1.0532244157767734,0.5258484130767273,0.6356301292308739,379,328
sim_00133,238.319282705,0.253960262605,5.92121677448e-05,384.128817665,conduction-only,115600,81642,33958,81406,236,0,236,0.1293559379406966,0.4400307865934718,0.4400307865934718,False,False,False,False,False,True,0.17061006335323786,0.3987766611809305,59958,0.1,0.55,81642,0.37789664244330834,0.4400307865934718,16329,0.2760495669973734,0.2758021024180528,0.2961648122857849,0.2969449228944304,112,79
sim_00134,238.568860016,0.692328357435,6.05159821767e-05,343.889085336,conduction-only,115600,102869,12731,102799,70,0,70,0.13220409844833703,1.1995805508239046,1.1995805508239046,True,True,True,True,True,True,0.17345822386087828,0.9587458745874589,75682,0.1,0.55,40252,0.7464464998305379,0.8999914485284034,14802,0.5542794539097035,1.049220769552654,0.7697360373395993,0.5732433101320386,301,268
sim_00135,240.150803131,0.464417169926,7.86781365033e-05,312.042470117,conduction-only,115600,97629,17971,97546,83,0,83,0.1252023091404967,0.8046843647657672,0.8046843647657672,False,False,False,False,False,True,0.16645643455303796,0.7634302393532258,85781,0.1,0.55,61030,0.6687913792921151,0.8046843647657672,19529,0.46933531710091775,0.5761823039650561,0.5028005592919138,0.6057574775841967,204,172
sim_00137,243.936893462,0.545516283598,5.6904291389e-05,360.082453969,mixed,115600,99442,16158,99351,91,0,91,0.13222243486069837,0.9452028317695138,0.9452028317695138,False,True,True,False,False,True,0.17347656027323963,0.9039487063569727,89356,0.1,0.55,51093,0.7464499151070375,0.8999920445264707,18785,0.513471702896053,0.5135698238117496,0.5335716374477328,0.6985822115091438,238,204
sim_00138,244.346847818,0.692297386822,7.87344285445e-05,312.797130588,conduction-only,115600,103349,12251,103292,57,0,57,0.12721489989121476,1.199526888794027,1.199526888794027,True,True,True,True,True,True,0.16846902530375601,0.9587458745874589,76165,0.1,0.55,40734,0.7454483473345198,0.8999928860957082,14899,0.680904753670049,0.6978546155979004,0.6978546155979004,0.6811537979445162,300,270
sim_00139,244.476502118,0.49526990633,8.73976519147e-05,336.403249939,conduction-only,115600,99038,16562,98964,74,0,74,0.12304666171095689,0.8581421527250158,0.8581421527250158,False,True,False,False,False,True,0.16430078712349813,0.8168880273124746,87927,0.1,0.55,57516,0.7111283096137844,0.8581421527250158,19811,0.624500617606521,0.6280406532488783,0.7437074255808351,0.6592246772520589,217,185
sim_00140,246.351544569,0.710899222357,7.68583817855e-05,368.835081824,conduction-only,115600,103635,11965,103579,56,0,56,0.12758418014862,1.231757837992877,1.231757837992877,True,True,True,True,True,True,0.16883830556116125,0.9587458745874589,74137,0.1,0.55,39633,0.7455268184717424,0.899994896200881,14502,0.6294068267644506,0.698454380112158,0.6326451721494615,0.6355638475046168,309,277
sim_00141,247.324665735,0.977977830338,8.14476523525e-05,343.514293063,conduction-only,115600,97616,17984,97068,548,138,410,0.1287615132989346,1.5595978684354748,1.6945184634020554,True,True,True,True,True,True,0.17001563871147582,0.9587458745874589,53800,0.1,0.55,28721,0.745764014662133,0.8999994297041686,10526,0.7091432636254219,0.9259957265358513,0.7316960617846893,0.9331030109662284,423,358
sim_00142,248.695097131,0.887957223036,5.04400481913e-05,333.269518536,conduction-only,68796,58528,10268,58467,61,0,61,0.13676336197787767,0.9158018618303121,0.9158018618303121,False,True,True,False,False,True,0.17801748739041892,0.8745477364177708,52328,0.1,0.55,31035,0.7473566696755719,0.8999951975671094,11473,0.340226964165215,0.6413269578101564,0.3524741068375592,0.6775306295551528,174,148
sim_00143,52.5445860993,0.633129978235,4.5e-05,300.0,conduction-only,68796,68528,268,68488,40,0,40,0.0025454280332058306,0.652983722420478,0.652983722420478,False,False,False,False,False,True,0.04379955344574709,0.6117295970079367,59835,0.1,0.55,47410,0.5228990191943576,0.652983722420478,13713,0.24175195836837757,0.055403313363561676,0.4355434850703011,0.08278884908302492,424,422
sim_00144,53.4525830151,0.394191978834,4.5e-05,300.0,conduction-only,68796,68535,261,68496,39,0,39,0.001543410557470346,0.4065530847313308,0.4065530847313308,False,False,False,False,False,True,0.0427975359700116,0.36529895931878953,54573,0.1,0.55,51884,0.3255554145854228,0.4065530847313308,13714,0.23174621241059384,0.07796291229433683,0.233624543694556,0.10732927151884059,265,263
sim_00145,55.2363598851,0.252312006514,4.5e-05,300.0,conduction-only,68796,68546,250,68510,36,0,36,0.0009462614146674832,0.2602240280648012,0.2602240280648012,False,False,False,False,False,True,0.04220038682720874,0.21896990265225993,46733,0.1,0.55,42379,0.20837203712216545,0.2602240280648012,13716,0.24937336271536004,0.06569956917538955,0.12511754782622952,0.0781390090886208,170,169
sim_00146,59.3859586774,0.222677981218,4.5e-05,300.0,conduction-only,68796,68571,225,68538,33,0,33,0.0007516109427828312,0.22966073646071558,0.22966073646071558,False,False,False,False,False,True,0.04200573635532409,0.18840661104817433,43855,0.1,0.55,38860,0.18388203854968904,0.22966073646071558,13721,0.22609384675166755,0.06800243812862188,0.13888738025669028,0.0821691120807491,150,149
sim_00147,63.4364244112,0.87794698955,4.5e-05,300.0,conduction-only,68796,68591,205,68562,29,0,29,0.002699949217957188,0.9054777265836941,0.9054777265836941,False,True,True,False,False,True,0.04395407463049845,0.8642236011711529,62322,0.1,0.55,34181,0.7205405112468404,0.8999920066564151,13642,0.6392802152692607,0.07847288672362863,0.6708529130347949,0.08633601755825343,587,584
sim_00148,67.3007401579,0.639039009111,4.5e-05,300.0,conduction-only,68796,68607,189,68592,15,0,15,0.001811852222899035,0.6590780491937331,0.6590780491937331,False,False,False,False,False,True,0.043065977635440296,0.6178239237811919,59994,0.1,0.55,46971,0.5276258268839299,0.6590780491937331,13729,0.47154261401774794,0.10862139373751413,0.27440308688230913,0.13912322126669616,429,427
sim_00149,71.6599397131,0.537693260466,4.5e-05,300.0,conduction-only,68796,68622,174,68598,24,0,24,0.0014035164949792005,0.5545542918663884,0.5545542918663884,False,False,False,False,False,True,0.04265764190752046,0.5133001664538471,58386,0.1,0.55,55830,0.44392523444942095,0.5545542918663884,13732,0.2627260660745503,0.0906612503286934,0.22078998452993842,0.12105409569175166,361,359
sim_00150,71.8781037338,0.56768277259,4.5e-05,300.0,conduction-only,68796,68623,173,68599,24,0,24,0.001473280589104701,0.5854842176849303,0.5854842176849303,False,False,False,False,False,True,0.04272740600164596,0.544230092272389,58928,0.1,0.55,52879,0.46868489237991545,0.5854842176849303,13732,0.16671606494235927,0.15592990490909892,0.3054755331981394,0.1589204034224284,381,379
sim_00151,72.876222127,0.956216556443,4.5e-05,300.0,conduction-only,68796,68626,170,68603,23,0,23,0.002438590484111206,0.9862016772715252,0.9862016772715252,False,True,True,True,False,True,0.04369271589665246,0.944947551858984,62870,0.1,0.55,31380,0.7205012857042523,0.8999891294260199,12528,0.2462196094151449,0.11154250351756499,0.6604953042699683,0.11865487697852042,640,638
sim_00152,74.5163352518,0.201002332148,4.5e-05,300.0,conduction-only,68796,68631,165,68610,21,0,21,0.0004975295300577616,0.20730538052722183,0.20730538052722183,False,False,False,False,False,True,0.04175165494259902,0.16605125511468058,41249,0.1,0.55,35628,0.16594666303514527,0.20730538052722183,13733,0.1732804288189049,0.08503028855192218,0.16604898847981137,0.10384530091423527,136,135
sim_00153,76.2867092863,0.693142102976,5.97726511316e-05,352.808802476,conduction-only,115600,98399,17201,96591,1808,374,1434,0.1513179537945999,1.1734987307291662,1.2009905079834233,True,True,True,True,True,True,0.19257207920714114,0.9587458745874589,73756,0.1,0.55,38367,0.7502737117244294,0.8999901183695459,14416,0.31082533578390725,0.2533485285426096,0.49072379176794173,0.2844341217829235,299,255
sim_00154,77.1412079225,0.963213148682,8.58459875102e-05,347.110895162,conduction-only,115600,67412,48188,66134,1278,580,698,0.16252433740787187,1.135798374584707,1.668936057649873,True,True,True,True,True,True,0.20377846282041315,0.9587458745874589,52288,0.1,0.55,26824,0.7525174249806988,0.8999931464010558,10219,0.49393705368567487,0.48755767392842625,0.5113864704989763,0.5103184324209947,410,238
sim_00155,77.2146242418,0.855104240805,5.17451748821e-05,369.375740917,conduction-only,115600,76933,38667,76628,305,91,214,0.15132297165944641,1.1373457883263474,1.4816183754152001,True,True,True,True,True,True,0.19257709707198767,0.9587458745874589,59778,0.1,0.55,31093,0.7502650743308583,0.8999979189788144,11687,0.49510648427657794,1.1189081322826535,0.6714519790591583,0.8649795659358149,368,246
sim_00156,77.6071708937,0.433253784538,7.48831675656e-05,344.207921637,conduction-only,115600,92514,23086,92372,142,0,142,0.15006045102373808,0.7506883228474865,0.7506883228474865,False,False,False,False,False,True,0.19131457643627933,0.7094341974349453,79810,0.1,0.55,61600,0.6305679961440875,0.7506883228474865,18504,0.37754492621294145,0.37754492621294145,0.3889510827781547,0.38466644592875504,190,152
sim_00157,78.18378444,0.804643363326,4.5e-05,300.0,conduction-only,68796,68641,155,68620,21,0,21,0.0018709797192475056,0.8298754389584817,0.8298754389584817,False,False,False,False,False,True,0.043125105131788764,0.7886213135459404,61801,0.1,0.55,37298,0.6642862081987697,0.8298754389584817,13735,0.15910534549272598,0.12390724396566337,0.431648011108709,0.13048347732822582,539,537
sim_00158,78.3109819881,0.819836919071,8.42620704062e-05,359.367913591,conduction-only,115600,77030,38570,76685,345,0,345,0.15872868001598445,1.1052653070314935,1.4205115425411363,True,True,True,True,True,True,0.1999828054285257,0.9587458745874589,61748,0.1,0.55,31829,0.7517525745344206,0.8999901830053227,12068,0.2726854706203722,0.9478390313092215,0.48645530917903945,0.9526051789426987,353,236
sim_00159,79.1315856604,0.738156089448,4.61026192486e-05,370.648100327,conduction-only,115600,88092,27508,86135,1957,1166,791,0.15016616283638257,1.1247446339473461,1.2789851504200234,True,True,True,True,True,True,0.19142028824892382,0.9587458745874589,69359,0.1,0.55,36128,0.7500433258785661,0.8999925487817296,13558,0.42050261443570514,0.37321835735739645,0.48824902118366753,0.407274089922803,316,241
sim_00160,82.6239965333,0.567384090403,6.29636633496e-05,368.216750002,conduction-only,115600,98133,17467,98012,121,0,121,0.14866942486814105,0.9830926501638376,0.9830926501638376,False,True,True,True,False,True,0.1899235502806823,0.9418385247512964,88435,0.1,0.55,47191,0.7497362811606889,0.8999966285476629,17675,0.375114334716601,0.3368648759212105,0.40126577901408167,0.42669455761820013,248,210
sim_00161,83.4130417347,0.322492976823,7.74299080266e-05,371.281013063,conduction-only,115600,85330,30270,85079,251,0,251,0.14644195871714202,0.5587757580917744,0.5587757580917744,False,False,False,False,False,True,0.18769608412968328,0.517521632679233,68254,0.1,0.55,83513,0.47631307993488786,0.5587757580917744,17066,0.5291731911359252,0.28485788677776736,0.4145128354596955,0.3065886449660162,142,105
sim_00162,85.9171141482,0.437191097118,7.49853263212e-05,320.146293033,conduction-only,115600,93089,22511,92952,137,0,137,0.14765133721473944,0.757510408845785,0.757510408845785,False,False,False,False,False,True,0.1889054626272807,0.7162562834332438,80500,0.1,0.55,61412,0.6355387820933139,0.757510408845785,18620,0.3974449434653235,0.2907366246394302,0.3972353658849394,0.2961018467691364,191,154
sim_00163,88.5362444224,0.501389667448,5.57799721508e-05,306.707884961,conduction-only,115600,96086,19514,95934,152,0,152,0.14678070818822203,0.8687457143645233,0.8687457143645233,False,True,False,False,False,True,0.18803483360076328,0.827491588951982,85111,0.1,0.55,53659,0.7243554186477656,0.8687457143645233,19220,0.6417134116540202,0.3201916198795215,0.7274133991937851,0.38465225295453276,219,182
sim_00164,89.9091669401,0.254822282222,4.87644701271e-05,380.329545658,conduction-only,115600,77721,37879,77323,398,0,398,0.14476653589969204,0.44152438707347086,0.44152438707347086,False,False,False,False,False,True,0.1860206613122333,0.4002702616609296,56111,0.1,0.55,77721,0.38217287150356105,0.44152438707347086,15545,0.3796261204271955,0.27120554682396775,0.38063784057740363,0.2985026479340723,112,75
sim_00165,90.076179662,0.77719101666,5.40074605054e-05,384.823624425,conduction-only,115600,86565,29035,85266,1299,428,871,0.1483274826516031,1.156669920465367,1.3466200219134077,True,True,True,True,True,True,0.18958160806414434,0.9587458745874589,66031,0.1,0.55,34470,0.7496693489669055,0.8999904035258471,12909,0.3862236649864175,0.3862352715519303,0.6693499918780043,0.3931294432172068,336,249
sim_00166,90.3577538021,0.606625134218,7.79676391387e-05,345.062824899,conduction-only,115600,99205,16395,99109,96,0,96,0.14919174381779254,1.0510846548953818,1.0510846548953818,True,True,True,True,True,True,0.1904458692303338,0.9587458745874589,84514,0.1,0.55,44078,0.7498412200511155,0.8999949552121151,16520,0.4274726154750733,0.3165138712055788,0.3906681380353327,0.3330481599814241,263,228
sim_00167,91.2790923782,0.717805590808,4.80270969425e-05,305.576577078,conduction-only,115600,91837,23763,89662,2175,758,1417,0.1480407106922885,1.1360274375071637,1.243724335077205,True,True,True,True,True,True,0.18929483610482975,0.9587458745874589,71524,0.1,0.55,37351,0.7496182371035872,0.8999937703871648,13982,0.6857187333007427,0.39929398843323133,0.495740408640148,0.4042631338528323,311,246
sim_00168,92.0306358058,0.635786516528,6.85874395416e-05,348.651765165,conduction-only,115600,100129,15471,100031,98,0,98,0.14754679853469949,1.1016118746438528,1.1016118746438528,True,True,True,True,True,True,0.18880092394724074,0.9587458745874589,80808,0.1,0.55,42227,0.7495141411127805,0.8999983048284191,15797,0.4023507824076726,0.4010741734418124,0.40276042406671275,0.40927671128479104,276,240
sim_00169,93.2349412886,0.318136092994,6.37701091846e-05,373.005608841,conduction-only,115600,85561,30039,85317,244,0,244,0.14336233430674117,0.5512266911680519,0.5512266911680519,False,False,False,False,False,True,0.18461645971928242,0.5099725657555106,68251,0.1,0.55,85303,0.4696539195414295,0.5512266911680519,17113,0.3604943913427028,0.36061828592677303,0.39586550762918826,0.3665961996081636,140,103
sim_00170,93.7887593651,0.596649793105,4.5e-05,300.0,conduction-only,68796,68674,122,68659,15,0,15,0.0010919774241498752,0.6153595885148586,0.6153595885148586,False,False,False,False,False,True,0.04234610283669114,0.5741054631023172,59450,0.1,0.55,50311,0.49251077451340114,0.6153595885148586,13742,0.5389288484751696,0.31708456046404304,0.5729378866821547,0.32189443406431734,400,399
sim_00171,95.3163706926,0.805137875644,4.85393429372e-05,366.295455669,conduction-only,115600,83841,31759,82518,1323,178,1145,0.14786569663858995,1.159608461363584,1.3950428665561279,True,True,True,True,True,True,0.1891198220511312,0.9587458745874589,63776,0.1,0.55,33311,0.7495787120883185,0.8999966692204928,12469,0.462532511137836,0.48342789835684935,0.49488895630002033,0.4266049606306851,348,251
sim_00172,96.3048792257,0.802808589305,5.4654094879e-05,371.269771919,conduction-only,115600,85807,29793,84090,1717,622,1095,0.14741380629948955,1.17987890776501,1.391006968619033,True,True,True,True,True,True,0.1886679317120308,0.9587458745874589,63999,0.1,0.55,33445,0.749491368365291,0.8999908211436736,12512,0.3601714626084696,0.4292442657816164,0.672575416723297,0.40755525244222374,347,255
sim_00173,97.6596954152,0.666705631564,4.5e-05,300.0,conduction-only,68796,68680,116,68667,13,0,13,0.0011601833172238587,0.687612243967648,0.687612243967648,False,False,False,False,False,True,0.04241430872976512,0.6463581185551067,60425,0.1,0.55,45021,0.5503291931038681,0.687612243967648,13743,0.24815850775892304,0.11488372195698661,0.4366628690290715,0.13715163504250874,447,446
sim_00174,98.2720448178,0.404108184606,6.2082238115e-05,312.013044035,conduction-only,115600,91893,23707,91733,160,1,159,0.14373197877396598,0.7001884488425362,0.7001884488425362,False,False,False,False,False,True,0.18498610418650724,0.6589343234299949,78271,0.1,0.55,67089,0.5888996554982814,0.7001884488425362,18380,0.5367763681359986,0.3772396582460249,0.4297443810564836,0.40282284050397354,176,140
sim_00175,98.5137427197,0.87794698955,7.93698578539e-05,325.506902574,unlabelled-or-ambiguous,68796,57448,11348,57376,72,0,72,0.14944070300614284,0.9054777265836941,0.9054777265836941,False,True,True,False,False,True,0.1906948284186841,0.8642236011711529,51179,0.1,0.55,30426,0.7498898734554225,0.8999920066564151,11411,0.8041422165101643,0.8630646290712006,0.5818705951941783,0.8642229106192951,171,143
sim_00176,98.6430415843,0.873233253177,7.66258838728e-05,323.115187787,conduction-only,115600,81050,34550,79548,1502,649,853,0.14971216676083426,1.210513112811271,1.513030075388993,True,True,True,True,True,True,0.19096629217337552,0.9587458745874589,58658,0.1,0.55,30570,0.7499459748348913,0.8999879096320121,11468,0.7783664029741818,0.8713715083533949,0.3981258448988959,0.8764358289281318,374,263
sim_00177,99.0936052974,0.300439480401,4.95355776339e-05,340.036700638,conduction-only,115600,83697,31903,83393,304,0,304,0.14377910602250757,0.5205641998024267,0.5205641998024267,False,False,False,False,False,True,0.18503323143504882,0.4793100743898855,65369,0.1,0.55,83697,0.44520817755363035,0.5205641998024267,16740,0.48120489265837535,0.34867984799416585,0.4160722409134552,0.35632395051654675,132,95
sim_00178,99.5435087092,0.559592851831,4.5e-05,300.0,conduction-only,68796,68683,113,68669,14,0,14,0.0009486045344596718,0.577140612496585,0.577140612496585,False,False,False,False,False,True,0.04220272994700093,0.5358864870840437,58848,0.1,0.55,53645,0.4619051155234923,0.577140612496585,13744,0.39569697036695684,0.2552394415835401,0.4130371922644742,0.26867225560501734,376,375
sim_00179,99.7580068976,0.617169232141,5.71058654975e-05,337.763092798,conduction-only,115600,99873,15727,99759,114,0,114,0.1455975036442563,1.0693541575938914,1.0693541575938914,True,True,True,True,True,True,0.18685162905679753,0.9587458745874589,83458,0.1,0.55,43712,0.7491232729521894,0.8999911064939177,16315,0.48230675586256916,0.4577909302330592,0.4903985472133802,0.4954015898749192,268,231
sim_00180,100.408926704,0.564694322144,6.38706769001e-05,381.633419878,conduction-only,115600,98505,17095,98400,105,0,105,0.1448118985988633,0.9784321539483222,0.9784321539483222,False,True,True,True,False,True,0.1860660240114045,0.9371780285357809,88761,0.1,0.55,47871,0.748965913812543,0.8999946216604159,17850,0.3809936681176642,0.4211941264536614,0.4862712333577327,0.4855518537922292,247,210
sim_00181,102.025474754,0.424029390103,7.94734719352e-05,354.238131711,conduction-only,115600,93072,22528,92949,123,0,123,0.143314446867233,0.734705438370025,0.734705438370025,False,False,False,False,False,True,0.18456857227977425,0.6934513129574837,80093,0.1,0.55,64001,0.6164309765660725,0.734705438370025,18616,0.3794436793395213,0.38038410095717545,0.4143193969570275,0.40550679274308,185,148
sim_00182,102.449509144,0.918837420936,5.51471704636e-05,339.471112188,conduction-only,115600,76491,39109,74259,2232,1378,854,0.147141350952662,1.2005823891223144,1.5920473106252993,True,True,True,True,True,True,0.18839547636520326,0.9587458745874589,55931,0.1,0.55,29237,0.7494323815143861,0.8999989794567601,10937,0.4736318062468499,0.5072394979042784,0.44140093029912586,0.45001965563217283,392,261
sim_00183,110.110895975,0.451651242475,8.6859144947e-05,349.969995372,conduction-only,115600,94615,20985,94507,108,0,108,0.1421909906173299,0.7825651519399567,0.7825651519399567,False,False,False,False,False,True,0.18344511602987112,0.7413110265274154,82432,0.1,0.55,60250,0.6544951939314144,0.7825651519399567,18925,0.44087533572693927,0.4414708296918527,0.4567926881783231,0.445050873822593,195,162
sim_00184,110.131967455,0.225166085115,5.63312318207e-05,326.092691949,conduction-only,115600,73962,41638,73585,377,0,377,0.1406012090819765,0.3901398137291711,0.3901398137291711,False,False,False,False,False,True,0.18185533449451777,0.3488856883166298,49506,0.1,0.55,73962,0.34023282849090136,0.3901398137291711,14793,0.37357728761193726,0.2663878273836936,0.34888351626919745,0.29404721441677234,100,64
sim_00185,118.139890353,0.847347819728,5.08934239386e-05,372.913421628,conduction-only,115600,84280,31320,83314,966,0,966,0.14491836000084565,1.2152848399614924,1.4681790127658905,True,True,True,True,True,True,0.1861724854133869,0.9587458745874589,60828,0.1,0.55,31882,0.7489953472992084,0.8999980421769078,11894,0.4753540169377803,0.423462212735441,0.7619838190771842,0.43995536263677865,364,264
sim_00186,121.661876009,0.281641526906,7.16631028882e-05,330.429005364,conduction-only,115600,83123,32477,82924,199,1,198,0.13720548082321601,0.48799344177160126,0.48799344177160126,False,False,False,False,False,True,0.17845960623575727,0.44673931635906,63571,0.1,0.55,83123,0.4178375134048059,0.48799344177160126,16625,0.484684850962948,0.3384480651769463,0.42401596630693195,0.34425076366570023,124,89
sim_00187,126.512169142,0.57236868357,7.44940442576e-05,386.738254947,conduction-only,115600,99313,16287,99224,89,0,89,0.1398390671987938,0.9917293338309,0.9917293338309,False,True,True,True,False,True,0.18109319261133505,0.9504752084183589,89699,0.1,0.55,47808,0.7479692233328863,0.8999959182554695,17727,0.609313854240832,0.3669516550796462,0.39999673765372656,0.3934614868058855,251,215
sim_00188,128.682231034,0.601925389683,8.082715257e-05,394.322355105,conduction-only,115600,100117,15483,100032,85,1,84,0.1397970724262547,1.0429415215432913,1.0429415215432913,True,True,True,True,True,True,0.18105119783879595,0.9587458745874589,86214,0.1,0.55,45463,0.747964309207121,0.8999941742557849,16857,0.3911139842012081,0.39124926842245367,0.6759085756980967,0.4171347420246183,263,227
sim_00189,129.569646497,0.287154347682,6.5197985882e-05,393.701994752,conduction-only,115600,83795,31805,83519,276,0,276,0.13699965710427317,0.49754537260333587,0.49754537260333587,False,False,False,False,False,True,0.17825378251681442,0.4562912471907946,64619,0.1,0.55,83795,0.4254397786554443,0.49754537260333587,16759,0.3917664297951705,0.39330668591256374,0.41809483481675647,0.39849583980937164,127,92
sim_00190,131.049819122,0.780196421599,5.30845028915e-05,389.742843455,conduction-only,115600,94567,21033,92885,1682,402,1280,0.1427586289119066,1.2485530970603913,1.351827414147826,True,True,True,True,True,True,0.18401275432444786,0.9587458745874589,66252,0.1,0.55,34813,0.748558555486172,0.8999984145317764,12955,0.6717632809779892,0.5553133002618384,0.6913332078864307,0.5333467155173777,340,278
sim_00191,132.12166853,0.788188085218,6.42596953306e-05,382.443068729,conduction-only,115600,95393,20207,94573,820,56,764,0.14160871979275208,1.2684872732068084,1.3656743758432803,True,True,True,True,True,True,0.18286284520529333,0.9587458745874589,65677,0.1,0.55,34557,0.7483254077760795,0.8999930853623352,12843,0.5248028105226016,0.47229407145828767,0.608786071899146,0.4804904471603121,343,281
sim_00192,134.93654729,0.343298656719,5.9412954069e-05,389.435734624,conduction-only,115600,88773,26827,88579,194,0,194,0.1381785590785478,0.5948252549553384,0.5948252549553384,False,False,False,False,False,True,0.17943268449108907,0.5535711295427972,72733,0.1,0.55,80058,0.5034981817777144,0.5948252549553384,17755,0.5319548645724953,0.35226351025460756,0.5391618703658602,0.3579321868362225,151,116
sim_00193,137.056736091,0.84145784316,6.02926393206e-05,342.992007776,conduction-only,115600,90215,25385,89102,1113,186,927,0.14155139914978496,1.2793109872660244,1.4579735932421862,True,True,True,True,True,True,0.1828055245623262,0.9587458745874589,61521,0.1,0.55,32372,0.7483156803525255,0.8999960935757415,12031,0.48163227949451115,0.47293235521015636,0.510871412145596,0.5067736790747221,358,282
sim_00194,139.185905374,0.93275027917,8.26285474625e-05,371.150203889,conduction-only,115600,85467,30133,84688,779,112,667,0.14157825532783955,1.336428746318414,1.6161537825972256,True,True,True,True,True,True,0.1828323807403808,0.9587458745874589,55494,0.1,0.55,29198,0.7483270786755332,0.899985501624304,10852,0.7001641486045391,0.9420269886296659,0.7141825695287679,0.9438162991899551,392,290
sim_00195,140.314676599,0.596196399995,8.19973378232e-05,342.525649343,conduction-only,115600,100200,15400,100119,81,0,81,0.13772382795495058,1.0330150400814355,1.0330150400814355,True,True,True,True,True,True,0.17897795336749184,0.9587458745874589,87275,0.1,0.55,46132,0.7475451849524766,0.8999953591340364,17066,0.5488553559858261,0.5062961809571401,0.5567706994448356,0.5187051334210624,257,226
sim_00196,141.451666054,0.378275685755,6.85388508408e-05,315.145948826,conduction-only,115600,91619,23981,91489,130,0,130,0.13609950311131286,0.655429104713331,0.655429104713331,False,False,False,False,False,True,0.1773536285238541,0.6141749793007898,77066,0.1,0.55,73018,0.5515662118468481,0.655429104713331,18325,0.5368630853780095,0.42164692820045074,0.5399523368116753,0.43562440205428893,164,131
sim_00197,145.199982561,0.253198682602,7.7513591008e-05,398.693210886,conduction-only,115600,80754,34846,80564,190,0,190,0.1323370699623302,0.43871121539624414,0.43871121539624414,False,False,False,False,False,True,0.17359119537487144,0.3974570899837029,59006,0.1,0.55,80754,0.3774388054849931,0.43871121539624414,16151,0.4369812333082679,0.29412703796774936,0.39745570727723173,0.3319338630402322,112,78
sim_00198,149.381043177,0.292260061908,7.79529508561e-05,384.444199936,conduction-only,115600,85422,30178,85263,159,0,159,0.13231049463558703,0.5063919197912424,0.5063919197912424,False,False,False,False,False,True,0.17356462004812828,0.4651377943787011,66580,0.1,0.55,85422,0.43157647874543864,0.5063919197912424,17085,0.42020799638681433,0.40374642428597973,0.44992134381945925,0.40555062377706524,129,95
sim_00199,150.755371566,0.566215971452,6.88880703989e-05,365.237346809,conduction-only,115600,99482,16118,99396,86,0,86,0.1368997162646603,0.9810686787929985,0.9810686787929985,False,True,True,True,False,True,0.17815384167720155,0.9398145533804574,89764,0.1,0.55,48673,0.7473868624957765,0.8999932789995448,17988,0.4995781445807845,0.5076299038777937,0.5614372394619154,0.5296637405754522,248,213
sim_00200,155.08939981,0.967429278716,6.89242148544e-05,322.599938314,conduction-only,115600,83585,32015,82432,1153,120,1033,0.13968968378670543,1.3516878778935257,1.6762412438873235,True,True,True,True,True,True,0.18094380919924669,0.9587458745874589,53634,0.1,0.55,28281,0.7479399297042235,0.8999894005563994,10490,0.5609546080393528,0.903179043623849,0.7004216713426971,0.5637378829172034,413,300
sim_00201,156.536166657,0.9922713524,8.48527663575e-05,399.457924021,conduction-only,115600,85557,30043,84840,717,126,591,0.13906560198025553,1.4115100923176815,1.7192845023548329,True,True,True,True,True,True,0.18031972739279678,0.9587458745874589,52332,0.1,0.55,27614,0.7478169539377496,0.8999942101554815,10236,0.7961688141475322,0.9534614256762627,0.6860984945242059,0.9587396215582124,422,314
sim_00202,162.201106716,0.908426857038,8.56302518524e-05,395.218711567,conduction-only,115600,94402,21198,93946,456,167,289,0.13734139882327956,1.422657919344509,1.5740091790927153,True,True,True,True,True,True,0.17859552423582079,0.9587458745874589,57291,0.1,0.55,30292,0.7474749794934948,0.8999976751615566,11206,0.4594857521145253,0.734489122505932,0.6384427698898613,0.871017209462403,390,318
sim_00203,165.961555057,0.261983014715,5.47380727674e-05,307.441799119,conduction-only,115600,81083,34517,80792,291,0,291,0.13563677747534514,0.45393161456315523,0.45393161456315523,False,False,False,False,False,True,0.1768909028878864,0.412677489150614,60063,0.1,0.55,81083,0.39027428129707115,0.45393161456315523,16217,0.37637383432737026,0.2981249982351134,0.3812689394026474,0.31932703287317904,116,81
sim_00204,171.793878697,0.802872637148,7.56304072004e-05,389.149112673,conduction-only,115600,104344,11256,104287,57,0,57,0.13555411458564695,1.3911179427629632,1.3911179427629632,True,True,True,True,True,True,0.1768082399981882,0.9587458745874589,64977,0.1,0.55,34427,0.7471206842704009,0.8999904166152911,12708,0.4999569391169416,0.4992952316274637,0.45217230477793174,0.575507585490653,348,313
sim_00205,178.179131994,0.674364285322,6.39772031663e-05,392.701744041,conduction-only,115600,102200,13400,102123,77,0,77,0.13553926474140507,1.1684546388358548,1.1684546388358548,True,True,True,True,True,True,0.17679339015394632,0.9587458745874589,77369,0.1,0.55,40995,0.7471160620536067,0.8999914409427537,15130,0.7875656782370547,0.4927787928757681,0.7297561893621494,0.5047327344423646,293,260
sim_00206,180.4231768,0.853402947533,8.92029044014e-05,332.421625378,conduction-only,115600,104077,11523,103556,521,114,407,0.13418001030345175,1.4653590489315438,1.4786705858318008,True,True,True,True,True,True,0.175434135715993,0.9587458745874589,61235,0.1,0.55,32494,0.7468409436743394,0.8999971993870439,11978,0.481461848297123,0.48147459301110856,0.8692430075228534,0.8753175184373478,371,334
sim_00207,181.628478787,0.952936233186,6.91719476824e-05,399.362560559,conduction-only,115600,90703,24897,89826,877,26,851,0.13632515479212687,1.4318055603863844,1.6511294954614681,True,True,True,True,True,True,0.17757928020466812,0.9587458745874589,54686,0.1,0.55,28947,0.7472728591639224,0.8999861584137961,10696,0.6577010989999328,0.6097238260379859,0.6762636992716228,0.6220465809847496,409,321
sim_00208,188.623199531,0.253450423389,5.98563054886e-05,373.9812389,conduction-only,115600,80799,34801,80562,237,0,237,0.13229773330537903,0.4391474005512955,0.4391474005512955,False,False,False,False,False,True,0.17355185871792028,0.3978932751387542,59073,0.1,0.55,80799,0.37777977575943417,0.4391474005512955,16160,0.3689159118186837,0.3088546441183332,0.3775708673658982,0.3388036175804445,112,78
sim_00209,189.966894809,0.644468304217,6.74843907822e-05,388.1301819,conduction-only,115600,101777,13823,101700,77,0,77,0.13362167600328106,1.116654597574763,1.116654597574763,True,True,True,True,True,True,0.17487580141582232,0.9587458745874589,81158,0.1,0.55,43097,0.7467313861727798,0.8999946694437913,15872,0.4950556127157801,0.5906674308239538,0.5164840243091379,0.532051124293128,278,247
sim_00210,191.425479448,0.407642571095,6.68635438353e-05,376.486404344,conduction-only,115600,94062,21538,93954,108,1,107,0.13171920308019233,0.7063123945769088,0.7063123945769088,False,False,False,False,False,True,0.17297332849273359,0.6650582691643675,80562,0.1,0.55,68471,0.5913992318724972,0.7063123945769088,18814,0.6381452737401859,0.5718777941918661,0.6640806914792177,0.5887606543392957,176,145
sim_00211,194.299416559,0.806548050335,7.3474496565e-05,381.946978961,conduction-only,115600,104561,11039,104506,55,0,55,0.1335500495586755,1.3974862420360157,1.3974862420360157,True,True,True,True,True,True,0.17480417497121675,0.9587458745874589,64847,0.1,0.55,34436,0.7467217497795818,0.8999891707473257,12683,0.7168708208242376,0.8669240280270327,0.5521343131994777,0.8758672617303759,351,318
sim_00212,196.499083559,0.373706074139,6.49065899682e-05,353.001345311,conduction-only,115600,92152,23448,92016,136,0,136,0.1314660043204567,0.6475114495133023,0.6475114495133023,False,False,False,False,False,True,0.17272012973299794,0.606257324100761,77422,0.1,0.55,74738,0.5443041303368334,0.6475114495133023,18432,0.6033188562162956,0.5141723822484792,0.48796023120175425,0.46844549734675645,163,130
sim_00213,199.092557979,0.316505824784,5.93128195415e-05,330.512210532,conduction-only,115600,87741,27859,87577,164,1,163,0.13228888456555254,0.548401964986695,0.548401964986695,False,False,False,False,False,True,0.1735430099780938,0.5071478395741538,70343,0.1,0.55,87741,0.46517947425130807,0.548401964986695,17549,0.4314454895698332,0.31730596822223284,0.44417466442401743,0.353681679738291,139,105
sim_00214,202.623346674,0.47308497906,5.69403778977e-05,355.073751689,conduction-only,115600,96710,18890,96599,111,0,111,0.13406408604864012,0.8197028673935125,0.8197028673935125,False,False,False,False,False,True,0.17531821146118134,0.7784487419809712,85079,0.1,0.55,58663,0.6825777029432353,0.8197028673935125,19345,0.6502529617131232,0.6429513712689843,0.6679608603600176,0.6067560766953417,205,173
sim_00215,205.507001181,0.303336340291,4.80706805647e-05,333.622908766,conduction-only,115600,85689,29911,85477,212,0,212,0.13611132066171772,0.5255835186634661,0.5255835186634661,False,False,False,False,False,True,0.17736544607425897,0.48432939325092483,67535,0.1,0.55,85689,0.4476919021934122,0.5255835186634661,17138,0.2847269561471573,0.2847269561471573,0.48417185127603224,0.3128801725222844,134,99
sim_00216,207.940614893,0.318461267696,7.4904937331e-05,370.987623474,conduction-only,115600,89019,26581,88891,128,0,128,0.1270056642931161,0.5517901134863062,0.5517901134863062,False,False,False,False,False,True,0.16825978970565736,0.510535988073765,71728,0.1,0.55,88643,0.4668366289760753,0.5517901134863062,17804,0.43588151058828806,0.4798352089372313,0.48708834823878283,0.47149872326050607,140,108
sim_00217,210.464738138,0.237113609615,6.46217439158e-05,306.057190902,conduction-only,115600,79285,36315,79047,238,0,238,0.1291493075298332,0.41084099961413273,0.41084099961413273,False,False,False,False,False,True,0.17040343294237445,0.3695868742015915,56061,0.1,0.55,79285,0.35450558403335175,0.41084099961413273,15857,0.4044031303471354,0.2549697121423685,0.367157707999863,0.2814961124840255,105,72
sim_00218,213.87237204,0.329966780459,7.13970627017e-05,390.008507958,conduction-only,115600,89803,25797,89677,126,0,126,0.12771168217796017,0.5717254363566349,0.5717254363566349,False,False,False,False,False,True,0.16896580759050142,0.5304713109440936,73116,0.1,0.55,85408,0.4829265296883422,0.5717254363566349,17961,0.5454911715614124,0.4387049916108213,0.5180900440425534,0.5143572267761563,145,112
sim_00219,218.352277735,0.662592791038,5.96508880483e-05,307.55260089,conduction-only,115600,102165,13435,102089,76,0,76,0.13352113982433644,1.1480584562361165,1.1480584562361165,True,True,True,True,True,True,0.1747752652368777,0.9587458745874589,78948,0.1,0.55,41927,0.7467136474262831,0.8999978199695162,15440,0.5540631533508186,1.0703492238191976,0.5233246428001084,0.5577560694427837,285,254
sim_00220,218.623352015,0.878480487228,8.13012329394e-05,381.006435488,conduction-only,115600,105702,9898,105656,46,0,46,0.1304294185837535,1.5221218305447703,1.5221218305447703,True,True,True,True,True,True,0.17168354399629476,0.9587458745874589,59770,0.1,0.55,31850,0.746093767730294,0.8999989102517828,11693,0.47256082004164823,0.6366938093512771,0.8211900778294947,0.8830055315198848,382,350
sim_00221,222.052357041,0.997941039436,5.29599486117e-05,383.923575745,conduction-only,115600,85482,30118,84145,1337,2,1335,0.1372263618349529,1.415822262630258,1.7291082315500979,True,True,True,True,True,True,0.17848048724749416,0.9587458745874589,52158,0.1,0.55,27580,0.7474543803260412,0.8999929617386174,10202,1.0370402376197112,1.055417338328599,0.7337122711181379,0.6335551373030135,426,314
sim_00222,223.161294482,0.578452940205,4.86833733719e-05,359.100984903,mixed,115600,99839,15761,99743,96,0,96,0.13675906593805728,1.002271377713961,1.002271377713961,True,True,True,True,True,True,0.17801319135059854,0.9587458745874589,90065,0.1,0.55,47659,0.7473569033022348,0.8999935479061137,17611,0.6493086526660845,0.6469767045919578,0.6676406472479938,0.6707004342114049,249,218
sim_00223,225.511353261,0.242923031869,6.38341457094e-05,340.774386379,conduction-only,115600,80341,35259,80077,264,1,263,0.12846970510183953,0.4209068446320096,0.4209068446320096,False,False,False,False,False,True,0.16972383051438078,0.37965271921946836,57673,0.1,0.55,80341,0.3624195169417478,0.4209068446320096,16069,0.2685403879962349,0.27343973666868204,0.3368121823917352,0.2866493780369645,107,74
sim_00224,226.648480029,0.577602942666,6.93800013331e-05,342.653362063,conduction-only,115600,100622,14978,100542,80,0,80,0.12977046297904307,1.0007986075968878,1.0007986075968878,True,True,True,True,True,True,0.17102458839158433,0.9587458745874589,91004,0.1,0.55,48535,0.7459556142198355,0.8999954564196377,17799,0.7171088269924649,0.7499283024459605,0.750144665264418,0.7505945474243824,248,218
sim_00225,227.690023792,0.392329282459,7.92871102354e-05,391.94840599,conduction-only,115600,94353,21247,94254,99,0,99,0.12505767789764508,0.6797794308182734,0.6797794308182734,False,False,False,False,False,True,0.16631180331018633,0.6385253054057322,80326,0.1,0.55,72276,0.5688363491539392,0.6797794308182734,18873,0.6399337308465526,0.5550802227617134,0.6278938832130706,0.5642157978521077,170,140
sim_00226,228.907235932,0.414638318501,7.95917332413e-05,340.25610662,conduction-only,115600,95469,20131,95376,93,0,93,0.12522398802904616,0.7184337564084616,0.7184337564084616,False,False,False,False,False,True,0.16647811344158742,0.6771796309959204,82198,0.1,0.55,68359,0.5997965649152466,0.7184337564084616,19096,0.5403879940219675,0.5565479408971434,0.5711050985626023,0.5711050985626023,179,150
sim_00227,234.345987256,0.872091919433,7.00578367301e-05,333.182550298,conduction-only,115600,105576,10024,105523,53,0,53,0.13112873398189373,1.5110525140965827,1.5110525140965827,True,True,True,True,True,True,0.17238285939443498,0.9587458745874589,60155,0.1,0.55,32031,0.7462350962317248,0.8999880676380315,11767,0.5948341106810707,0.6197278018298166,0.7131216509232078,0.683876422569872,378,346
sim_00228,235.890696826,0.62852965691,7.09715556056e-05,349.581827429,conduction-only,115600,101906,13694,101834,72,0,72,0.12910014710596174,1.0890380900164776,1.0890380900164776,True,True,True,True,True,True,0.170354272518503,0.9587458745874589,83697,0.1,0.55,44670,0.7458282262475899,0.8999912008583684,16370,0.7628934287392874,0.6464121553912108,0.6487758832593592,0.6519216430768641,274,241
sim_00229,236.206080041,0.584146530445,8.43378292301e-05,319.849522294,conduction-only,115600,101277,14323,101213,64,0,64,0.12549824302781928,1.0121365234109665,1.0121365234109665,True,True,True,True,True,True,0.16675236844036054,0.9587458745874589,90471,0.1,0.55,48479,0.7451020340986547,0.8999938846998932,17697,0.5210881052710961,0.7565160259583894,0.5962757644261707,0.7679035095184753,255,224
sim_00230,240.318887809,0.361018894241,4.85509578057e-05,398.513006139,mixed,115600,90727,24873,90565,162,0,162,0.13472376202505978,0.625528680662362,0.625528680662362,False,False,False,False,False,True,0.17597788743760104,0.5842745552498207,75477,0.1,0.55,76764,0.5273723496701557,0.625528680662362,18146,0.33928716530771563,0.33857317001935283,0.3534494122769304,0.3534494122769304,159,125
sim_00231,243.325077963,0.998321353283,5.70160449472e-05,337.156153016,conduction-only,115600,85781,29819,84876,905,544,361,0.1347634983233705,1.4183214067100534,1.7297671921273596,True,True,True,True,True,True,0.17601762373591176,0.9587458745874589,52302,0.1,0.55,27734,0.7469613341735509,0.8999916421695416,10231,0.3278409072920182,1.060292233657791,0.7470212169807983,0.868308942060072,424,313
sim_00232,246.298220115,0.718479932945,4.8795144948e-05,311.768373355,conduction-only,115600,102934,12666,102858,76,0,76,0.13649755273937036,1.2448927513401806,1.2448927513401806,True,True,True,True,True,True,0.17775167815191162,0.9587458745874589,72527,0.1,0.55,38387,0.7473080510465804,0.8999992641227976,14184,1.0181002923084699,1.0182081828594567,0.3414691478340027,0.4161730988619591,314,279
sim_00233,246.882256304,0.912145169038,8.52944569156e-05,321.903093968,conduction-only,115600,106275,9325,106233,42,0,42,0.12758984271580287,1.5804518080984384,1.5804518080984384,True,True,True,True,True,True,0.16884396812834412,0.9587458745874589,57771,0.1,0.55,30881,0.7455184482079642,0.8999907594010664,11303,0.7071394134041736,0.6215111835847121,0.7127022195237647,0.6353155825521731,394,363
sim_00234,76.6986127633,0.686212461643,6.4052091323e-05,393.159111444,conduction-only,115600,100878,14722,99598,1280,6,1274,0.15153535804267126,1.1889836865409942,1.1889836865409942,True,True,True,True,True,True,0.19278948345521252,0.9587458745874589,74480,0.1,0.55,38734,0.7503099144339274,0.8999993496311409,14559,0.3678077279494317,0.270342175083695,0.36471275121649,0.2965616058829673,293,258
sim_00235,78.6311637963,0.75889512334,7.24228839444e-05,395.823418581,conduction-only,115600,88619,26981,87583,1036,5,1031,0.15357651660741595,1.161530938395025,1.3149191713691173,True,True,True,True,True,True,0.1948306420199572,0.9587458745874589,67163,0.1,0.55,34841,0.7507163377780635,0.8999882534742373,13128,0.5055942147809904,0.24926073125386183,0.4259830482022743,0.26402167970858914,328,252
sim_00236,80.5741190929,0.403249617425,8.97039861056e-05,397.637850573,conduction-only,115600,90546,25054,90406,140,0,140,0.15157870311930824,0.698700830314647,0.698700830314647,False,False,False,False,False,True,0.1928328285318495,0.6574467049021058,76893,0.1,0.55,65936,0.589280111311832,0.698700830314647,18110,0.34260080842143886,0.26133127127098454,0.36438959633062074,0.2796818903917302,174,138
sim_00237,91.4898167395,0.477122889388,7.769973149e-05,351.010780102,conduction-only,115600,95085,20515,94977,108,0,108,0.14684456831921514,0.8266992566695284,0.8266992566695284,False,False,False,False,False,True,0.1880986937317564,0.785445131256987,83552,0.1,0.55,56381,0.6907345861582107,0.8266992566695284,19019,0.37514365866784477,0.2821243391581257,0.3983645447159531,0.30965625883798986,209,172
sim_00238,92.2921456709,0.425581954559,4.53091383738e-05,356.588229582,conduction-only,115600,92672,22928,92446,226,0,226,0.1463940825283543,0.7373955291417192,0.7373955291417192,False,False,False,False,False,True,0.18764820794089557,0.696141403729178,79739,0.1,0.55,63285,0.6191982174881672,0.7373955291417192,18536,0.34956027108453946,0.37304681184659433,0.5618117214059701,0.4069978580696971,185,150
sim_00239,92.9578294978,0.909619863772,6.47386544357e-05,309.507384821,conduction-only,115600,74005,41595,73360,645,1,644,0.14974391853914923,1.1587296205238171,1.576076272921445,True,True,True,True,True,True,0.19099804395169048,0.9587458745874589,56308,0.1,0.55,29343,0.7499559101888086,0.8999938040585184,11009,0.3353396184053742,1.0900210488171647,0.4844594116320541,0.9023106328699575,391,254
sim_00240,93.7392388905,0.76284290369,5.63100861802e-05,349.958485388,conduction-only,115600,88630,26970,86791,1839,581,1258,0.14767121741347727,1.161000323199288,1.3217593946185735,True,True,True,True,True,True,0.18892534282601853,0.9587458745874589,67331,0.1,0.55,35176,0.7495346938256259,0.8999953860450963,13164,0.435228815231942,0.35656372488975896,0.71723219918604,0.3667140672488579,329,251
sim_00241,97.5646849269,0.800614374072,8.74302358335e-05,345.052442693,conduction-only,115600,88473,27127,86658,1815,659,1156,0.15169330383458746,1.2133158907290502,1.387205105110827,True,True,True,True,True,True,0.1929474292471287,0.9587458745874589,63818,0.1,0.55,33180,0.7503460963177665,0.899990302967229,12475,0.3433636217947122,0.3091761329332976,0.3773857692552767,0.34887002550707963,348,265
sim_00242,97.9405338961,0.913267755474,7.48831340213e-05,390.809181728,conduction-only,115600,77722,37878,76096,1626,687,939,0.1497281386504612,1.2136258470073906,1.5823968863850382,True,True,True,True,True,True,0.19098226406300245,0.9587458745874589,56084,0.1,0.55,29227,0.749952875157737,0.8999899575208586,10965,0.7993677438286341,0.9065312754955037,0.8089743862498702,0.9156451150189839,391,265
