simulation_id,numeric_simulation_id,huggingface_revision,P,VX,LS,ST,melt_pool_width_selected_primary_scalar_target_m,melt_pool_length_selected_primary_scalar_target_m,melt_pool_depth_below_surface_selected_primary_scalar_target_m,width_target_um,length_target_um,depth_target_um,flag_primary_window_unstable,selected_window_start_row_index,selected_window_end_row_index,selected_window_start_iteration,selected_window_end_iteration,selected_window_start_time_s,selected_window_end_time_s
sim_00001,1,0e859b748fdbc8454f66e58e101e333ac0479d42,101.127472137,0.52394730996,4.5e-05,300.0,0.00012626144,0.0002625708499999,5.071019e-05,126.26144,262.5708499999,50.71019,False,55052,68795,55052.0,68795.0,0.001000422,0.001250006
sim_00002,2,0e859b748fdbc8454f66e58e101e333ac0479d42,104.101541641,0.916529700054,8.82882842693e-05,394.968412652,0.000126328725,0.0002977007,2.6660185e-05,126.32872499999999,297.7007,26.660185000000002,True,54593,65498,54593.0,65498.0,0.0009920863,0.00119013
sim_00003,3,0e859b748fdbc8454f66e58e101e333ac0479d42,105.276295276,0.639039009111,7.6636834293e-05,367.44858305,0.0001279412249999,0.0002618447,3.4838855e-05,127.94122499989999,261.8447,34.838855,False,58064,68795,58064.0,68795.0,0.001055122,0.001250006
sim_00004,4,0e859b748fdbc8454f66e58e101e333ac0479d42,107.176159755,0.320752066655,8.75302281584e-05,393.859643937,0.00020332255,0.00028807835,4.6715575e-05,203.32255,288.07835,46.715575,False,98314,115599,98314.0,115599.0,0.001786094,0.002100003
sim_00005,5,0e859b748fdbc8454f66e58e101e333ac0479d42,109.759946449,0.241926176876,4.5e-05,300.0,0.000166993245,0.0002363840299999,6.661901499999999e-05,166.993245,236.38402999989998,66.61901499999999,False,55050,68795,55050.0,68795.0,0.001000386,0.001250006
sim_00006,6,0e859b748fdbc8454f66e58e101e333ac0479d42,110.234671953,0.866589137882,8.08580037422e-05,348.980680204,0.00012806481,0.0002921034,2.6879505e-05,128.06481,292.1034,26.879504999999998,True,57682,69275,57682.0,69275.0,0.001048185,0.001258723
sim_00007,7,0e859b748fdbc8454f66e58e101e333ac0479d42,110.642328299,0.274154737479,7.4676600105e-05,358.612942181,0.00020228875,0.0002624155,5.078583e-05,202.28875,262.4155,50.78583,False,99232,115599,99232.0,115599.0,0.001802766,0.002100003
sim_00008,8,0e859b748fdbc8454f66e58e101e333ac0479d42,112.428225508,0.704865651228,6.30987392704e-05,309.241492678,0.0001333735999999,0.0002917725,3.868263e-05,133.3735999999,291.7725,38.68263,False,70867,85177,70867.0,85177.0,0.001287635,0.001547516
sim_00009,9,0e859b748fdbc8454f66e58e101e333ac0479d42,112.904894498,0.537693260466,4.63068354409e-05,322.169166627,0.00012716849,0.00026421325,5.458924e-05,127.16849,264.21325,54.58924,False,58620,68795,58620.0,68795.0,0.00106522,0.001250006
sim_00010,10,0e859b748fdbc8454f66e58e101e333ac0479d42,113.286681534,0.56768277259,5.80401726566e-05,302.148970527,0.00013394807,0.00027771595,4.68229e-05,133.94807,277.71594999999996,46.822900000000004,False,58392,68795,58392.0,68795.0,0.001061079,0.001250006
sim_00011,11,0e859b748fdbc8454f66e58e101e333ac0479d42,114.820217584,0.948189613582,6.03705790634e-05,353.560035146,0.00011563943,0.0003042165999999,3.480239e-05,115.63943,304.21659999990004,34.802389999999995,False,52688,63310,52688.0,63310.0,0.0009574899,0.001150394
sim_00012,12,0e859b748fdbc8454f66e58e101e333ac0479d42,115.281467344,0.424433079834,5.4086019252e-05,352.652659088,0.00015777781,0.0002946805,5.470013e-05,157.77781,294.68050000000005,54.700129999999994,False,96939,115599,96939.0,115599.0,0.001761123,0.002100003
sim_00013,13,0e859b748fdbc8454f66e58e101e333ac0479d42,116.440418649,0.621036488786,7.33150072515e-05,327.034160515,0.00015141887,0.0002987764,3.869279e-05,151.41887,298.77639999999997,38.69279,False,80398,96679,80398.0,96679.0,0.001460725,0.001756401
sim_00014,14,0e859b748fdbc8454f66e58e101e333ac0479d42,116.693370328,0.231004403842,8.2871053211e-05,317.198938228,0.0002174983,0.0002464534,5.081113e-05,217.4983,246.45340000000002,50.81113,False,100353,115599,100353.0,115599.0,0.001823124,0.002100003
sim_00015,15,0e859b748fdbc8454f66e58e101e333ac0479d42,118.4900546,0.535113778256,4.79907961621e-05,385.412174328,0.00013591084,0.0002886902,4.677987e-05,135.91084,288.6902,46.77987,False,93343,112209,93343.0,112209.0,0.001695817,0.002038438
sim_00016,16,0e859b748fdbc8454f66e58e101e333ac0479d42,119.65849417,0.305673131798,5.10692886867e-05,393.327897391,0.00017073953,0.0002596157499999,5.4776695e-05,170.73953,259.6157499999,54.776695,False,98634,115599,98634.0,115599.0,0.001791906,0.002100003
sim_00017,17,0e859b748fdbc8454f66e58e101e333ac0479d42,122.148440758,0.768953415756,4.5e-05,300.0,0.00011261138,0.0002989081999999,5.05307e-05,112.61138,298.90819999990003,50.5307,False,55047,68795,55047.0,68795.0,0.001000331,0.001250006
sim_00018,18,0e859b748fdbc8454f66e58e101e333ac0479d42,122.399838052,0.958262341264,8.77032416896e-05,376.830559352,0.00012857057,0.0003370178,3.058443e-05,128.57057,337.0178,30.58443,True,52148,62644,52148.0,62644.0,0.0009476831,0.001138299
sim_00019,19,0e859b748fdbc8454f66e58e101e333ac0479d42,123.578555013,0.413960648538,5.40122226787e-05,380.745973079,0.00016579511,0.0003004025,5.47679e-05,165.79511,300.40250000000003,54.767900000000004,False,97019,115599,97019.0,115599.0,0.001762576,0.002100003
sim_00020,20,0e859b748fdbc8454f66e58e101e333ac0479d42,124.939831153,0.895565001264,4.79284796095e-05,395.904294171,0.00011125723,0.0003150097,4.280561e-05,111.25722999999999,315.0097,42.80561,False,55780,67032,55780.0,67032.0,0.001013643,0.001217988
sim_00021,21,0e859b748fdbc8454f66e58e101e333ac0479d42,126.228008246,0.201684842681,4.5e-05,300.0,0.00017812134,0.00023746728,7.479356e-05,178.12134,237.46728,74.79356,False,55047,68795,55047.0,68795.0,0.001000331,0.001250006
sim_00022,22,0e859b748fdbc8454f66e58e101e333ac0479d42,126.429096271,0.381791494837,8.54596605095e-05,336.470624887,0.0002050187,0.00033092805,5.078823e-05,205.0187,330.92805,50.78823,False,97272,115599,97272.0,115599.0,0.001767171,0.002100003
sim_00023,23,0e859b748fdbc8454f66e58e101e333ac0479d42,129.840936159,0.750604494449,8.84568803437e-05,319.185657099,0.0001574166599999,0.0003269422499999,3.4760245e-05,157.41665999990002,326.9422499999,34.760245000000005,False,66512,79985,66512.0,79985.0,0.001208545,0.001453225
sim_00024,24,0e859b748fdbc8454f66e58e101e333ac0479d42,133.003569327,0.736244453131,4.5e-05,300.0,0.00011838922,0.0003150021999999,5.476636e-05,118.38922,315.0021999999,54.76636,False,55046,68795,55046.0,68795.0,0.001000313,0.001250006
sim_00025,25,0e859b748fdbc8454f66e58e101e333ac0479d42,133.058435031,0.81650327798,4.78587303962e-05,362.382821566,0.000116672535,0.00032539555,4.6692315e-05,116.672535,325.39555,46.692315,False,61167,73526,61167.0,73526.0,0.001111475,0.001335924
sim_00026,26,0e859b748fdbc8454f66e58e101e333ac0479d42,133.757797566,0.645163458122,4.5e-05,300.0,0.00012632101,0.0003131688,6.205676e-05,126.32101,313.16880000000003,62.056760000000004,False,55045,68795,55045.0,68795.0,0.001000295,0.001250006
sim_00027,27,0e859b748fdbc8454f66e58e101e333ac0479d42,134.442185153,0.806363522352,4.5e-05,300.0,0.00011275596,0.000319573,5.08492e-05,112.75596,319.57300000000004,50.8492,False,55045,68795,55045.0,68795.0,0.001000295,0.001250006
sim_00028,28,0e859b748fdbc8454f66e58e101e333ac0479d42,135.171981101,0.652238458987,5.89001447273e-05,362.997098414,0.000143341645,0.0003403879499999,4.930793e-05,143.341645,340.38794999989994,49.30793,False,76514,92053,76514.0,92053.0,0.001390189,0.001672389
sim_00029,29,0e859b748fdbc8454f66e58e101e333ac0479d42,135.208661893,0.295797438033,4.5e-05,300.0,0.00016708695,0.0002724107,0.0001191028,167.08695,272.4107,119.1028,True,55045,68795,55045.0,68795.0,0.001000295,0.001250006
sim_00030,30,0e859b748fdbc8454f66e58e101e333ac0479d42,136.115095044,0.8200930762,6.39666133344e-05,362.502989524,0.000135324055,0.0003478147999999,4.278062e-05,135.32405500000002,347.8147999999,42.780620000000006,False,60857,73204,60857.0,73204.0,0.001105845,0.001330077
sim_00031,31,0e859b748fdbc8454f66e58e101e333ac0479d42,136.984349172,0.357723834949,5.17808569448e-05,373.061688931,0.00017166867,0.0002977408,5.880416e-05,171.66867,297.74080000000004,58.804159999999996,False,97684,115599,97684.0,115599.0,0.001774653,0.002100003
sim_00032,32,0e859b748fdbc8454f66e58e101e333ac0479d42,137.340072051,0.708357837186,8.48461574474e-05,331.337392673,0.00016039622,0.0003413759,3.8749285e-05,160.39622,341.3759,38.749285,False,70434,84757,70434.0,84757.0,0.001279771,0.001539888
sim_00033,33,0e859b748fdbc8454f66e58e101e333ac0479d42,137.601432421,0.461948695475,6.48780591522e-05,397.490087405,0.00017524007,0.0003454248,5.825875e-05,175.24007,345.4248,58.25875,False,96463,115599,96463.0,115599.0,0.001752479,0.002100003
sim_00034,34,0e859b748fdbc8454f66e58e101e333ac0479d42,138.247900083,0.876957934743,4.5e-05,300.0,0.00011064032,0.000210193359,4.6733375e-05,110.64032,210.193359,46.733375,False,9948,12181,9948.0,12181.0,0.0001808564,0.0002214419
sim_00035,35,0e859b748fdbc8454f66e58e101e333ac0479d42,139.278080234,0.813607985113,8.25985701782e-05,356.830860854,0.00015105829,0.0003554634,3.879481e-05,151.05829,355.46340000000004,38.79481,False,61328,73788,61328.0,73788.0,0.001114399,0.001340683
sim_00036,36,0e859b748fdbc8454f66e58e101e333ac0479d42,140.119887795,0.222892199661,4.5e-05,300.0,0.0001801840599999,0.00025319306,8.61642e-05,180.1840599999,253.19306,86.1642,True,55045,68795,55045.0,68795.0,0.001000295,0.001250006
sim_00037,37,0e859b748fdbc8454f66e58e101e333ac0479d42,140.320645521,0.612281673664,8.56006119926e-05,348.910931315,0.00017399099,0.0003513479,4.274968e-05,173.99099,351.3479,42.74968,False,81453,98062,81453.0,98062.0,0.001479885,0.001781518
sim_00038,38,0e859b748fdbc8454f66e58e101e333ac0479d42,140.539865228,0.255658736827,4.5e-05,300.0,0.00017508367,0.00026218217,0.0001222005,175.08367,262.18217,122.20049999999999,True,55045,68795,55045.0,68795.0,0.001000295,0.001250006
sim_00039,39,0e859b748fdbc8454f66e58e101e333ac0479d42,140.573028588,0.551169304036,6.78791919712e-05,377.8442615,0.00014931158,0.0003180508999999,5.832933e-05,149.31158,318.0508999999,58.32933,False,58393,68795,58393.0,68795.0,0.001061097,0.001250006
sim_00040,40,0e859b748fdbc8454f66e58e101e333ac0479d42,140.974625597,0.98622838083,4.5e-05,300.0,0.00010420475,0.0003313465499999,4.684275e-05,104.20475,331.3465499999,46.84275,False,48702,60867,48702.0,60867.0,0.000885101,0.001106027
sim_00041,41,0e859b748fdbc8454f66e58e101e333ac0479d42,143.879945116,0.336279357485,6.76007351295e-05,398.207663754,0.0001750338199999,0.0002100625,5.874863e-05,175.03381999989998,210.0625,58.74863,False,60457,68795,60457.0,68795.0,0.001098581,0.001250006
sim_00042,42,0e859b748fdbc8454f66e58e101e333ac0479d42,143.909481867,0.917293492006,5.50242100517e-05,352.206869428,0.00011934365,0.000353673,4.650832e-05,119.34365000000001,353.673,46.50832,False,54414,65444,54414.0,65444.0,0.0009888355,0.001189149
sim_00043,43,0e859b748fdbc8454f66e58e101e333ac0479d42,144.684844876,0.221020126644,8.32765690701e-05,337.418493583,0.0002335733,0.0002552423,5.873507e-05,233.5733,255.24229999999997,58.73507,False,100389,115599,100389.0,115599.0,0.001823778,0.002100003
sim_00044,44,0e859b748fdbc8454f66e58e101e333ac0479d42,144.999955433,0.569412101686,7.52189895652e-05,349.795043891,0.00017150607,0.0003616798,4.985055e-05,171.50607,361.6798,49.850550000000005,False,87562,105448,87562.0,105448.0,0.001590829,0.001915653
sim_00045,45,0e859b748fdbc8454f66e58e101e333ac0479d42,145.249113956,0.501139719932,7.51242767898e-05,325.186450026,0.00018120564,0.0003612748999999,5.335957e-05,181.20564,361.2748999999,53.35957,False,96099,115599,96099.0,115599.0,0.001745868,0.002100003
sim_00046,46,0e859b748fdbc8454f66e58e101e333ac0479d42,145.536707456,0.311971481812,7.55813970315e-05,356.422554756,0.0002190714,0.0003146128,6.249203e-05,219.07139999999998,314.6128,62.49203,False,98185,115599,98185.0,115599.0,0.001783751,0.002100003
sim_00047,47,0e859b748fdbc8454f66e58e101e333ac0479d42,146.427721311,0.978546391515,4.61745657385e-05,377.807319924,0.00010770817,0.0003483250499999,4.6563705e-05,107.70817000000001,348.32504999990005,46.563705000000006,False,51034,61345,51034.0,61345.0,0.0009274519,0.001114708
sim_00048,48,0e859b748fdbc8454f66e58e101e333ac0479d42,149.217972816,0.206404715799,4.87379527164e-05,365.118947745,0.0001860660249999,0.000206787,6.273913e-05,186.0660249999,206.787,62.73913,False,101414,115599,101414.0,115599.0,0.001842393,0.002100003
sim_00049,49,0e859b748fdbc8454f66e58e101e333ac0479d42,149.254341218,0.887957223036,4.5e-05,300.0,0.0001123033,0.0003419964,5.444253e-05,112.30330000000001,341.9964,54.44253,False,54093,67607,54093.0,67607.0,0.0009830059,0.001228431
sim_00050,50,0e859b748fdbc8454f66e58e101e333ac0479d42,149.73987868,0.504680707931,6.9723584777e-05,320.536129041,0.0001756206,0.0003616657,5.475336e-05,175.6206,361.6657,54.75336,False,96077,115599,96077.0,115599.0,0.001745468,0.002100003
sim_00051,51,0e859b748fdbc8454f66e58e101e333ac0479d42,149.779509657,0.251536582152,4.84927831067e-05,381.35096431,0.0001857300999999,0.0002404737499999,6.2751915e-05,185.73009999989998,240.4737499999,62.751915,False,99834,115599,99834.0,115599.0,0.001813699,0.002100003
sim_00052,52,0e859b748fdbc8454f66e58e101e333ac0479d42,150.924001842,0.859014749555,8.54585725094e-05,302.841995718,0.00015156012,0.0003666239999999,3.8800575e-05,151.56012,366.6239999999,38.800575,False,58063,69886,58063.0,69886.0,0.001055104,0.001269819
sim_00053,53,0e859b748fdbc8454f66e58e101e333ac0479d42,151.505871803,0.995509859725,6.72580848008e-05,301.996554082,0.0001270355,0.0003750644,4.239804e-05,127.03549999999998,375.06440000000003,42.39804,False,50116,60299,50116.0,60299.0,0.0009107803,0.001095712
sim_00054,54,0e859b748fdbc8454f66e58e101e333ac0479d42,151.630328889,0.596649793105,5.54888002616e-05,323.086654154,0.00014163122,0.0003273556,6.0221e-05,141.63121999999998,327.3556,60.221,False,58149,68795,58149.0,68795.0,0.001056666,0.001250006
sim_00055,55,0e859b748fdbc8454f66e58e101e333ac0479d42,153.721476211,0.579411174254,7.49286492013e-05,383.484527945,0.00017301361,0.00038179805,5.222291e-05,173.01361,381.79805,52.22291,False,86024,103627,86024.0,103627.0,0.001562898,0.001882582
sim_00056,56,0e859b748fdbc8454f66e58e101e333ac0479d42,155.56408626,0.882684317254,6.13538276829e-05,315.150952839,0.0001317857899999,0.00037478355,4.6782705e-05,131.7857899999,374.78355,46.782705,False,56514,68011,56514.0,68011.0,0.001026973,0.001235768
sim_00057,57,0e859b748fdbc8454f66e58e101e333ac0479d42,158.404299584,0.530960738208,8.44011119013e-05,377.174397227,0.00019014991,0.0003882283,5.219154e-05,190.14991,388.2283,52.191539999999996,False,93826,113087,93826.0,113087.0,0.001704589,0.002054384
sim_00058,58,0e859b748fdbc8454f66e58e101e333ac0479d42,158.77294915,0.755822601012,5.98686493415e-05,315.3922311,0.0001402139349999,0.0003747926,5.1035355e-05,140.2139349999,374.7926,51.035355,False,65989,79432,65989.0,79432.0,0.001199047,0.001443182
sim_00059,59,0e859b748fdbc8454f66e58e101e333ac0479d42,159.365045029,0.465685970522,5.71815338387e-05,335.270795676,0.00016793076,0.0003585731,6.602616e-05,167.93076,358.57309999999995,66.02616,False,96405,115599,96405.0,115599.0,0.001751425,0.002100003
sim_00060,60,0e859b748fdbc8454f66e58e101e333ac0479d42,160.556282667,0.957190479289,5.53708249108e-05,363.791890923,0.00012250959,0.0003824964,4.684559e-05,122.50959,382.4964,46.845589999999994,False,52124,62714,52124.0,62714.0,0.0009472472,0.00113957
sim_00061,61,0e859b748fdbc8454f66e58e101e333ac0479d42,161.701140241,0.559592851831,7.43216837725e-05,378.872335114,0.00015099865,0.0003366283,6.267888e-05,150.99865,336.6283,62.67888000000001,False,58288,68795,58288.0,68795.0,0.00105919,0.001250006
sim_00062,62,0e859b748fdbc8454f66e58e101e333ac0479d42,163.117472792,0.458171151631,7.76324682791e-05,309.146066051,0.00019712752,0.0003900072999999,6.267582e-05,197.12752,390.0072999999,62.675819999999995,False,96345,115599,96345.0,115599.0,0.001750336,0.002100003
sim_00063,63,0e859b748fdbc8454f66e58e101e333ac0479d42,163.341658752,0.941874162971,5.45765866009e-05,310.281913475,0.000119666035,0.0003731391,4.681844e-05,119.666035,373.13910000000004,46.81844,False,52972,63735,52972.0,63735.0,0.0009626476,0.001158112
sim_00064,64,0e859b748fdbc8454f66e58e101e333ac0479d42,166.164223082,0.514604075971,6.70362084208e-05,302.957496397,0.00015871868,0.0003229517,6.667379e-05,158.71867999999998,322.9517,66.67379000000001,False,58561,68795,58561.0,68795.0,0.001064148,0.001250006
sim_00065,65,0e859b748fdbc8454f66e58e101e333ac0479d42,166.614725594,0.931765035172,5.67575778907e-05,364.064697506,0.00012716725,0.00039221,5.062764e-05,127.16725,392.21,50.62764,False,53535,64427,53535.0,64427.0,0.0009728721,0.001170679
sim_00066,66,0e859b748fdbc8454f66e58e101e333ac0479d42,167.36850481,0.484912828283,7.82623244153e-05,326.173250025,0.00019246097,0.0003984615,6.236748e-05,192.46097,398.4615,62.36748,False,96124,115599,96124.0,115599.0,0.001746322,0.002100003
sim_00067,67,0e859b748fdbc8454f66e58e101e333ac0479d42,167.779770961,0.390580196452,6.45833025222e-05,394.852870083,0.0001970053949999,0.0003585394,6.676979e-05,197.0053949999,358.5394,66.76979,False,97060,115599,97060.0,115599.0,0.001763321,0.002100003
sim_00068,68,0e859b748fdbc8454f66e58e101e333ac0479d42,171.239447318,0.969583751496,7.40725617215e-05,384.912438459,0.00014105757,0.0004312872999999,4.663597e-05,141.05757,431.28729999990003,46.63597,False,51413,61912,51413.0,61912.0,0.0009343349,0.001125005
sim_00069,69,0e859b748fdbc8454f66e58e101e333ac0479d42,171.382540224,0.233605939402,6.18629013601e-05,355.188153249,0.0002178064,0.000250336,6.673917e-05,217.8064,250.33599999999998,66.73917,False,100067,115599,100067.0,115599.0,0.00181793,0.002100003
sim_00070,70,0e859b748fdbc8454f66e58e101e333ac0479d42,171.875575389,0.916897438596,6.66389080354e-05,338.337187717,0.000139506265,0.00041370025,4.6827485e-05,139.50626499999998,413.70025,46.827484999999996,False,54373,65472,54373.0,65472.0,0.0009880909,0.001189657
sim_00071,71,0e859b748fdbc8454f66e58e101e333ac0479d42,173.720948038,0.230617607979,6.23730108092e-05,383.499521736,0.0002180649999999,0.0002479619,6.6733e-05,218.06499999989998,247.96189999999999,66.733,False,100141,115599,100141.0,115599.0,0.001819274,0.002100003
sim_00072,72,0e859b748fdbc8454f66e58e101e333ac0479d42,174.128102602,0.994422815088,7.40414236536e-05,367.557277174,0.0001386717599999,0.0004383516,4.63826e-05,138.6717599999,438.3516,46.3826,False,50127,60365,50127.0,60365.0,0.0009109801,0.00109691
sim_00073,73,0e859b748fdbc8454f66e58e101e333ac0479d42,176.31832051,0.578189015568,5.80825678862e-05,392.957182722,0.000159804935,0.00039440055,6.126925e-05,159.804935,394.40055,61.26925,False,86218,103847,86218.0,103847.0,0.001566421,0.001886578
sim_00074,74,0e859b748fdbc8454f66e58e101e333ac0479d42,176.64993117,0.775213670345,6.57722012124e-05,360.022077993,0.00014977721,0.0004128323,5.4756665e-05,149.77721,412.83230000000003,54.756665,False,64293,77444,64293.0,77444.0,0.001168246,0.001407078
sim_00075,75,0e859b748fdbc8454f66e58e101e333ac0479d42,177.868754925,0.784825891065,5.3694165939e-05,378.775948175,0.00013546609,0.0003966682,5.572084e-05,135.46609,396.6682,55.72084,False,63548,76496,63548.0,76496.0,0.001154716,0.001389862
sim_00076,76,0e859b748fdbc8454f66e58e101e333ac0479d42,179.651163568,0.66389382017,6.65035978508e-05,326.14019277,0.000159625375,0.00041151465,5.8802625e-05,159.62537500000002,411.51464999999996,58.802625,False,75057,90436,75057.0,90436.0,0.001363729,0.001643023
sim_00077,77,0e859b748fdbc8454f66e58e101e333ac0479d42,181.197687991,0.643443519749,5.49477846524e-05,320.630170488,0.00014844292,0.0003930847,5.987088e-05,148.44292,393.0847,59.87088,False,77491,93311,77491.0,93311.0,0.001407932,0.001695236
sim_00078,78,0e859b748fdbc8454f66e58e101e333ac0479d42,181.214517461,0.293157847988,6.39704529171e-05,391.855294349,0.0002188874,0.000307389,7.07484e-05,218.88739999999999,307.38899999999995,70.74839999999999,False,98491,115599,98491.0,115599.0,0.001789309,0.002100003
sim_00079,79,0e859b748fdbc8454f66e58e101e333ac0479d42,182.701235644,0.787372384637,5.07019733104e-05,389.154544132,0.00013192374,0.00039946635,5.8488870000000006e-05,131.92373999999998,399.46635000000003,58.488870000000006,False,63353,76248,63353.0,76248.0,0.001151175,0.001385358
sim_00080,80,0e859b748fdbc8454f66e58e101e333ac0479d42,183.86712976,0.92773562332,4.77447546287e-05,393.876492884,0.0001191025,0.0003925472,5.455737e-05,119.10249999999999,392.5472,54.55737,False,53785,64707,53785.0,64707.0,0.0009774123,0.001175764
sim_00081,81,0e859b748fdbc8454f66e58e101e333ac0479d42,184.554601264,0.855768445974,6.11854963854e-05,316.977306706,0.00013988122,0.0004149102,5.4731820000000005e-05,139.88122,414.91020000000003,54.731820000000006,False,58248,70151,58248.0,70151.0,0.001058464,0.001274632
sim_00082,82,0e859b748fdbc8454f66e58e101e333ac0479d42,186.021611878,0.483877556354,6.53069178085e-05,388.836932905,0.00018360647,0.0004107182,6.817874e-05,183.60647,410.71819999999997,68.17873999999999,False,96145,115599,96145.0,115599.0,0.001746703,0.002100003
sim_00083,83,0e859b748fdbc8454f66e58e101e333ac0479d42,186.850960621,0.845582390035,8.39602076571e-05,354.289806443,0.0001671194,0.0004375597999999,5.068827e-05,167.11939999999998,437.5597999999,50.688269999999996,False,58897,70997,58897.0,70997.0,0.00107025,0.001289996
sim_00084,84,0e859b748fdbc8454f66e58e101e333ac0479d42,188.702615393,0.897654681927,7.37418626284e-05,361.378936642,0.00015504631,0.0004418922999999,5.083965e-05,155.04631,441.89229999990005,50.83965,False,55500,66876,55500.0,66876.0,0.001008558,0.001215155
sim_00085,85,0e859b748fdbc8454f66e58e101e333ac0479d42,190.553348142,0.571798591092,6.21059581714e-05,350.091118048,0.00016961128,0.0004137765,6.307431e-05,169.61128,413.7765,63.07431,False,87132,105008,87132.0,105008.0,0.00158302,0.001907662
sim_00086,86,0e859b748fdbc8454f66e58e101e333ac0479d42,193.028200221,0.93446669696,8.62901752671e-05,365.941151844,0.0001614233999999,0.0004534492999999,4.680242e-05,161.4233999999,453.4492999999,46.80242,False,53290,64240,53290.0,64240.0,0.0009684227,0.001167283
sim_00087,87,0e859b748fdbc8454f66e58e101e333ac0479d42,193.440626378,0.303697281962,7.07136561297e-05,354.067159473,0.0002260174,0.0003315219,7.467366e-05,226.01739999999998,331.5219,74.67366,False,98153,115599,98153.0,115599.0,0.00178317,0.002100003
sim_00088,88,0e859b748fdbc8454f66e58e101e333ac0479d42,193.81397439,0.717380412454,5.49903358659e-05,340.433066031,0.000143449615,0.0004081570499999,6.198689000000001e-05,143.44961500000002,408.1570499999,61.98689000000001,False,69492,83691,69492.0,83691.0,0.001262664,0.001520529
sim_00089,89,0e859b748fdbc8454f66e58e101e333ac0479d42,194.036512211,0.298398024189,7.09068727373e-05,343.727832606,0.00022818175,0.00032683205,7.466601e-05,228.18175,326.83205,74.66601,False,98248,115599,98248.0,115599.0,0.001784896,0.002100003
sim_00090,90,0e859b748fdbc8454f66e58e101e333ac0479d42,194.089464462,0.388567055088,7.6021762795e-05,395.140888584,0.0002186967,0.0004091049,7.870538e-05,218.6967,409.1049,78.70538,False,96897,115599,96897.0,115599.0,0.00176036,0.002100003
sim_00091,91,0e859b748fdbc8454f66e58e101e333ac0479d42,195.080816167,0.844140965531,6.21634030137e-05,331.625980857,0.000143340925,0.0004301089499999,5.5936285e-05,143.340925,430.1089499999,55.936285,False,59033,71118,59033.0,71118.0,0.00107272,0.001292193
sim_00092,92,0e859b748fdbc8454f66e58e101e333ac0479d42,196.954129245,0.972458485112,5.85340423111e-05,310.387913302,0.00013111235,0.0004303321,5.099379e-05,131.11235,430.33209999999997,50.99379,False,51259,61729,51259.0,61729.0,0.0009315381,0.001121682
sim_00093,93,0e859b748fdbc8454f66e58e101e333ac0479d42,197.742114875,0.874617254357,7.7301896977e-05,350.888533369,0.00015981514,0.0004513157,5.082025e-05,159.81514,451.3157,50.82025,False,56937,68639,56937.0,68639.0,0.001034655,0.001247173
sim_00094,94,0e859b748fdbc8454f66e58e101e333ac0479d42,198.603717725,0.869799932432,5.56307183941e-05,326.836247823,0.0001353150999999,0.0004150811999999,5.503649e-05,135.31509999989999,415.0811999999,55.03649,False,57314,69019,57314.0,69019.0,0.001041502,0.001254074
sim_00095,95,0e859b748fdbc8454f66e58e101e333ac0479d42,202.397397496,0.555230188132,4.52196790327e-05,397.348654616,0.000146943905,0.00041996755,7.055308500000001e-05,146.943905,419.96755,70.55308500000001,True,89851,108142,89851.0,108142.0,0.001632399,0.001964578
sim_00096,96,0e859b748fdbc8454f66e58e101e333ac0479d42,202.894942483,0.693798608043,7.43333938026e-05,353.442501329,0.00017139184,0.0004591949,6.261278e-05,171.39184,459.1949,62.61278,False,71756,86536,71756.0,86536.0,0.00130378,0.001572196
sim_00097,97,0e859b748fdbc8454f66e58e101e333ac0479d42,203.020934762,0.232834869492,7.55576098976e-05,395.193912826,0.0002488456,0.0002754801,7.070868e-05,248.84560000000002,275.4801,70.70868,False,99694,115599,99694.0,115599.0,0.001811156,0.002100003
sim_00098,98,0e859b748fdbc8454f66e58e101e333ac0479d42,203.421420958,0.245041839826,7.55920229368e-05,393.123734832,0.0002467974,0.0002865803,7.071442e-05,246.7974,286.58029999999997,70.71442,False,99341,115599,99341.0,115599.0,0.001804745,0.002100003
sim_00099,99,0e859b748fdbc8454f66e58e101e333ac0479d42,206.272219756,0.781444456167,4.98713368602e-05,399.182507166,0.000135281405,0.0004157191,6.261258e-05,135.28140499999998,415.71909999999997,62.61258,False,63814,76827,63814.0,76827.0,0.001159547,0.001395873
sim_00100,100,0e859b748fdbc8454f66e58e101e333ac0479d42,207.687789994,0.40901295179,7.09627718894e-05,395.011679,0.0002122565,0.0004135561,8.271335e-05,212.25650000000002,413.5561,82.71335,False,96689,115599,96689.0,115599.0,0.001756583,0.002100003
sim_00101,101,0e859b748fdbc8454f66e58e101e333ac0479d42,208.39901443,0.201684842681,6.50424237325e-05,372.154003234,0.000169625425,0.0001161617,5.0290025e-05,169.625425,116.1617,50.290025,False,63672,68795,63672.0,68795.0,0.001156968,0.001250006
sim_00102,102,0e859b748fdbc8454f66e58e101e333ac0479d42,209.697266982,0.34452106985,7.55711119508e-05,302.470939697,0.0002346763,0.000374843,7.857049e-05,234.6763,374.84299999999996,78.57048999999999,False,97397,115599,97397.0,115599.0,0.001769441,0.002100003
sim_00103,103,0e859b748fdbc8454f66e58e101e333ac0479d42,209.90265043,0.477857533217,8.77962223972e-05,386.665335025,0.0002191649,0.0004667717,7.429782e-05,219.1649,466.7717,74.29782,False,95993,115599,95993.0,115599.0,0.001743943,0.002100003
sim_00104,104,0e859b748fdbc8454f66e58e101e333ac0479d42,210.093044543,0.812610384047,5.18819698292e-05,390.525668596,0.00013520258,0.0004263253999999,6.257318e-05,135.20257999999998,426.32539999989996,62.57318,False,61353,73879,61353.0,73879.0,0.001114853,0.001342335
sim_00105,105,0e859b748fdbc8454f66e58e101e333ac0479d42,211.816522505,0.520710876808,4.80782604054e-05,318.660442183,0.00015472029,0.0004332871,7.862832e-05,154.72028999999998,433.2871,78.62832,True,95762,115314,95762.0,115314.0,0.001739748,0.002094828
sim_00106,106,0e859b748fdbc8454f66e58e101e333ac0479d42,212.092538093,0.79096361392,7.95278191784e-05,347.757246585,0.00017527591,0.0004707033,5.87098e-05,175.27590999999998,470.7033,58.7098,False,62920,75902,62920.0,75902.0,0.001143311,0.001379075
sim_00107,107,0e859b748fdbc8454f66e58e101e333ac0479d42,212.375773305,0.288263650586,8.35116649465e-05,312.800399692,0.00025676705,0.00033406415,7.4637395e-05,256.76705,334.06415000000004,74.637395,False,98216,115599,98216.0,115599.0,0.001784314,0.002100003
sim_00108,108,0e859b748fdbc8454f66e58e101e333ac0479d42,218.135837307,0.411781802704,5.72773552436e-05,307.427986374,0.0001915584,0.0003789652499999,7.871321500000001e-05,191.5584,378.9652499999,78.713215,False,96770,115599,96770.0,115599.0,0.001758054,0.002100003
sim_00109,109,0e859b748fdbc8454f66e58e101e333ac0479d42,218.170294814,0.856055229722,8.4878396046e-05,374.889107005,0.00017515818,0.0004876310499999,5.482408e-05,175.15818000000002,487.6310499999,54.82408,False,58119,70128,58119.0,70128.0,0.001056121,0.001274214
sim_00110,110,0e859b748fdbc8454f66e58e101e333ac0479d42,218.315594294,0.70315782783,8.24115302242e-05,319.105471156,0.00018361817,0.000472567,6.272201e-05,183.61817,472.567,62.72201,False,70746,85384,70746.0,85384.0,0.001285437,0.001551275
sim_00111,111,0e859b748fdbc8454f66e58e101e333ac0479d42,218.361623288,0.747470791734,7.1375293786e-05,300.016423613,0.00016720978,0.00046000355,6.276215e-05,167.20978,460.00354999999996,62.762150000000005,False,66595,80320,66595.0,80320.0,0.001210052,0.001459309
sim_00112,112,0e859b748fdbc8454f66e58e101e333ac0479d42,218.521967876,0.920050491887,7.11545742791e-05,300.883630406,0.00015110873,0.0004700986999999,5.479062e-05,151.10872999999998,470.0986999999,54.79062,False,54115,65247,54115.0,65247.0,0.0009834054,0.001185571
sim_00113,113,0e859b748fdbc8454f66e58e101e333ac0479d42,218.846041052,0.877499363134,5.6186595533e-05,332.098243358,0.000139288005,0.00044161675,5.8775855e-05,139.288005,441.61675,58.775855,False,56790,68413,56790.0,68413.0,0.001031986,0.001243068
sim_00114,114,0e859b748fdbc8454f66e58e101e333ac0479d42,219.728507107,0.99152217595,6.49667790705e-05,393.045172137,0.00014281567,0.0004865575,5.484091e-05,142.81567,486.5575,54.84091,False,50230,60542,50230.0,60542.0,0.0009128507,0.001100125
sim_00115,115,0e859b748fdbc8454f66e58e101e333ac0479d42,220.072225453,0.425314653287,7.24382024748e-05,381.760927113,0.0002151937,0.000439386,8.6262795e-05,215.19369999999998,439.386,86.262795,False,96490,115599,96490.0,115599.0,0.001752969,0.002100003
sim_00116,116,0e859b748fdbc8454f66e58e101e333ac0479d42,220.256246323,0.736244453131,5.8651582992e-05,358.758060614,0.00014329097,0.0004223486499999,6.677531e-05,143.29097,422.3486499999,66.77531,False,57476,68795,57476.0,68795.0,0.001044444,0.001250006
sim_00117,117,0e859b748fdbc8454f66e58e101e333ac0479d42,220.462707704,0.946752122114,8.2300511791e-05,313.968629329,0.00016345689,0.0004871152,5.079587e-05,163.45689,487.1152,50.79587,False,52564,63406,52564.0,63406.0,0.0009552379,0.001152137
sim_00118,118,0e859b748fdbc8454f66e58e101e333ac0479d42,221.576145741,0.645163458122,7.3903246332e-05,318.590626589,0.000155226975,0.00040652935,7.0738735e-05,155.22697499999998,406.52935,70.738735,False,57770,68795,57770.0,68795.0,0.001049783,0.001250006
sim_00119,119,0e859b748fdbc8454f66e58e101e333ac0479d42,223.185978023,0.49812515056,8.14092862216e-05,313.14559396,0.00021169135,0.00046908405,7.455723500000001e-05,211.69135,469.08405,74.557235,False,95858,115599,95858.0,115599.0,0.001741491,0.002100003
sim_00120,120,0e859b748fdbc8454f66e58e101e333ac0479d42,225.435545826,0.86531734725,6.64530039846e-05,364.26873014,0.000155399235,0.0004806835,5.885444e-05,155.399235,480.6835,58.85444,False,57538,69377,57538.0,69377.0,0.00104557,0.001260575
sim_00121,121,0e859b748fdbc8454f66e58e101e333ac0479d42,226.380431899,0.944850720806,5.28066961668e-05,329.382817534,0.00013118576,0.0004437372999999,5.863609e-05,131.18576,443.7372999999,58.636089999999996,False,52754,63534,52754.0,63534.0,0.0009586885,0.001154462
sim_00122,122,0e859b748fdbc8454f66e58e101e333ac0479d42,227.786589532,0.30483440954,7.3391662288e-05,359.259536614,0.00024210655,0.0003473506499999,7.8729635e-05,242.10655,347.3506499999,78.729635,False,97978,115599,97978.0,115599.0,0.001779992,0.002100003
sim_00123,123,0e859b748fdbc8454f66e58e101e333ac0479d42,228.027925635,0.505215249994,8.46696228038e-05,384.613421136,0.00021861185,0.0004814822,7.332628e-05,218.61185,481.4822,73.32628,False,95778,115599,95778.0,115599.0,0.001740038,0.002100003
sim_00124,124,0e859b748fdbc8454f66e58e101e333ac0479d42,228.959503311,0.480404321045,6.0796636822e-05,336.115873803,0.00018876015,0.0004374680999999,8.654001e-05,188.76015,437.4680999999,86.54001,True,96119,115599,96119.0,115599.0,0.001746231,0.002100003
sim_00125,125,0e859b748fdbc8454f66e58e101e333ac0479d42,229.384485496,0.374546448601,5.61892687884e-05,346.005476369,0.00019927132,0.0003731881999999,8.26434e-05,199.27132,373.1881999999,82.6434,False,97179,115599,97179.0,115599.0,0.001765482,0.002100003
sim_00126,126,0e859b748fdbc8454f66e58e101e333ac0479d42,229.39632192,0.478464286668,6.73160020334e-05,313.601802213,0.0001987218,0.00044963565,8.3136455e-05,198.7218,449.63565,83.136455,False,96080,115599,96080.0,115599.0,0.001745523,0.002100003
sim_00127,127,0e859b748fdbc8454f66e58e101e333ac0479d42,229.433825146,0.876957934743,6.77377719261e-05,358.900225798,0.00013947871,0.0004564598999999,5.881311e-05,139.47870999999998,456.4598999999,58.81311,False,56795,68455,56795.0,68455.0,0.001032076,0.001243831
sim_00128,128,0e859b748fdbc8454f66e58e101e333ac0479d42,232.272231119,0.829414389208,6.88203473429e-05,337.761722106,0.0001593032399999,0.0004820928999999,6.266116e-05,159.3032399999,482.0928999999,62.66116,False,60011,72381,60011.0,72381.0,0.001090481,0.00131513
sim_00129,129,0e859b748fdbc8454f66e58e101e333ac0479d42,234.126702838,0.687075747958,6.17120592739e-05,378.601004081,0.0001671710399999,0.0004691128,7.065698e-05,167.1710399999,469.1128,70.65697999999999,False,72466,87384,72466.0,87384.0,0.001316674,0.001587597
sim_00130,130,0e859b748fdbc8454f66e58e101e333ac0479d42,236.763849841,0.800191513041,6.78517796151e-05,355.994293515,0.00016326638,0.0004917927,6.3872535e-05,163.26638,491.7927,63.872535000000006,False,62199,75026,62199.0,75026.0,0.001130217,0.001363166
sim_00131,131,0e859b748fdbc8454f66e58e101e333ac0479d42,237.061390501,0.937687434899,4.7428723532e-05,371.522412287,0.000124967325,0.00044845585,6.207723499999999e-05,124.967325,448.45585,62.077234999999995,False,53180,64019,53180.0,64019.0,0.000966425,0.00116327
sim_00132,132,0e859b748fdbc8454f66e58e101e333ac0479d42,237.334710533,0.878374904385,5.83506544001e-05,382.29609677,0.00014702189,0.00047646375,6.264183e-05,147.02188999999998,476.46375,62.641830000000006,False,56706,68345,56706.0,68345.0,0.00103046,0.001241833
sim_00133,133,0e859b748fdbc8454f66e58e101e333ac0479d42,238.319282705,0.253960262605,5.92121677448e-05,384.128817665,0.0002260442,0.0002831735,7.862242e-05,226.0442,283.1735,78.62241999999999,False,99271,115599,99271.0,115599.0,0.001803474,0.002100003
sim_00134,134,0e859b748fdbc8454f66e58e101e333ac0479d42,238.568860016,0.692328357435,6.05159821767e-05,343.889085336,0.000164321395,0.0004625962,7.065929e-05,164.321395,462.59619999999995,70.65929,False,71919,86720,71919.0,86720.0,0.00130674,0.001575538
sim_00135,135,0e859b748fdbc8454f66e58e101e333ac0479d42,240.150803131,0.464417169926,7.86781365033e-05,312.042470117,0.000219447,0.0004741652,8.271559e-05,219.447,474.16519999999997,82.71558999999999,False,96071,115599,96071.0,115599.0,0.00174536,0.002100003
sim_00137,137,0e859b748fdbc8454f66e58e101e333ac0479d42,243.936893462,0.545516283598,5.6904291389e-05,360.082453969,0.00017380563,0.0004877185,7.928099e-05,173.80563,487.7185,79.28099,False,91284,110068,91284.0,110068.0,0.001658424,0.001999556
sim_00138,138,0e859b748fdbc8454f66e58e101e333ac0479d42,244.346847818,0.692297386822,7.87344285445e-05,312.797130588,0.00018577885,0.0005059716999999,6.979165e-05,185.77884999999998,505.97169999989995,69.79165,False,71826,86724,71826.0,86724.0,0.001305051,0.001575611
sim_00139,139,0e859b748fdbc8454f66e58e101e333ac0479d42,244.476502118,0.49526990633,8.73976519147e-05,336.403249939,0.0002270067,0.0004960429999999,7.825226e-05,227.0067,496.04299999989996,78.25226,False,95789,115599,95789.0,115599.0,0.001740238,0.002100003
sim_00140,140,0e859b748fdbc8454f66e58e101e333ac0479d42,246.351544569,0.710899222357,7.68583817855e-05,368.835081824,0.000183102185,0.00051546625,6.9763275e-05,183.102185,515.46625,69.76327500000001,False,69953,84454,69953.0,84454.0,0.001271036,0.001534386
sim_00141,141,0e859b748fdbc8454f66e58e101e333ac0479d42,247.324665735,0.977977830338,8.14476523525e-05,343.514293063,0.00015994629,0.00054372645,5.484386e-05,159.94629,543.72645,54.84386,False,50856,61381,50856.0,61381.0,0.0009242193,0.001115362
sim_00142,142,0e859b748fdbc8454f66e58e101e333ac0479d42,248.695097131,0.887957223036,5.04400481913e-05,333.269518536,0.00013051317,0.0004449035999999,6.275744e-05,130.51316999999997,444.9035999999,62.75744,False,56135,67607,56135.0,67607.0,0.00102009,0.001228431
sim_00143,143,0e859b748fdbc8454f66e58e101e333ac0479d42,52.5445860993,0.633129978235,4.5e-05,300.0,9.439849e-05,0.0001623146,2.284292e-05,94.39849,162.3146,22.84292,False,55083,68795,55083.0,68795.0,0.001000985,0.001250006
sim_00144,144,0e859b748fdbc8454f66e58e101e333ac0479d42,53.4525830151,0.394191978834,4.5e-05,300.0,0.00011194405,0.00017486675,3.079568e-05,111.94405,174.86675,30.79568,False,55082,68795,55082.0,68795.0,0.001000967,0.001250006
sim_00145,145,0e859b748fdbc8454f66e58e101e333ac0479d42,55.2363598851,0.252312006514,4.5e-05,300.0,0.00013229475,0.00017365035,3.8651335e-05,132.29475,173.65035,38.651335,False,55080,68795,55080.0,68795.0,0.001000931,0.001250006
sim_00146,146,0e859b748fdbc8454f66e58e101e333ac0479d42,59.3859586774,0.222677981218,4.5e-05,300.0,0.0001389932,0.0001784947,3.88958e-05,138.9932,178.49470000000002,38.8958,False,55075,68795,55075.0,68795.0,0.00100084,0.001250006
sim_00147,147,0e859b748fdbc8454f66e58e101e333ac0479d42,63.4364244112,0.87794698955,4.5e-05,300.0,8.630895e-05,0.0001808454499999,2.288304e-05,86.30895,180.8454499999,22.88304,False,54737,68378,54737.0,68378.0,0.0009947014,0.001242433
sim_00148,148,0e859b748fdbc8454f66e58e101e333ac0479d42,67.3007401579,0.639039009111,4.5e-05,300.0,0.00010277328,0.0001983827,3.081749e-05,102.77328,198.3827,30.81749,False,55067,68795,55067.0,68795.0,0.001000694,0.001250006
sim_00149,149,0e859b748fdbc8454f66e58e101e333ac0479d42,71.6599397131,0.537693260466,4.5e-05,300.0,0.00011190636,0.0002084503999999,3.4812685e-05,111.90635999999999,208.45039999990001,34.812685,False,55064,68795,55064.0,68795.0,0.00100064,0.001250006
sim_00150,150,0e859b748fdbc8454f66e58e101e333ac0479d42,71.8781037338,0.56768277259,4.5e-05,300.0,0.0001102117699999,0.0002098610999999,3.485407e-05,110.2117699999,209.8610999999,34.85407,False,55064,68795,55064.0,68795.0,0.00100064,0.001250006
sim_00151,151,0e859b748fdbc8454f66e58e101e333ac0479d42,72.876222127,0.956216556443,4.5e-05,300.0,8.851039e-05,0.0002010758499999,2.683881e-05,88.51039,201.0758499999,26.83881,False,50251,62778,50251.0,62778.0,0.000913232,0.001140732
sim_00152,152,0e859b748fdbc8454f66e58e101e333ac0479d42,74.5163352518,0.201002332148,4.5e-05,300.0,0.0001546767299999,0.00019441685,5.074676e-05,154.67672999989998,194.41685,50.746759999999995,False,55063,68795,55063.0,68795.0,0.001000622,0.001250006
sim_00153,153,0e859b748fdbc8454f66e58e101e333ac0479d42,76.2867092863,0.693142102976,5.97726511316e-05,352.808802476,0.000112644275,0.0002096054499999,2.66876e-05,112.644275,209.6054499999,26.6876,False,72203,86618,72203.0,86618.0,0.001311898,0.001573686
sim_00154,154,0e859b748fdbc8454f66e58e101e333ac0479d42,77.1412079225,0.963213148682,8.58459875102e-05,347.110895162,9.69738e-05,0.0002784372999999,1.510266e-05,96.9738,278.4372999999,15.102659999999998,True,52104,62322,52104.0,62322.0,0.000946884,0.001132451
sim_00155,155,0e859b748fdbc8454f66e58e101e333ac0479d42,77.2146242418,0.855104240805,5.17451748821e-05,369.375740917,9.738725e-05,0.0002164451999999,2.680431e-05,97.38725,216.4451999999,26.80431,False,58520,70206,58520.0,70206.0,0.001063404,0.001275631
sim_00156,156,0e859b748fdbc8454f66e58e101e333ac0479d42,77.6071708937,0.433253784538,7.48831675656e-05,344.207921637,0.00015315903,0.0002394717499999,3.078383e-05,153.15903,239.4717499999,30.78383,False,97096,115599,97096.0,115599.0,0.001763974,0.002100003
sim_00157,157,0e859b748fdbc8454f66e58e101e333ac0479d42,78.18378444,0.804643363326,4.5e-05,300.0,9.669903e-05,0.0002176066,3.081813e-05,96.69903000000001,217.60660000000001,30.818129999999996,False,55061,68795,55061.0,68795.0,0.001000586,0.001250006
sim_00158,158,0e859b748fdbc8454f66e58e101e333ac0479d42,78.3109819881,0.819836919071,8.42620704062e-05,359.367913591,9.8361635e-05,0.0002190712,1.877861e-05,98.36163499999999,219.0712,18.77861,False,61160,73227,61160.0,73227.0,0.001111348,0.001330494
sim_00159,159,0e859b748fdbc8454f66e58e101e333ac0479d42,79.1315856604,0.738156089448,4.61026192486e-05,370.648100327,0.00010141693,0.0002196081499999,3.097721e-05,101.41693000000001,219.6081499999,30.97721,False,67777,81334,67777.0,81334.0,0.001231518,0.001477724
sim_00160,160,0e859b748fdbc8454f66e58e101e333ac0479d42,82.6239965333,0.567384090403,6.29636633496e-05,368.216750002,0.00013374093,0.0002240267999999,2.970513e-05,133.74093,224.02679999990002,29.70513,False,88151,105825,88151.0,105825.0,0.001601526,0.0019225
sim_00161,161,0e859b748fdbc8454f66e58e101e333ac0479d42,83.4130417347,0.322492976823,7.74299080266e-05,371.281013063,0.0001784476,0.0002446236,3.8774775e-05,178.4476,244.6236,38.774775,False,98534,115599,98534.0,115599.0,0.00179009,0.002100003
sim_00162,162,0e859b748fdbc8454f66e58e101e333ac0479d42,85.9171141482,0.437191097118,7.49853263212e-05,320.146293033,0.00015908109,0.00025564245,3.4748655e-05,159.08109000000002,255.64244999999997,34.748655,False,96980,115599,96980.0,115599.0,0.001761868,0.002100003
sim_00163,163,0e859b748fdbc8454f66e58e101e333ac0479d42,88.5362444224,0.501389667448,5.57799721508e-05,306.707884961,0.000134812955,0.0002403246,3.5046245e-05,134.812955,240.3246,35.046245,False,96380,115599,96380.0,115599.0,0.001750971,0.002100003
sim_00164,164,0e859b748fdbc8454f66e58e101e333ac0479d42,89.9091669401,0.254822282222,4.87644701271e-05,380.329545658,0.00016034294,0.0002110517999999,4.679579e-05,160.34294,211.0517999999,46.795790000000004,False,100055,115599,100055.0,115599.0,0.001817712,0.002100003
sim_00165,165,0e859b748fdbc8454f66e58e101e333ac0479d42,90.076179662,0.77719101666,5.40074605054e-05,384.823624425,0.0001116275,0.0002491196,3.175458e-05,111.6275,249.1196,31.75458,False,64339,77247,64339.0,77247.0,0.001169081,0.001403501
sim_00166,166,0e859b748fdbc8454f66e58e101e333ac0479d42,90.3577538021,0.606625134218,7.79676391387e-05,345.062824899,0.00014211724,0.00024230215,2.6793985e-05,142.11724,242.30215,26.793985,False,82458,98977,82458.0,98977.0,0.001498137,0.001798135
sim_00167,167,0e859b748fdbc8454f66e58e101e333ac0479d42,91.2790923782,0.717805590808,4.80270969425e-05,305.576577078,0.000109303435,0.0002376539,3.4791975e-05,109.30343500000001,237.6539,34.791975,False,69660,83641,69660.0,83641.0,0.001265715,0.001519621
sim_00168,168,0e859b748fdbc8454f66e58e101e333ac0479d42,92.0306358058,0.635786516528,6.85874395416e-05,348.651765165,0.00013464367,0.0002500608,3.076774e-05,134.64367,250.06079999999997,30.767740000000003,False,78640,94436,78640.0,94436.0,0.001428799,0.001715667
sim_00169,169,0e859b748fdbc8454f66e58e101e333ac0479d42,93.2349412886,0.318136092994,6.37701091846e-05,373.005608841,0.00017191662,0.0002553963999999,4.282515e-05,171.91662,255.39639999989998,42.82515,False,98487,115599,98487.0,115599.0,0.001789236,0.002100003
sim_00170,170,0e859b748fdbc8454f66e58e101e333ac0479d42,93.7887593651,0.596649793105,4.5e-05,300.0,0.00011839426,0.0002505664,4.608216e-05,118.39426,250.5664,46.08216,False,55054,68795,55054.0,68795.0,0.001000458,0.001250006
sim_00171,171,0e859b748fdbc8454f66e58e101e333ac0479d42,95.3163706926,0.805137875644,4.85393429372e-05,366.295455669,0.00010571771,0.0002532688999999,3.48804e-05,105.71771,253.2688999999,34.8804,False,62097,74565,62097.0,74565.0,0.001128365,0.001354794
sim_00172,172,0e859b748fdbc8454f66e58e101e333ac0479d42,96.3048792257,0.802808589305,5.4654094879e-05,371.269771919,0.00011175426,0.0002623758499999,3.468289e-05,111.75426,262.3758499999,34.68289,False,62270,74781,62270.0,74781.0,0.001131507,0.001358716
sim_00173,173,0e859b748fdbc8454f66e58e101e333ac0479d42,97.6596954152,0.666705631564,4.5e-05,300.0,0.00011284435,0.0002576303,4.279696e-05,112.84435,257.63030000000003,42.79696,False,55053,68795,55053.0,68795.0,0.00100044,0.001250006
sim_00174,174,0e859b748fdbc8454f66e58e101e333ac0479d42,98.2720448178,0.404108184606,6.2082238115e-05,312.013044035,0.000159919655,0.0002716671999999,4.282524e-05,159.919655,271.6671999999,42.82524,False,97220,115599,97220.0,115599.0,0.001766226,0.002100003
sim_00175,175,0e859b748fdbc8454f66e58e101e333ac0479d42,98.5137427197,0.87794698955,7.93698578539e-05,325.506902574,0.00010888113,0.0002330592,2.681054e-05,108.88113,233.0592,26.81054,False,56968,68378,56968.0,68378.0,0.001035218,0.001242433
sim_00176,176,0e859b748fdbc8454f66e58e101e333ac0479d42,98.6430415843,0.873233253177,7.66258838728e-05,323.115187787,0.00011800088,0.0002659048499999,2.682025e-05,118.00088000000001,265.9048499999,26.82025,False,57280,68747,57280.0,68747.0,0.001040884,0.001249134
sim_00177,177,0e859b748fdbc8454f66e58e101e333ac0479d42,99.0936052974,0.300439480401,4.95355776339e-05,340.036700638,0.000159272925,0.0002345134,5.067512e-05,159.27292500000001,234.5134,50.67512,False,98860,115599,98860.0,115599.0,0.00179601,0.002100003
sim_00178,178,0e859b748fdbc8454f66e58e101e333ac0479d42,99.5435087092,0.559592851831,4.5e-05,300.0,0.000120424315,0.0002598294,5.0253045e-05,120.42431499999999,259.8294,50.253045,False,55052,68795,55052.0,68795.0,0.001000422,0.001250006
sim_00179,179,0e859b748fdbc8454f66e58e101e333ac0479d42,99.7580068976,0.617169232141,5.71058654975e-05,337.763092798,0.00012781917,0.0002654424,3.826238e-05,127.81916999999999,265.44239999999996,38.26238,False,80971,97285,80971.0,97285.0,0.001471132,0.001767407
sim_00180,180,0e859b748fdbc8454f66e58e101e333ac0479d42,100.408926704,0.564694322144,6.38706769001e-05,381.633419878,0.00014324009,0.00026925375,3.5697935e-05,143.24009,269.25374999999997,35.697935,False,88480,106329,88480.0,106329.0,0.001607501,0.001931653
sim_00181,181,0e859b748fdbc8454f66e58e101e333ac0479d42,102.025474754,0.424029390103,7.94734719352e-05,354.238131711,0.00017593614,0.00028988505,3.881103e-05,175.93614,289.88505,38.81103,False,96984,115599,96984.0,115599.0,0.00176194,0.002100003
sim_00182,182,0e859b748fdbc8454f66e58e101e333ac0479d42,102.449509144,0.918837420936,5.51471704636e-05,339.471112188,0.0001083639699999,0.0002728486,3.47056e-05,108.36396999990001,272.8486,34.705600000000004,False,54398,65334,54398.0,65334.0,0.0009885449,0.001187151
sim_00183,183,0e859b748fdbc8454f66e58e101e333ac0479d42,110.110895975,0.451651242475,8.6859144947e-05,349.969995372,0.00018268798,0.0003034945999999,3.87977e-05,182.68797999999998,303.4945999999,38.797700000000006,False,96675,115599,96675.0,115599.0,0.001756329,0.002100003
sim_00184,184,0e859b748fdbc8454f66e58e101e333ac0479d42,110.131967455,0.225166085115,5.63312318207e-05,326.092691949,0.0001830830599999,0.0002151016,5.471282e-05,183.0830599999,215.1016,54.712819999999994,False,100807,115599,100807.0,115599.0,0.001831369,0.002100003
sim_00185,185,0e859b748fdbc8454f66e58e101e333ac0479d42,118.139890353,0.847347819728,5.08934239386e-05,372.913421628,0.000113871955,0.000304289,4.257925e-05,113.871955,304.289,42.579249999999995,False,58956,70849,58956.0,70849.0,0.001071322,0.001287308
sim_00186,186,0e859b748fdbc8454f66e58e101e333ac0479d42,121.661876009,0.281641526906,7.16631028882e-05,330.429005364,0.0002019856,0.0002738307,5.480547e-05,201.9856,273.8307,54.80547,False,98975,115599,98975.0,115599.0,0.001798098,0.002100003
sim_00187,187,0e859b748fdbc8454f66e58e101e333ac0479d42,126.512169142,0.57236868357,7.44940442576e-05,386.738254947,0.00016475191,0.0003281825,4.279998e-05,164.75191,328.1825,42.799980000000005,False,87177,104903,87177.0,104903.0,0.001583837,0.001905756
sim_00188,188,0e859b748fdbc8454f66e58e101e333ac0479d42,128.682231034,0.601925389683,8.082715257e-05,394.322355105,0.000167303,0.0003307109,4.197075e-05,167.303,330.7109,41.970749999999995,False,82894,99750,82894.0,99750.0,0.001506055,0.001812173
sim_00189,189,0e859b748fdbc8454f66e58e101e333ac0479d42,129.569646497,0.287154347682,6.5197985882e-05,393.701994752,0.00019920185,0.0002766939999999,5.873213e-05,199.20185,276.6939999999,58.732130000000005,False,98841,115599,98841.0,115599.0,0.001795665,0.002100003
sim_00190,190,0e859b748fdbc8454f66e58e101e333ac0479d42,131.049819122,0.780196421599,5.30845028915e-05,389.742843455,0.00012458859,0.0003345659999999,4.676886e-05,124.58859,334.5659999999,46.768860000000004,False,63996,76950,63996.0,76950.0,0.001162852,0.001398107
sim_00191,191,0e859b748fdbc8454f66e58e101e333ac0479d42,132.12166853,0.788188085218,6.42596953306e-05,382.443068729,0.00013541631,0.0003459503,4.274621e-05,135.41631,345.95029999999997,42.746210000000005,False,63327,76169,63327.0,76169.0,0.001150703,0.001383923
sim_00192,192,0e859b748fdbc8454f66e58e101e333ac0479d42,134.93654729,0.343298656719,5.9412954069e-05,389.435734624,0.00018814419,0.0002998968,5.878432e-05,188.14419,299.89680000000004,58.78432,False,97845,115599,97845.0,115599.0,0.001777577,0.002100003
sim_00193,193,0e859b748fdbc8454f66e58e101e333ac0479d42,137.056736091,0.84145784316,6.02926393206e-05,342.992007776,0.00012756222,0.0003439081,4.283726e-05,127.56222,343.9081,42.83726,False,59315,71345,59315.0,71345.0,0.001077842,0.001296316
sim_00194,194,0e859b748fdbc8454f66e58e101e333ac0479d42,139.185905374,0.93275027917,8.26285474625e-05,371.150203889,0.000135709645,0.00036330855,3.484468e-05,135.709645,363.30854999999997,34.844680000000004,False,53507,64358,53507.0,64358.0,0.0009723636,0.001169426
sim_00195,195,0e859b748fdbc8454f66e58e101e333ac0479d42,140.314676599,0.596196399995,8.19973378232e-05,342.525649343,0.00017304619,0.0003486468999999,4.4544525e-05,173.04619,348.6468999999,44.544525,False,83644,100709,83644.0,100709.0,0.001519675,0.001829589
sim_00196,196,0e859b748fdbc8454f66e58e101e333ac0479d42,141.451666054,0.378275685755,6.85388508408e-05,315.145948826,0.00019154032,0.0003347715,6.230543e-05,191.54032,334.7715,62.305429999999994,False,97275,115599,97275.0,115599.0,0.001767225,0.002100003
sim_00197,197,0e859b748fdbc8454f66e58e101e333ac0479d42,145.199982561,0.253198682602,7.7513591008e-05,398.693210886,0.0002273124,0.0002749252,5.884488e-05,227.3124,274.92519999999996,58.84488,False,99449,115599,99449.0,115599.0,0.001806707,0.002100003
sim_00198,198,0e859b748fdbc8454f66e58e101e333ac0479d42,149.381043177,0.292260061908,7.79529508561e-05,384.444199936,0.0002260234,0.0003065243,6.271052e-05,226.0234,306.52430000000004,62.710519999999995,False,98515,115599,98515.0,115599.0,0.001789744,0.002100003
sim_00199,199,0e859b748fdbc8454f66e58e101e333ac0479d42,150.755371566,0.566215971452,6.88880703989e-05,365.237346809,0.00016763283,0.00036842745,5.2424895e-05,167.63282999999998,368.42744999999996,52.424895,False,88056,106043,88056.0,106043.0,0.001599801,0.001926459
sim_00200,200,0e859b748fdbc8454f66e58e101e333ac0479d42,155.08939981,0.967429278716,6.89242148544e-05,322.599938314,0.0001350750499999,0.0003780697999999,4.27637e-05,135.0750499999,378.0697999999,42.7637,False,51561,62050,51561.0,62050.0,0.0009370227,0.001127511
sim_00201,201,0e859b748fdbc8454f66e58e101e333ac0479d42,156.536166657,0.9922713524,8.48527663575e-05,399.457924021,0.000141259585,0.0004079838,3.879092e-05,141.259585,407.9838,38.79092,False,50261,60496,50261.0,60496.0,0.0009134136,0.001099289
sim_00202,202,0e859b748fdbc8454f66e58e101e333ac0479d42,162.201106716,0.908426857038,8.56302518524e-05,395.218711567,0.000151491825,0.0004117458499999,4.2755205e-05,151.491825,411.7458499999,42.755205000000004,False,54878,66083,54878.0,66083.0,0.0009972621,0.001200754
sim_00203,203,0e859b748fdbc8454f66e58e101e333ac0479d42,165.961555057,0.261983014715,5.47380727674e-05,307.441799119,0.0002007557099999,0.0002602944,6.672152e-05,200.75570999989998,260.29440000000005,66.72152,False,99383,115599,99383.0,115599.0,0.001805508,0.002100003
sim_00204,204,0e859b748fdbc8454f66e58e101e333ac0479d42,171.793878697,0.802872637148,7.56304072004e-05,389.149112673,0.000159232705,0.00041905935,5.0749825e-05,159.232705,419.05935,50.749825,False,62068,74775,62068.0,74775.0,0.001127838,0.001358607
sim_00205,205,0e859b748fdbc8454f66e58e101e333ac0479d42,178.179131994,0.674364285322,6.39772031663e-05,392.701744041,0.000159315025,0.0004163437,5.8966555e-05,159.315025,416.34369999999996,58.966555,False,73902,89031,73902.0,89031.0,0.001342753,0.001617508
sim_00206,206,0e859b748fdbc8454f66e58e101e333ac0479d42,180.4231768,0.853402947533,8.92029044014e-05,332.421625378,0.000167258645,0.0004239279,4.6819025e-05,167.258645,423.92789999999997,46.819025,False,58369,70346,58369.0,70346.0,0.001060661,0.001278173
sim_00207,207,0e859b748fdbc8454f66e58e101e333ac0479d42,181.628478787,0.952936233186,6.91719476824e-05,399.362560559,0.000143159445,0.00043848655,5.038592e-05,143.159445,438.48655,50.385920000000006,False,52299,62994,52299.0,62994.0,0.0009504253,0.001144655
sim_00208,208,0e859b748fdbc8454f66e58e101e333ac0479d42,188.623199531,0.253450423389,5.98563054886e-05,373.9812389,0.0002148208,0.000271544,7.0712775e-05,214.82080000000002,271.544,70.71277500000001,False,99440,115599,99440.0,115599.0,0.001806543,0.002100003
sim_00209,209,0e859b748fdbc8454f66e58e101e333ac0479d42,189.966894809,0.644468304217,6.74843907822e-05,388.1301819,0.00016759314,0.0004316813,6.275649e-05,167.59313999999998,431.6813,62.75649,False,77292,93163,77292.0,93163.0,0.001404318,0.001692548
sim_00210,210,0e859b748fdbc8454f66e58e101e333ac0479d42,191.425479448,0.407642571095,6.68635438353e-05,376.486404344,0.000204195,0.0003905658,7.473629500000001e-05,204.195,390.5658,74.73629500000001,False,96786,115599,96786.0,115599.0,0.001758344,0.002100003
sim_00211,211,0e859b748fdbc8454f66e58e101e333ac0479d42,194.299416559,0.806548050335,7.3474496565e-05,381.946978961,0.0001616160599999,0.0004520165999999,5.476627e-05,161.6160599999,452.0165999999,54.766270000000006,False,61752,74434,61752.0,74434.0,0.001122099,0.001352414
sim_00212,212,0e859b748fdbc8454f66e58e101e333ac0479d42,196.499083559,0.373706074139,6.49065899682e-05,353.001345311,0.0002074467,0.00037077355,7.472211e-05,207.4467,370.77355,74.72211,False,97168,115599,97168.0,115599.0,0.001765282,0.002100003
sim_00213,213,0e859b748fdbc8454f66e58e101e333ac0479d42,199.092557979,0.316505824784,5.93128195415e-05,330.512210532,0.0002088789,0.0003263569999999,7.478073e-05,208.8789,326.3569999999,74.78072999999999,False,98051,115599,98051.0,115599.0,0.001781318,0.002100003
sim_00214,214,0e859b748fdbc8454f66e58e101e333ac0479d42,202.623346674,0.47308497906,5.69403778977e-05,355.073751689,0.00018136524,0.0004026010999999,7.871352e-05,181.36524,402.6010999999,78.71352,False,96255,115599,96255.0,115599.0,0.001748701,0.002100003
sim_00215,215,0e859b748fdbc8454f66e58e101e333ac0479d42,205.507001181,0.303336340291,4.80706805647e-05,333.622908766,0.00018688279,0.0002999695,7.4744955e-05,186.88279,299.9695,74.74495499999999,False,98462,115599,98462.0,115599.0,0.001788782,0.002100003
sim_00216,216,0e859b748fdbc8454f66e58e101e333ac0479d42,207.940614893,0.318461267696,7.4904937331e-05,370.987623474,0.00023370905,0.0003549286,7.478965e-05,233.70905000000002,354.9286,74.78965,False,97796,115599,97796.0,115599.0,0.001776687,0.002100003
sim_00217,217,0e859b748fdbc8454f66e58e101e333ac0479d42,210.464738138,0.237113609615,6.46217439158e-05,306.057190902,0.0002296666,0.0002651794,7.08582e-05,229.6666,265.17940000000004,70.85820000000001,False,99743,115599,99743.0,115599.0,0.001812046,0.002100003
sim_00218,218,0e859b748fdbc8454f66e58e101e333ac0479d42,213.87237204,0.329966780459,7.13970627017e-05,390.008507958,0.0002312344999999,0.0003606214,7.872033e-05,231.23449999989998,360.6214,78.72033,False,97639,115599,97639.0,115599.0,0.001773836,0.002100003
sim_00219,219,0e859b748fdbc8454f66e58e101e333ac0479d42,218.352277735,0.662592791038,5.96508880483e-05,307.55260089,0.000159469165,0.0004355851,6.673003e-05,159.469165,435.58509999999995,66.73003,False,75175,90614,75175.0,90614.0,0.001365872,0.001646256
sim_00220,220,0e859b748fdbc8454f66e58e101e333ac0479d42,218.623352015,0.878480487228,8.13012329394e-05,381.006435488,0.00017145637,0.0004920125,5.488171e-05,171.45637,492.01249999999993,54.88171,False,56645,68337,56645.0,68337.0,0.001029352,0.001241688
sim_00221,221,0e859b748fdbc8454f66e58e101e333ac0479d42,222.052357041,0.997941039436,5.29599486117e-05,383.923575745,0.000126775825,0.0004508883,5.783656e-05,126.77582499999998,450.88829999999996,57.83656,False,49951,60152,49951.0,60152.0,0.0009077838,0.001093042
sim_00222,222,0e859b748fdbc8454f66e58e101e333ac0479d42,223.161294482,0.578452940205,4.86833733719e-05,359.100984903,0.00015172511,0.0004302324,8.264709e-05,151.72511,430.2324,82.64709,True,86189,103799,86189.0,103799.0,0.001565895,0.001885706
sim_00223,223,0e859b748fdbc8454f66e58e101e333ac0479d42,225.511353261,0.242923031869,6.38341457094e-05,340.774386379,0.0002323887,0.0002759694,7.468625e-05,232.3887,275.9694,74.68625,False,99531,115599,99531.0,115599.0,0.001808196,0.002100003
sim_00224,224,0e859b748fdbc8454f66e58e101e333ac0479d42,226.648480029,0.577602942666,6.93800013331e-05,342.653362063,0.00018767103,0.0004613197,7.060906e-05,187.67103,461.3197,70.60906,False,86154,103952,86154.0,103952.0,0.001565259,0.001888485
sim_00225,225,0e859b748fdbc8454f66e58e101e333ac0479d42,227.690023792,0.392329282459,7.92871102354e-05,391.94840599,0.0002351710999999,0.0004398377,8.677511e-05,235.17109999989998,439.83770000000004,86.77511,False,96727,115599,96727.0,115599.0,0.001757273,0.002100003
sim_00226,226,0e859b748fdbc8454f66e58e101e333ac0479d42,228.907235932,0.414638318501,7.95917332413e-05,340.25610662,0.00022877005,0.0004501215,8.2768745e-05,228.77005,450.1215,82.768745,False,96504,115599,96504.0,115599.0,0.001753223,0.002100003
sim_00227,227,0e859b748fdbc8454f66e58e101e333ac0479d42,234.345987256,0.872091919433,7.00578367301e-05,333.182550298,0.00015900522,0.0004865945,5.883496e-05,159.00522,486.5945,58.83496,False,57071,68837,57071.0,68837.0,0.001037089,0.001250769
sim_00228,228,0e859b748fdbc8454f66e58e101e333ac0479d42,235.890696826,0.62852965691,7.09715556056e-05,349.581827429,0.000183330905,0.0004813407999999,7.0885e-05,183.330905,481.3407999999,70.88499999999999,False,79157,95526,79157.0,95526.0,0.001438188,0.001735462
sim_00229,229,0e859b748fdbc8454f66e58e101e333ac0479d42,236.206080041,0.584146530445,8.43378292301e-05,319.849522294,0.0002048244,0.0004960947,7.073368e-05,204.8244,496.0947,70.73367999999999,False,85091,102787,85091.0,102787.0,0.001545954,0.001867327
sim_00230,230,0e859b748fdbc8454f66e58e101e333ac0479d42,240.318887809,0.361018894241,4.85509578057e-05,398.513006139,0.00019084322,0.0003772146499999,9.4365085e-05,190.84322,377.2146499999,94.365085,False,97454,115599,97454.0,115599.0,0.001770476,0.002100003
sim_00231,231,0e859b748fdbc8454f66e58e101e333ac0479d42,243.325077963,0.998321353283,5.70160449472e-05,337.156153016,0.0001312863399999,0.0005207354999999,5.881433e-05,131.2863399999,520.7354999999001,58.81433,False,49899,60129,49899.0,60129.0,0.0009068394,0.001092624
sim_00232,232,0e859b748fdbc8454f66e58e101e333ac0479d42,246.298220115,0.718479932945,4.8795144948e-05,311.768373355,0.00014321159,0.00042925925,7.0584725e-05,143.21159,429.25925,70.584725,False,69380,83563,69380.0,83563.0,0.00126063,0.001518204
sim_00233,233,0e859b748fdbc8454f66e58e101e333ac0479d42,246.882256304,0.912145169038,8.52944569156e-05,321.903093968,0.00017498355,0.0005249917,5.866828e-05,174.98355,524.9916999999999,58.66828,False,54511,65813,54511.0,65813.0,0.0009905971,0.00119585
sim_00234,234,0e859b748fdbc8454f66e58e101e333ac0479d42,76.6986127633,0.686212461643,6.4052091323e-05,393.159111444,0.00011872939,0.0002197644999999,2.657544e-05,118.72939,219.76449999989998,26.57544,False,72936,87494,72936.0,87494.0,0.00132521,0.001589594
sim_00235,235,0e859b748fdbc8454f66e58e101e333ac0479d42,78.6311637963,0.75889512334,7.24228839444e-05,395.823418581,0.000117789355,0.0002225017999999,2.2797205e-05,117.789355,222.5017999999,22.797204999999998,False,65983,79110,65983.0,79110.0,0.001198938,0.001437334
sim_00236,236,0e859b748fdbc8454f66e58e101e333ac0479d42,80.5741190929,0.403249617425,8.97039861056e-05,397.637850573,0.00017428882,0.00025134715,2.691556e-05,174.28882000000002,251.34715000000003,26.91556,False,97490,115599,97490.0,115599.0,0.00177113,0.002100003
sim_00237,237,0e859b748fdbc8454f66e58e101e333ac0479d42,91.4898167395,0.477122889388,7.769973149e-05,351.010780102,0.0001593701499999,0.0002590113,3.361417e-05,159.37014999989998,259.0113,33.61417,False,96581,115599,96581.0,115599.0,0.001754622,0.002100003
sim_00238,238,0e859b748fdbc8454f66e58e101e333ac0479d42,92.2921456709,0.425581954559,4.53091383738e-05,356.588229582,0.0001357975599999,0.0002432096499999,4.6218185e-05,135.7975599999,243.2096499999,46.218185000000005,False,97064,115599,97064.0,115599.0,0.001763393,0.002100003
sim_00239,239,0e859b748fdbc8454f66e58e101e333ac0479d42,92.9578294978,0.909619863772,6.47386544357e-05,309.507384821,0.00010940482,0.0002482754,2.682148e-05,109.40482,248.2754,26.821479999999998,False,54988,65996,54988.0,65996.0,0.0009992598,0.001199174
sim_00240,240,0e859b748fdbc8454f66e58e101e333ac0479d42,93.7392388905,0.76284290369,5.63100861802e-05,349.958485388,0.0001165372799999,0.0002553211,3.3256665e-05,116.53727999990001,255.3211,33.256665,False,65538,78701,65538.0,78701.0,0.001190856,0.001429907
sim_00241,241,0e859b748fdbc8454f66e58e101e333ac0479d42,97.5646849269,0.800614374072,8.74302358335e-05,345.052442693,0.00012520533,0.0002647064,2.285191e-05,125.20532999999999,264.7064,22.85191,False,62512,74986,62512.0,74986.0,0.001135902,0.001362439
sim_00242,242,0e859b748fdbc8454f66e58e101e333ac0479d42,97.9405338961,0.913267755474,7.48831340213e-05,390.809181728,0.00011381926,0.0002801191999999,2.684932e-05,113.81926,280.1191999999,26.84932,False,54768,65732,54768.0,65732.0,0.0009952644,0.001194379
