population,repeat,arm,correct_resolution_threshold,error_cap,reached,first_true_query_budget,wrong_inference_rate_at_hit
full_405,1,P0_M3_MARGIN_STANDARD,0.8,0.01,False,,
full_405,1,P0_M3_MARGIN_STANDARD,0.9,0.01,False,,
full_405,1,P0_M3_MARGIN_STANDARD,0.95,0.01,False,,
full_405,1,P1_M3_MARGIN_MONO,0.8,0.01,True,44.0,0.01
full_405,1,P1_M3_MARGIN_MONO,0.9,0.01,True,53.0,0.009523809523809525
full_405,1,P1_M3_MARGIN_MONO,0.95,0.01,True,71.0,0.00946372239747634
full_405,1,P2_MONO_BISECTION_M3,0.8,0.01,True,43.0,0.01
full_405,1,P2_MONO_BISECTION_M3,0.9,0.01,True,59.0,0.00967741935483871
full_405,1,P2_MONO_BISECTION_M3,0.95,0.01,True,73.0,0.009523809523809525
full_405,1,P3_MONO_EXPECTED_GAIN_M3,0.8,0.01,True,42.0,0.009933774834437087
full_405,1,P3_MONO_EXPECTED_GAIN_M3,0.9,0.01,True,56.0,0.009554140127388535
full_405,1,P3_MONO_EXPECTED_GAIN_M3,0.95,0.01,True,71.0,0.00946372239747634
full_405,2,P0_M3_MARGIN_STANDARD,0.8,0.01,False,,
full_405,2,P0_M3_MARGIN_STANDARD,0.9,0.01,False,,
full_405,2,P0_M3_MARGIN_STANDARD,0.95,0.01,False,,
full_405,2,P1_M3_MARGIN_MONO,0.8,0.01,True,48.0,0.009900990099009901
full_405,2,P1_M3_MARGIN_MONO,0.9,0.01,True,57.0,0.009523809523809525
full_405,2,P1_M3_MARGIN_MONO,0.95,0.01,True,73.0,0.009523809523809525
full_405,2,P2_MONO_BISECTION_M3,0.8,0.01,True,43.0,0.007067137809187279
full_405,2,P2_MONO_BISECTION_M3,0.9,0.01,True,63.0,0.009836065573770493
full_405,2,P2_MONO_BISECTION_M3,0.95,0.01,True,81.0,0.009771986970684038
full_405,2,P3_MONO_EXPECTED_GAIN_M3,0.8,0.01,True,37.0,0.009900990099009901
full_405,2,P3_MONO_EXPECTED_GAIN_M3,0.9,0.01,True,52.0,0.00949367088607595
full_405,2,P3_MONO_EXPECTED_GAIN_M3,0.95,0.01,True,69.0,0.009404388714733543
full_405,3,P0_M3_MARGIN_STANDARD,0.8,0.01,False,,
full_405,3,P0_M3_MARGIN_STANDARD,0.9,0.01,False,,
full_405,3,P0_M3_MARGIN_STANDARD,0.95,0.01,False,,
full_405,3,P1_M3_MARGIN_MONO,0.8,0.01,True,37.0,0.0034602076124567475
full_405,3,P1_M3_MARGIN_MONO,0.9,0.01,True,59.0,0.003257328990228013
full_405,3,P1_M3_MARGIN_MONO,0.95,0.01,True,73.0,0.006369426751592357
full_405,3,P2_MONO_BISECTION_M3,0.8,0.01,True,42.0,0.0035335689045936395
full_405,3,P2_MONO_BISECTION_M3,0.9,0.01,True,59.0,0.003246753246753247
full_405,3,P2_MONO_BISECTION_M3,0.95,0.01,True,76.0,0.006430868167202572
full_405,3,P3_MONO_EXPECTED_GAIN_M3,0.8,0.01,True,35.0,0.0034482758620689655
full_405,3,P3_MONO_EXPECTED_GAIN_M3,0.9,0.01,True,54.0,0.003194888178913738
full_405,3,P3_MONO_EXPECTED_GAIN_M3,0.95,0.01,True,72.0,0.006349206349206349
full_405,4,P0_M3_MARGIN_STANDARD,0.8,0.01,False,,
full_405,4,P0_M3_MARGIN_STANDARD,0.9,0.01,False,,
full_405,4,P0_M3_MARGIN_STANDARD,0.95,0.01,False,,
full_405,4,P1_M3_MARGIN_MONO,0.8,0.01,True,36.0,0.00684931506849315
full_405,4,P1_M3_MARGIN_MONO,0.9,0.01,True,53.0,0.00949367088607595
full_405,4,P1_M3_MARGIN_MONO,0.95,0.01,True,72.0,0.00949367088607595
full_405,4,P2_MONO_BISECTION_M3,0.8,0.01,True,37.0,0.006896551724137931
full_405,4,P2_MONO_BISECTION_M3,0.9,0.01,True,57.0,0.0064516129032258064
full_405,4,P2_MONO_BISECTION_M3,0.95,0.01,True,74.0,0.009554140127388535
full_405,4,P3_MONO_EXPECTED_GAIN_M3,0.8,0.01,True,32.0,0.009708737864077669
full_405,4,P3_MONO_EXPECTED_GAIN_M3,0.9,0.01,True,49.0,0.009404388714733543
full_405,4,P3_MONO_EXPECTED_GAIN_M3,0.95,0.01,True,65.0,0.009287925696594427
full_405,5,P0_M3_MARGIN_STANDARD,0.8,0.01,False,,
full_405,5,P0_M3_MARGIN_STANDARD,0.9,0.01,False,,
full_405,5,P0_M3_MARGIN_STANDARD,0.95,0.01,False,,
full_405,5,P1_M3_MARGIN_MONO,0.8,0.01,True,43.0,0.0034965034965034965
full_405,5,P1_M3_MARGIN_MONO,0.9,0.01,True,57.0,0.003236245954692557
full_405,5,P1_M3_MARGIN_MONO,0.95,0.01,True,72.0,0.006349206349206349
full_405,5,P2_MONO_BISECTION_M3,0.8,0.01,True,41.0,0.0
full_405,5,P2_MONO_BISECTION_M3,0.9,0.01,True,59.0,0.003246753246753247
full_405,5,P2_MONO_BISECTION_M3,0.95,0.01,True,75.0,0.00641025641025641
full_405,5,P3_MONO_EXPECTED_GAIN_M3,0.8,0.01,True,38.0,0.003436426116838488
full_405,5,P3_MONO_EXPECTED_GAIN_M3,0.9,0.01,True,54.0,0.003205128205128205
full_405,5,P3_MONO_EXPECTED_GAIN_M3,0.95,0.01,True,72.0,0.006349206349206349
full_405,6,P0_M3_MARGIN_STANDARD,0.8,0.01,False,,
full_405,6,P0_M3_MARGIN_STANDARD,0.9,0.01,False,,
full_405,6,P0_M3_MARGIN_STANDARD,0.95,0.01,False,,
full_405,6,P1_M3_MARGIN_MONO,0.8,0.01,True,47.0,0.009966777408637873
full_405,6,P1_M3_MARGIN_MONO,0.9,0.01,True,58.0,0.00967741935483871
full_405,6,P1_M3_MARGIN_MONO,0.95,0.01,True,76.0,0.009615384615384616
full_405,6,P2_MONO_BISECTION_M3,0.8,0.01,True,31.0,0.006779661016949152
full_405,6,P2_MONO_BISECTION_M3,0.9,0.01,True,51.0,0.006329113924050633
full_405,6,P2_MONO_BISECTION_M3,0.95,0.01,True,68.0,0.009375
full_405,6,P3_MONO_EXPECTED_GAIN_M3,0.8,0.01,True,34.0,0.00684931506849315
full_405,6,P3_MONO_EXPECTED_GAIN_M3,0.9,0.01,True,55.0,0.009584664536741214
full_405,6,P3_MONO_EXPECTED_GAIN_M3,0.95,0.01,True,70.0,0.009433962264150943
full_405,7,P0_M3_MARGIN_STANDARD,0.8,0.01,False,,
full_405,7,P0_M3_MARGIN_STANDARD,0.9,0.01,False,,
full_405,7,P0_M3_MARGIN_STANDARD,0.95,0.01,False,,
full_405,7,P1_M3_MARGIN_MONO,0.8,0.01,True,39.0,0.0034482758620689655
full_405,7,P1_M3_MARGIN_MONO,0.9,0.01,True,59.0,0.003257328990228013
full_405,7,P1_M3_MARGIN_MONO,0.95,0.01,True,74.0,0.006389776357827476
full_405,7,P2_MONO_BISECTION_M3,0.8,0.01,True,42.0,0.0
full_405,7,P2_MONO_BISECTION_M3,0.9,0.01,True,59.0,0.003257328990228013
full_405,7,P2_MONO_BISECTION_M3,0.95,0.01,True,77.0,0.0064516129032258064
full_405,7,P3_MONO_EXPECTED_GAIN_M3,0.8,0.01,True,40.0,0.0034965034965034965
full_405,7,P3_MONO_EXPECTED_GAIN_M3,0.9,0.01,True,57.0,0.006430868167202572
full_405,7,P3_MONO_EXPECTED_GAIN_M3,0.95,0.01,True,76.0,0.006369426751592357
full_405,8,P0_M3_MARGIN_STANDARD,0.8,0.01,False,,
full_405,8,P0_M3_MARGIN_STANDARD,0.9,0.01,False,,
full_405,8,P0_M3_MARGIN_STANDARD,0.95,0.01,False,,
full_405,8,P1_M3_MARGIN_MONO,0.8,0.01,True,40.0,0.0034602076124567475
full_405,8,P1_M3_MARGIN_MONO,0.9,0.01,True,58.0,0.003246753246753247
full_405,8,P1_M3_MARGIN_MONO,0.95,0.01,True,72.0,0.006349206349206349
full_405,8,P2_MONO_BISECTION_M3,0.8,0.01,True,43.0,0.0035087719298245615
full_405,8,P2_MONO_BISECTION_M3,0.9,0.01,True,60.0,0.0032679738562091504
full_405,8,P2_MONO_BISECTION_M3,0.95,0.01,True,78.0,0.006472491909385114
full_405,8,P3_MONO_EXPECTED_GAIN_M3,0.8,0.01,True,37.0,0.003472222222222222
full_405,8,P3_MONO_EXPECTED_GAIN_M3,0.9,0.01,True,56.0,0.003194888178913738
full_405,8,P3_MONO_EXPECTED_GAIN_M3,0.95,0.01,True,73.0,0.006369426751592357
full_405,9,P0_M3_MARGIN_STANDARD,0.8,0.01,False,,
full_405,9,P0_M3_MARGIN_STANDARD,0.9,0.01,False,,
full_405,9,P0_M3_MARGIN_STANDARD,0.95,0.01,False,,
full_405,9,P1_M3_MARGIN_MONO,0.8,0.01,True,37.0,0.003436426116838488
full_405,9,P1_M3_MARGIN_MONO,0.9,0.01,True,58.0,0.003246753246753247
full_405,9,P1_M3_MARGIN_MONO,0.95,0.01,True,73.0,0.006369426751592357
full_405,9,P2_MONO_BISECTION_M3,0.8,0.01,True,37.0,0.0
full_405,9,P2_MONO_BISECTION_M3,0.9,0.01,True,52.0,0.0
full_405,9,P2_MONO_BISECTION_M3,0.95,0.01,True,70.0,0.006309148264984227
full_405,9,P3_MONO_EXPECTED_GAIN_M3,0.8,0.01,True,31.0,0.0033783783783783786
full_405,9,P3_MONO_EXPECTED_GAIN_M3,0.9,0.01,True,52.0,0.0031847133757961785
full_405,9,P3_MONO_EXPECTED_GAIN_M3,0.95,0.01,True,71.0,0.006329113924050633
full_405,10,P0_M3_MARGIN_STANDARD,0.8,0.01,False,,
full_405,10,P0_M3_MARGIN_STANDARD,0.9,0.01,False,,
full_405,10,P0_M3_MARGIN_STANDARD,0.95,0.01,False,,
full_405,10,P1_M3_MARGIN_MONO,0.8,0.01,True,41.0,0.01
full_405,10,P1_M3_MARGIN_MONO,0.9,0.01,True,56.0,0.009523809523809525
full_405,10,P1_M3_MARGIN_MONO,0.95,0.01,True,73.0,0.009523809523809525
full_405,10,P2_MONO_BISECTION_M3,0.8,0.01,True,35.0,0.006756756756756757
full_405,10,P2_MONO_BISECTION_M3,0.9,0.01,True,54.0,0.006389776357827476
full_405,10,P2_MONO_BISECTION_M3,0.95,0.01,True,71.0,0.00946372239747634
full_405,10,P3_MONO_EXPECTED_GAIN_M3,0.8,0.01,True,35.0,0.009933774834437087
full_405,10,P3_MONO_EXPECTED_GAIN_M3,0.9,0.01,True,52.0,0.00946372239747634
full_405,10,P3_MONO_EXPECTED_GAIN_M3,0.95,0.01,True,67.0,0.009345794392523364
full_405,11,P0_M3_MARGIN_STANDARD,0.8,0.01,False,,
full_405,11,P0_M3_MARGIN_STANDARD,0.9,0.01,False,,
full_405,11,P0_M3_MARGIN_STANDARD,0.95,0.01,False,,
full_405,11,P1_M3_MARGIN_MONO,0.8,0.01,True,37.0,0.003472222222222222
full_405,11,P1_M3_MARGIN_MONO,0.9,0.01,True,57.0,0.003236245954692557
full_405,11,P1_M3_MARGIN_MONO,0.95,0.01,True,71.0,0.006329113924050633
full_405,11,P2_MONO_BISECTION_M3,0.8,0.01,True,45.0,0.0
full_405,11,P2_MONO_BISECTION_M3,0.9,0.01,True,61.0,0.003278688524590164
full_405,11,P2_MONO_BISECTION_M3,0.95,0.01,True,78.0,0.006472491909385114
full_405,11,P3_MONO_EXPECTED_GAIN_M3,0.8,0.01,True,36.0,0.0
full_405,11,P3_MONO_EXPECTED_GAIN_M3,0.9,0.01,True,51.0,0.0031645569620253164
full_405,11,P3_MONO_EXPECTED_GAIN_M3,0.95,0.01,True,69.0,0.006230529595015576
full_405,12,P0_M3_MARGIN_STANDARD,0.8,0.01,False,,
full_405,12,P0_M3_MARGIN_STANDARD,0.9,0.01,False,,
full_405,12,P0_M3_MARGIN_STANDARD,0.95,0.01,False,,
full_405,12,P1_M3_MARGIN_MONO,0.8,0.01,True,37.0,0.006825938566552901
full_405,12,P1_M3_MARGIN_MONO,0.9,0.01,True,57.0,0.0064516129032258064
full_405,12,P1_M3_MARGIN_MONO,0.95,0.01,True,72.0,0.006349206349206349
full_405,12,P2_MONO_BISECTION_M3,0.8,0.01,True,37.0,0.003424657534246575
full_405,12,P2_MONO_BISECTION_M3,0.9,0.01,True,53.0,0.003194888178913738
full_405,12,P2_MONO_BISECTION_M3,0.95,0.01,True,71.0,0.006329113924050633
full_405,12,P3_MONO_EXPECTED_GAIN_M3,0.8,0.01,True,32.0,0.006802721088435374
full_405,12,P3_MONO_EXPECTED_GAIN_M3,0.9,0.01,True,52.0,0.006329113924050633
full_405,12,P3_MONO_EXPECTED_GAIN_M3,0.95,0.01,True,69.0,0.006289308176100629
full_405,13,P0_M3_MARGIN_STANDARD,0.8,0.01,False,,
full_405,13,P0_M3_MARGIN_STANDARD,0.9,0.01,False,,
full_405,13,P0_M3_MARGIN_STANDARD,0.95,0.01,False,,
full_405,13,P1_M3_MARGIN_MONO,0.8,0.01,True,39.0,0.003436426116838488
full_405,13,P1_M3_MARGIN_MONO,0.9,0.01,True,58.0,0.003246753246753247
full_405,13,P1_M3_MARGIN_MONO,0.95,0.01,True,73.0,0.006369426751592357
full_405,13,P2_MONO_BISECTION_M3,0.8,0.01,True,41.0,0.0035211267605633804
full_405,13,P2_MONO_BISECTION_M3,0.9,0.01,True,61.0,0.0032679738562091504
full_405,13,P2_MONO_BISECTION_M3,0.95,0.01,True,78.0,0.006472491909385114
full_405,13,P3_MONO_EXPECTED_GAIN_M3,0.8,0.01,True,34.0,0.003367003367003367
full_405,13,P3_MONO_EXPECTED_GAIN_M3,0.9,0.01,True,55.0,0.0031847133757961785
full_405,13,P3_MONO_EXPECTED_GAIN_M3,0.95,0.01,True,71.0,0.006329113924050633
full_405,14,P0_M3_MARGIN_STANDARD,0.8,0.01,False,,
full_405,14,P0_M3_MARGIN_STANDARD,0.9,0.01,False,,
full_405,14,P0_M3_MARGIN_STANDARD,0.95,0.01,False,,
full_405,14,P1_M3_MARGIN_MONO,0.8,0.01,True,39.0,0.003484320557491289
full_405,14,P1_M3_MARGIN_MONO,0.9,0.01,True,56.0,0.0032258064516129032
full_405,14,P1_M3_MARGIN_MONO,0.95,0.01,True,70.0,0.006309148264984227
full_405,14,P2_MONO_BISECTION_M3,0.8,0.01,True,41.0,0.0
full_405,14,P2_MONO_BISECTION_M3,0.9,0.01,True,55.0,0.003215434083601286
full_405,14,P2_MONO_BISECTION_M3,0.95,0.01,True,73.0,0.006369426751592357
full_405,14,P3_MONO_EXPECTED_GAIN_M3,0.8,0.01,True,38.0,0.0
full_405,14,P3_MONO_EXPECTED_GAIN_M3,0.9,0.01,True,54.0,0.0031645569620253164
full_405,14,P3_MONO_EXPECTED_GAIN_M3,0.95,0.01,True,69.0,0.00625
full_405,15,P0_M3_MARGIN_STANDARD,0.8,0.01,False,,
full_405,15,P0_M3_MARGIN_STANDARD,0.9,0.01,False,,
full_405,15,P0_M3_MARGIN_STANDARD,0.95,0.01,False,,
full_405,15,P1_M3_MARGIN_MONO,0.8,0.01,True,48.0,0.009933774834437087
full_405,15,P1_M3_MARGIN_MONO,0.9,0.01,True,57.0,0.00964630225080386
full_405,15,P1_M3_MARGIN_MONO,0.95,0.01,True,74.0,0.009554140127388535
full_405,15,P2_MONO_BISECTION_M3,0.8,0.01,True,55.0,0.01
full_405,15,P2_MONO_BISECTION_M3,0.9,0.01,True,63.0,0.00980392156862745
full_405,15,P2_MONO_BISECTION_M3,0.95,0.01,True,78.0,0.00967741935483871
full_405,15,P3_MONO_EXPECTED_GAIN_M3,0.8,0.01,True,37.0,0.01
full_405,15,P3_MONO_EXPECTED_GAIN_M3,0.9,0.01,True,54.0,0.009554140127388535
full_405,15,P3_MONO_EXPECTED_GAIN_M3,0.95,0.01,True,71.0,0.009433962264150943
full_405,16,P0_M3_MARGIN_STANDARD,0.8,0.01,False,,
full_405,16,P0_M3_MARGIN_STANDARD,0.9,0.01,False,,
full_405,16,P0_M3_MARGIN_STANDARD,0.95,0.01,False,,
full_405,16,P1_M3_MARGIN_MONO,0.8,0.01,True,39.0,0.0034482758620689655
full_405,16,P1_M3_MARGIN_MONO,0.9,0.01,True,58.0,0.003246753246753247
full_405,16,P1_M3_MARGIN_MONO,0.95,0.01,True,72.0,0.006349206349206349
full_405,16,P2_MONO_BISECTION_M3,0.8,0.01,True,40.0,0.0
full_405,16,P2_MONO_BISECTION_M3,0.9,0.01,True,56.0,0.0
full_405,16,P2_MONO_BISECTION_M3,0.95,0.01,True,73.0,0.006369426751592357
full_405,16,P3_MONO_EXPECTED_GAIN_M3,0.8,0.01,True,34.0,0.003389830508474576
full_405,16,P3_MONO_EXPECTED_GAIN_M3,0.9,0.01,True,54.0,0.0031847133757961785
full_405,16,P3_MONO_EXPECTED_GAIN_M3,0.95,0.01,True,71.0,0.006329113924050633
full_405,17,P0_M3_MARGIN_STANDARD,0.8,0.01,False,,
full_405,17,P0_M3_MARGIN_STANDARD,0.9,0.01,False,,
full_405,17,P0_M3_MARGIN_STANDARD,0.95,0.01,False,,
full_405,17,P1_M3_MARGIN_MONO,0.8,0.01,True,48.0,0.009933774834437087
full_405,17,P1_M3_MARGIN_MONO,0.9,0.01,True,57.0,0.00964630225080386
full_405,17,P1_M3_MARGIN_MONO,0.95,0.01,True,74.0,0.009554140127388535
full_405,17,P2_MONO_BISECTION_M3,0.8,0.01,True,55.0,0.01
full_405,17,P2_MONO_BISECTION_M3,0.9,0.01,True,63.0,0.00980392156862745
full_405,17,P2_MONO_BISECTION_M3,0.95,0.01,True,78.0,0.00967741935483871
full_405,17,P3_MONO_EXPECTED_GAIN_M3,0.8,0.01,True,37.0,0.01
full_405,17,P3_MONO_EXPECTED_GAIN_M3,0.9,0.01,True,54.0,0.009554140127388535
full_405,17,P3_MONO_EXPECTED_GAIN_M3,0.95,0.01,True,71.0,0.009433962264150943
full_405,18,P0_M3_MARGIN_STANDARD,0.8,0.01,False,,
full_405,18,P0_M3_MARGIN_STANDARD,0.9,0.01,False,,
full_405,18,P0_M3_MARGIN_STANDARD,0.95,0.01,False,,
full_405,18,P1_M3_MARGIN_MONO,0.8,0.01,True,33.0,0.009933774834437087
full_405,18,P1_M3_MARGIN_MONO,0.9,0.01,True,51.0,0.00946372239747634
full_405,18,P1_M3_MARGIN_MONO,0.95,0.01,True,71.0,0.00946372239747634
full_405,18,P2_MONO_BISECTION_M3,0.8,0.01,True,39.0,0.01
full_405,18,P2_MONO_BISECTION_M3,0.9,0.01,True,58.0,0.00964630225080386
full_405,18,P2_MONO_BISECTION_M3,0.95,0.01,True,74.0,0.009554140127388535
full_405,18,P3_MONO_EXPECTED_GAIN_M3,0.8,0.01,True,38.0,0.009900990099009901
full_405,18,P3_MONO_EXPECTED_GAIN_M3,0.9,0.01,True,54.0,0.009554140127388535
full_405,18,P3_MONO_EXPECTED_GAIN_M3,0.95,0.01,True,71.0,0.00946372239747634
full_405,19,P0_M3_MARGIN_STANDARD,0.8,0.01,False,,
full_405,19,P0_M3_MARGIN_STANDARD,0.9,0.01,False,,
full_405,19,P0_M3_MARGIN_STANDARD,0.95,0.01,False,,
full_405,19,P1_M3_MARGIN_MONO,0.8,0.01,True,45.0,0.0035087719298245615
full_405,19,P1_M3_MARGIN_MONO,0.9,0.01,True,58.0,0.003246753246753247
full_405,19,P1_M3_MARGIN_MONO,0.95,0.01,True,73.0,0.006369426751592357
full_405,19,P2_MONO_BISECTION_M3,0.8,0.01,True,43.0,0.0035335689045936395
full_405,19,P2_MONO_BISECTION_M3,0.9,0.01,True,63.0,0.003289473684210526
full_405,19,P2_MONO_BISECTION_M3,0.95,0.01,True,80.0,0.006514657980456026
full_405,19,P3_MONO_EXPECTED_GAIN_M3,0.8,0.01,True,40.0,0.0034482758620689655
full_405,19,P3_MONO_EXPECTED_GAIN_M3,0.9,0.01,True,55.0,0.003205128205128205
full_405,19,P3_MONO_EXPECTED_GAIN_M3,0.95,0.01,True,73.0,0.006369426751592357
full_405,20,P0_M3_MARGIN_STANDARD,0.8,0.01,False,,
full_405,20,P0_M3_MARGIN_STANDARD,0.9,0.01,False,,
full_405,20,P0_M3_MARGIN_STANDARD,0.95,0.01,False,,
full_405,20,P1_M3_MARGIN_MONO,0.8,0.01,True,46.0,0.01
full_405,20,P1_M3_MARGIN_MONO,0.9,0.01,True,56.0,0.009584664536741214
full_405,20,P1_M3_MARGIN_MONO,0.95,0.01,True,75.0,0.009584664536741214
full_405,20,P2_MONO_BISECTION_M3,0.8,0.01,True,35.0,0.006779661016949152
full_405,20,P2_MONO_BISECTION_M3,0.9,0.01,True,54.0,0.006389776357827476
full_405,20,P2_MONO_BISECTION_M3,0.95,0.01,True,70.0,0.009433962264150943
full_405,20,P3_MONO_EXPECTED_GAIN_M3,0.8,0.01,True,41.0,0.01
full_405,20,P3_MONO_EXPECTED_GAIN_M3,0.9,0.01,True,56.0,0.009615384615384616
full_405,20,P3_MONO_EXPECTED_GAIN_M3,0.95,0.01,True,73.0,0.00949367088607595
main_364,1,P0_M3_MARGIN_STANDARD,0.8,0.01,False,,
main_364,1,P0_M3_MARGIN_STANDARD,0.9,0.01,False,,
main_364,1,P0_M3_MARGIN_STANDARD,0.95,0.01,False,,
main_364,1,P1_M3_MARGIN_MONO,0.8,0.01,True,28.0,0.003745318352059925
main_364,1,P1_M3_MARGIN_MONO,0.9,0.01,True,49.0,0.0035714285714285713
main_364,1,P1_M3_MARGIN_MONO,0.95,0.01,True,63.0,0.007017543859649123
main_364,1,P2_MONO_BISECTION_M3,0.8,0.01,True,38.0,0.00392156862745098
main_364,1,P2_MONO_BISECTION_M3,0.9,0.01,True,54.0,0.0036363636363636364
main_364,1,P2_MONO_BISECTION_M3,0.95,0.01,True,71.0,0.007220216606498195
main_364,1,P3_MONO_EXPECTED_GAIN_M3,0.8,0.01,True,28.0,0.003745318352059925
main_364,1,P3_MONO_EXPECTED_GAIN_M3,0.9,0.01,True,44.0,0.0034965034965034965
main_364,1,P3_MONO_EXPECTED_GAIN_M3,0.95,0.01,True,60.0,0.006944444444444444
main_364,2,P0_M3_MARGIN_STANDARD,0.8,0.01,False,,
main_364,2,P0_M3_MARGIN_STANDARD,0.9,0.01,False,,
main_364,2,P0_M3_MARGIN_STANDARD,0.95,0.01,False,,
main_364,2,P1_M3_MARGIN_MONO,0.8,0.01,True,32.0,0.003816793893129771
main_364,2,P1_M3_MARGIN_MONO,0.9,0.01,True,50.0,0.0035842293906810036
main_364,2,P1_M3_MARGIN_MONO,0.95,0.01,True,62.0,0.006993006993006993
main_364,2,P2_MONO_BISECTION_M3,0.8,0.01,True,37.0,0.0
main_364,2,P2_MONO_BISECTION_M3,0.9,0.01,True,54.0,0.0
main_364,2,P2_MONO_BISECTION_M3,0.95,0.01,True,68.0,0.007142857142857143
main_364,2,P3_MONO_EXPECTED_GAIN_M3,0.8,0.01,True,32.0,0.003816793893129771
main_364,2,P3_MONO_EXPECTED_GAIN_M3,0.9,0.01,True,46.0,0.0035211267605633804
main_364,2,P3_MONO_EXPECTED_GAIN_M3,0.95,0.01,True,61.0,0.006968641114982578
main_364,3,P0_M3_MARGIN_STANDARD,0.8,0.01,False,,
main_364,3,P0_M3_MARGIN_STANDARD,0.9,0.01,False,,
main_364,3,P0_M3_MARGIN_STANDARD,0.95,0.01,False,,
main_364,3,P1_M3_MARGIN_MONO,0.8,0.01,True,35.0,0.007518796992481203
main_364,3,P1_M3_MARGIN_MONO,0.9,0.01,False,,
main_364,3,P1_M3_MARGIN_MONO,0.95,0.01,False,,
main_364,3,P2_MONO_BISECTION_M3,0.8,0.01,True,32.0,0.007407407407407408
main_364,3,P2_MONO_BISECTION_M3,0.9,0.01,True,49.0,0.0071174377224199285
main_364,3,P2_MONO_BISECTION_M3,0.95,0.01,False,,
main_364,3,P3_MONO_EXPECTED_GAIN_M3,0.8,0.01,True,31.0,0.007462686567164179
main_364,3,P3_MONO_EXPECTED_GAIN_M3,0.9,0.01,False,,
main_364,3,P3_MONO_EXPECTED_GAIN_M3,0.95,0.01,False,,
main_364,4,P0_M3_MARGIN_STANDARD,0.8,0.01,False,,
main_364,4,P0_M3_MARGIN_STANDARD,0.9,0.01,False,,
main_364,4,P0_M3_MARGIN_STANDARD,0.95,0.01,False,,
main_364,4,P1_M3_MARGIN_MONO,0.8,0.01,False,,
main_364,4,P1_M3_MARGIN_MONO,0.9,0.01,False,,
main_364,4,P1_M3_MARGIN_MONO,0.95,0.01,False,,
main_364,4,P2_MONO_BISECTION_M3,0.8,0.01,True,31.0,0.007518796992481203
main_364,4,P2_MONO_BISECTION_M3,0.9,0.01,True,49.0,0.007067137809187279
main_364,4,P2_MONO_BISECTION_M3,0.95,0.01,False,,
main_364,4,P3_MONO_EXPECTED_GAIN_M3,0.8,0.01,False,,
main_364,4,P3_MONO_EXPECTED_GAIN_M3,0.9,0.01,False,,
main_364,4,P3_MONO_EXPECTED_GAIN_M3,0.95,0.01,False,,
main_364,5,P0_M3_MARGIN_STANDARD,0.8,0.01,False,,
main_364,5,P0_M3_MARGIN_STANDARD,0.9,0.01,False,,
main_364,5,P0_M3_MARGIN_STANDARD,0.95,0.01,False,,
main_364,5,P1_M3_MARGIN_MONO,0.8,0.01,False,,
main_364,5,P1_M3_MARGIN_MONO,0.9,0.01,False,,
main_364,5,P1_M3_MARGIN_MONO,0.95,0.01,False,,
main_364,5,P2_MONO_BISECTION_M3,0.8,0.01,False,,
main_364,5,P2_MONO_BISECTION_M3,0.9,0.01,False,,
main_364,5,P2_MONO_BISECTION_M3,0.95,0.01,False,,
main_364,5,P3_MONO_EXPECTED_GAIN_M3,0.8,0.01,False,,
main_364,5,P3_MONO_EXPECTED_GAIN_M3,0.9,0.01,False,,
main_364,5,P3_MONO_EXPECTED_GAIN_M3,0.95,0.01,False,,
main_364,6,P0_M3_MARGIN_STANDARD,0.8,0.01,False,,
main_364,6,P0_M3_MARGIN_STANDARD,0.9,0.01,False,,
main_364,6,P0_M3_MARGIN_STANDARD,0.95,0.01,False,,
main_364,6,P1_M3_MARGIN_MONO,0.8,0.01,True,32.0,0.003816793893129771
main_364,6,P1_M3_MARGIN_MONO,0.9,0.01,True,49.0,0.0035714285714285713
main_364,6,P1_M3_MARGIN_MONO,0.95,0.01,True,62.0,0.006993006993006993
main_364,6,P2_MONO_BISECTION_M3,0.8,0.01,True,43.0,0.00398406374501992
main_364,6,P2_MONO_BISECTION_M3,0.9,0.01,True,60.0,0.003703703703703704
main_364,6,P2_MONO_BISECTION_M3,0.95,0.01,True,76.0,0.007352941176470588
main_364,6,P3_MONO_EXPECTED_GAIN_M3,0.8,0.01,True,35.0,0.0
main_364,6,P3_MONO_EXPECTED_GAIN_M3,0.9,0.01,True,50.0,0.0035335689045936395
main_364,6,P3_MONO_EXPECTED_GAIN_M3,0.95,0.01,True,64.0,0.007042253521126761
main_364,7,P0_M3_MARGIN_STANDARD,0.8,0.01,False,,
main_364,7,P0_M3_MARGIN_STANDARD,0.9,0.01,False,,
main_364,7,P0_M3_MARGIN_STANDARD,0.95,0.01,False,,
main_364,7,P1_M3_MARGIN_MONO,0.8,0.01,False,,
main_364,7,P1_M3_MARGIN_MONO,0.9,0.01,False,,
main_364,7,P1_M3_MARGIN_MONO,0.95,0.01,False,,
main_364,7,P2_MONO_BISECTION_M3,0.8,0.01,True,38.0,0.007751937984496124
main_364,7,P2_MONO_BISECTION_M3,0.9,0.01,True,56.0,0.007272727272727273
main_364,7,P2_MONO_BISECTION_M3,0.95,0.01,False,,
main_364,7,P3_MONO_EXPECTED_GAIN_M3,0.8,0.01,False,,
main_364,7,P3_MONO_EXPECTED_GAIN_M3,0.9,0.01,False,,
main_364,7,P3_MONO_EXPECTED_GAIN_M3,0.95,0.01,False,,
main_364,8,P0_M3_MARGIN_STANDARD,0.8,0.01,False,,
main_364,8,P0_M3_MARGIN_STANDARD,0.9,0.01,False,,
main_364,8,P0_M3_MARGIN_STANDARD,0.95,0.01,False,,
main_364,8,P1_M3_MARGIN_MONO,0.8,0.01,True,34.0,0.0038022813688212928
main_364,8,P1_M3_MARGIN_MONO,0.9,0.01,True,52.0,0.0036101083032490976
main_364,8,P1_M3_MARGIN_MONO,0.95,0.01,True,65.0,0.007067137809187279
main_364,8,P2_MONO_BISECTION_M3,0.8,0.01,True,39.0,0.0
main_364,8,P2_MONO_BISECTION_M3,0.9,0.01,True,57.0,0.0
main_364,8,P2_MONO_BISECTION_M3,0.95,0.01,True,72.0,0.007246376811594203
main_364,8,P3_MONO_EXPECTED_GAIN_M3,0.8,0.01,True,33.0,0.003787878787878788
main_364,8,P3_MONO_EXPECTED_GAIN_M3,0.9,0.01,True,46.0,0.0035335689045936395
main_364,8,P3_MONO_EXPECTED_GAIN_M3,0.95,0.01,True,64.0,0.007042253521126761
main_364,9,P0_M3_MARGIN_STANDARD,0.8,0.01,False,,
main_364,9,P0_M3_MARGIN_STANDARD,0.9,0.01,False,,
main_364,9,P0_M3_MARGIN_STANDARD,0.95,0.01,False,,
main_364,9,P1_M3_MARGIN_MONO,0.8,0.01,False,,
main_364,9,P1_M3_MARGIN_MONO,0.9,0.01,False,,
main_364,9,P1_M3_MARGIN_MONO,0.95,0.01,False,,
main_364,9,P2_MONO_BISECTION_M3,0.8,0.01,True,39.0,0.007782101167315175
main_364,9,P2_MONO_BISECTION_M3,0.9,0.01,True,55.0,0.007272727272727273
main_364,9,P2_MONO_BISECTION_M3,0.95,0.01,False,,
main_364,9,P3_MONO_EXPECTED_GAIN_M3,0.8,0.01,False,,
main_364,9,P3_MONO_EXPECTED_GAIN_M3,0.9,0.01,False,,
main_364,9,P3_MONO_EXPECTED_GAIN_M3,0.95,0.01,False,,
main_364,10,P0_M3_MARGIN_STANDARD,0.8,0.01,False,,
main_364,10,P0_M3_MARGIN_STANDARD,0.9,0.01,False,,
main_364,10,P0_M3_MARGIN_STANDARD,0.95,0.01,False,,
main_364,10,P1_M3_MARGIN_MONO,0.8,0.01,False,,
main_364,10,P1_M3_MARGIN_MONO,0.9,0.01,False,,
main_364,10,P1_M3_MARGIN_MONO,0.95,0.01,False,,
main_364,10,P2_MONO_BISECTION_M3,0.8,0.01,True,34.0,0.0
main_364,10,P2_MONO_BISECTION_M3,0.9,0.01,True,52.0,0.0
main_364,10,P2_MONO_BISECTION_M3,0.95,0.01,True,68.0,0.007142857142857143
main_364,10,P3_MONO_EXPECTED_GAIN_M3,0.8,0.01,True,34.0,0.0038314176245210726
main_364,10,P3_MONO_EXPECTED_GAIN_M3,0.9,0.01,True,48.0,0.0035587188612099642
main_364,10,P3_MONO_EXPECTED_GAIN_M3,0.95,0.01,True,65.0,0.007067137809187279
main_364,11,P0_M3_MARGIN_STANDARD,0.8,0.01,False,,
main_364,11,P0_M3_MARGIN_STANDARD,0.9,0.01,False,,
main_364,11,P0_M3_MARGIN_STANDARD,0.95,0.01,False,,
main_364,11,P1_M3_MARGIN_MONO,0.8,0.01,True,33.0,0.0076045627376425855
main_364,11,P1_M3_MARGIN_MONO,0.9,0.01,False,,
main_364,11,P1_M3_MARGIN_MONO,0.95,0.01,False,,
main_364,11,P2_MONO_BISECTION_M3,0.8,0.01,True,33.0,0.0
main_364,11,P2_MONO_BISECTION_M3,0.9,0.01,True,52.0,0.0
main_364,11,P2_MONO_BISECTION_M3,0.95,0.01,True,69.0,0.007168458781362007
main_364,11,P3_MONO_EXPECTED_GAIN_M3,0.8,0.01,True,31.0,0.003816793893129771
main_364,11,P3_MONO_EXPECTED_GAIN_M3,0.9,0.01,True,47.0,0.0035460992907801418
main_364,11,P3_MONO_EXPECTED_GAIN_M3,0.95,0.01,True,64.0,0.007042253521126761
main_364,12,P0_M3_MARGIN_STANDARD,0.8,0.01,False,,
main_364,12,P0_M3_MARGIN_STANDARD,0.9,0.01,False,,
main_364,12,P0_M3_MARGIN_STANDARD,0.95,0.01,False,,
main_364,12,P1_M3_MARGIN_MONO,0.8,0.01,False,,
main_364,12,P1_M3_MARGIN_MONO,0.9,0.01,False,,
main_364,12,P1_M3_MARGIN_MONO,0.95,0.01,False,,
main_364,12,P2_MONO_BISECTION_M3,0.8,0.01,False,,
main_364,12,P2_MONO_BISECTION_M3,0.9,0.01,False,,
main_364,12,P2_MONO_BISECTION_M3,0.95,0.01,False,,
main_364,12,P3_MONO_EXPECTED_GAIN_M3,0.8,0.01,False,,
main_364,12,P3_MONO_EXPECTED_GAIN_M3,0.9,0.01,False,,
main_364,12,P3_MONO_EXPECTED_GAIN_M3,0.95,0.01,False,,
main_364,13,P0_M3_MARGIN_STANDARD,0.8,0.01,False,,
main_364,13,P0_M3_MARGIN_STANDARD,0.9,0.01,False,,
main_364,13,P0_M3_MARGIN_STANDARD,0.95,0.01,False,,
main_364,13,P1_M3_MARGIN_MONO,0.8,0.01,True,36.0,0.003875968992248062
main_364,13,P1_M3_MARGIN_MONO,0.9,0.01,True,48.0,0.0035587188612099642
main_364,13,P1_M3_MARGIN_MONO,0.95,0.01,True,62.0,0.006993006993006993
main_364,13,P2_MONO_BISECTION_M3,0.8,0.01,True,34.0,0.0038314176245210726
main_364,13,P2_MONO_BISECTION_M3,0.9,0.01,True,52.0,0.0035842293906810036
main_364,13,P2_MONO_BISECTION_M3,0.95,0.01,True,66.0,0.0070921985815602835
main_364,13,P3_MONO_EXPECTED_GAIN_M3,0.8,0.01,True,31.0,0.0038022813688212928
main_364,13,P3_MONO_EXPECTED_GAIN_M3,0.9,0.01,True,44.0,0.0035087719298245615
main_364,13,P3_MONO_EXPECTED_GAIN_M3,0.95,0.01,True,60.0,0.006944444444444444
main_364,14,P0_M3_MARGIN_STANDARD,0.8,0.01,False,,
main_364,14,P0_M3_MARGIN_STANDARD,0.9,0.01,False,,
main_364,14,P0_M3_MARGIN_STANDARD,0.95,0.01,False,,
main_364,14,P1_M3_MARGIN_MONO,0.8,0.01,True,32.0,0.003787878787878788
main_364,14,P1_M3_MARGIN_MONO,0.9,0.01,True,50.0,0.0035842293906810036
main_364,14,P1_M3_MARGIN_MONO,0.95,0.01,True,63.0,0.007017543859649123
main_364,14,P2_MONO_BISECTION_M3,0.8,0.01,True,32.0,0.0
main_364,14,P2_MONO_BISECTION_M3,0.9,0.01,True,49.0,0.0
main_364,14,P2_MONO_BISECTION_M3,0.95,0.01,True,66.0,0.0070921985815602835
main_364,14,P3_MONO_EXPECTED_GAIN_M3,0.8,0.01,True,32.0,0.0038314176245210726
main_364,14,P3_MONO_EXPECTED_GAIN_M3,0.9,0.01,True,45.0,0.0035211267605633804
main_364,14,P3_MONO_EXPECTED_GAIN_M3,0.95,0.01,True,62.0,0.006993006993006993
main_364,15,P0_M3_MARGIN_STANDARD,0.8,0.01,False,,
main_364,15,P0_M3_MARGIN_STANDARD,0.9,0.01,False,,
main_364,15,P0_M3_MARGIN_STANDARD,0.95,0.01,False,,
main_364,15,P1_M3_MARGIN_MONO,0.8,0.01,False,,
main_364,15,P1_M3_MARGIN_MONO,0.9,0.01,False,,
main_364,15,P1_M3_MARGIN_MONO,0.95,0.01,False,,
main_364,15,P2_MONO_BISECTION_M3,0.8,0.01,True,33.0,0.007662835249042145
main_364,15,P2_MONO_BISECTION_M3,0.9,0.01,True,52.0,0.007194244604316547
main_364,15,P2_MONO_BISECTION_M3,0.95,0.01,False,,
main_364,15,P3_MONO_EXPECTED_GAIN_M3,0.8,0.01,True,32.0,0.007575757575757576
main_364,15,P3_MONO_EXPECTED_GAIN_M3,0.9,0.01,False,,
main_364,15,P3_MONO_EXPECTED_GAIN_M3,0.95,0.01,False,,
main_364,16,P0_M3_MARGIN_STANDARD,0.8,0.01,False,,
main_364,16,P0_M3_MARGIN_STANDARD,0.9,0.01,False,,
main_364,16,P0_M3_MARGIN_STANDARD,0.95,0.01,False,,
main_364,16,P1_M3_MARGIN_MONO,0.8,0.01,True,36.0,0.0038314176245210726
main_364,16,P1_M3_MARGIN_MONO,0.9,0.01,True,50.0,0.0035842293906810036
main_364,16,P1_M3_MARGIN_MONO,0.95,0.01,True,63.0,0.007017543859649123
main_364,16,P2_MONO_BISECTION_M3,0.8,0.01,True,41.0,0.003968253968253968
main_364,16,P2_MONO_BISECTION_M3,0.9,0.01,True,58.0,0.0036900369003690036
main_364,16,P2_MONO_BISECTION_M3,0.95,0.01,True,74.0,0.0072992700729927005
main_364,16,P3_MONO_EXPECTED_GAIN_M3,0.8,0.01,True,37.0,0.0038910505836575876
main_364,16,P3_MONO_EXPECTED_GAIN_M3,0.9,0.01,True,51.0,0.0035842293906810036
main_364,16,P3_MONO_EXPECTED_GAIN_M3,0.95,0.01,True,66.0,0.0070921985815602835
main_364,17,P0_M3_MARGIN_STANDARD,0.8,0.01,False,,
main_364,17,P0_M3_MARGIN_STANDARD,0.9,0.01,False,,
main_364,17,P0_M3_MARGIN_STANDARD,0.95,0.01,False,,
main_364,17,P1_M3_MARGIN_MONO,0.8,0.01,False,,
main_364,17,P1_M3_MARGIN_MONO,0.9,0.01,False,,
main_364,17,P1_M3_MARGIN_MONO,0.95,0.01,False,,
main_364,17,P2_MONO_BISECTION_M3,0.8,0.01,True,39.0,0.0078125
main_364,17,P2_MONO_BISECTION_M3,0.9,0.01,True,54.0,0.007246376811594203
main_364,17,P2_MONO_BISECTION_M3,0.95,0.01,False,,
main_364,17,P3_MONO_EXPECTED_GAIN_M3,0.8,0.01,True,31.0,0.0076045627376425855
main_364,17,P3_MONO_EXPECTED_GAIN_M3,0.9,0.01,False,,
main_364,17,P3_MONO_EXPECTED_GAIN_M3,0.95,0.01,False,,
main_364,18,P0_M3_MARGIN_STANDARD,0.8,0.01,False,,
main_364,18,P0_M3_MARGIN_STANDARD,0.9,0.01,False,,
main_364,18,P0_M3_MARGIN_STANDARD,0.95,0.01,False,,
main_364,18,P1_M3_MARGIN_MONO,0.8,0.01,True,33.0,0.0038022813688212928
main_364,18,P1_M3_MARGIN_MONO,0.9,0.01,True,51.0,0.0035971223021582736
main_364,18,P1_M3_MARGIN_MONO,0.95,0.01,True,64.0,0.007042253521126761
main_364,18,P2_MONO_BISECTION_M3,0.8,0.01,True,37.0,0.0038910505836575876
main_364,18,P2_MONO_BISECTION_M3,0.9,0.01,True,54.0,0.0036231884057971015
main_364,18,P2_MONO_BISECTION_M3,0.95,0.01,True,69.0,0.007168458781362007
main_364,18,P3_MONO_EXPECTED_GAIN_M3,0.8,0.01,True,34.0,0.003745318352059925
main_364,18,P3_MONO_EXPECTED_GAIN_M3,0.9,0.01,True,45.0,0.0035087719298245615
main_364,18,P3_MONO_EXPECTED_GAIN_M3,0.95,0.01,True,61.0,0.006968641114982578
main_364,19,P0_M3_MARGIN_STANDARD,0.8,0.01,False,,
main_364,19,P0_M3_MARGIN_STANDARD,0.9,0.01,False,,
main_364,19,P0_M3_MARGIN_STANDARD,0.95,0.01,False,,
main_364,19,P1_M3_MARGIN_MONO,0.8,0.01,True,34.0,0.007692307692307693
main_364,19,P1_M3_MARGIN_MONO,0.9,0.01,False,,
main_364,19,P1_M3_MARGIN_MONO,0.95,0.01,False,,
main_364,19,P2_MONO_BISECTION_M3,0.8,0.01,True,32.0,0.007575757575757576
main_364,19,P2_MONO_BISECTION_M3,0.9,0.01,True,51.0,0.007142857142857143
main_364,19,P2_MONO_BISECTION_M3,0.95,0.01,False,,
main_364,19,P3_MONO_EXPECTED_GAIN_M3,0.8,0.01,True,31.0,0.007575757575757576
main_364,19,P3_MONO_EXPECTED_GAIN_M3,0.9,0.01,False,,
main_364,19,P3_MONO_EXPECTED_GAIN_M3,0.95,0.01,False,,
main_364,20,P0_M3_MARGIN_STANDARD,0.8,0.01,False,,
main_364,20,P0_M3_MARGIN_STANDARD,0.9,0.01,False,,
main_364,20,P0_M3_MARGIN_STANDARD,0.95,0.01,False,,
main_364,20,P1_M3_MARGIN_MONO,0.8,0.01,True,30.0,0.003787878787878788
main_364,20,P1_M3_MARGIN_MONO,0.9,0.01,True,51.0,0.0035842293906810036
main_364,20,P1_M3_MARGIN_MONO,0.95,0.01,True,64.0,0.007042253521126761
main_364,20,P2_MONO_BISECTION_M3,0.8,0.01,True,35.0,0.0
main_364,20,P2_MONO_BISECTION_M3,0.9,0.01,True,53.0,0.0
main_364,20,P2_MONO_BISECTION_M3,0.95,0.01,True,68.0,0.007142857142857143
main_364,20,P3_MONO_EXPECTED_GAIN_M3,0.8,0.01,True,31.0,0.003816793893129771
main_364,20,P3_MONO_EXPECTED_GAIN_M3,0.9,0.01,True,47.0,0.0035460992907801418
main_364,20,P3_MONO_EXPECTED_GAIN_M3,0.95,0.01,True,63.0,0.007017543859649123
