budget,model,metric,mean,ci_lower,ci_upper,repeat_blocks
16,H,brier_score,0.048328857570660064,0.044057858139401905,0.05284056342506658,20
16,H,log_loss,0.3743967008286708,0.29374247041127616,0.4709936293096997,20
16,H,ECE_10_equal_width,0.04806560150356669,0.04332959383537016,0.052911340575274635,20
16,H,accuracy,0.9438271604938271,0.9380246913580246,0.9495061728395061,20
16,H,balanced_accuracy,0.9085647384056775,0.8937628682538373,0.9223603317379105,20
16,H,fraction_p_0_01,0.5707407407407408,0.515429012345679,0.6234567901234568,20
16,H,fraction_p_01_10,0.1658024691358025,0.12765123456790123,0.2050617283950617,20
16,H,fraction_p_10_90,0.13061728395061728,0.10246913580246915,0.15987654320987654,20
16,H,fraction_p_90_99,0.027407407407407408,0.022469135802469134,0.03296296296296296,20
16,H,fraction_p_99_1,0.1054320987654321,0.08716049382716048,0.12370370370370369,20
16,H,p01,1.7081621080285915e-07,1e-12,5.124466324085776e-07,20
16,H,p10,4.3053933448161014e-05,1.1001469411855973e-12,0.0001291617600139437,20
16,H,p50,0.008341277695812045,0.0035103184914192123,0.014709059748889754,20
16,H,p90,0.9522033572187159,0.9184272412452422,0.981044621568386,20
16,H,p99,0.9999631951541412,0.9998897128969076,0.9999999999990002,20
16,M3,brier_score,0.048889254853346734,0.044846138633098706,0.053176255673155884,20
16,M3,log_loss,0.3825653250517683,0.3040582622684571,0.47357558243756337,20
16,M3,ECE_10_equal_width,0.05042528946584537,0.04562665281697586,0.055197316821589834,20
16,M3,accuracy,0.9438271604938271,0.9372839506172841,0.9497530864197531,20
16,M3,balanced_accuracy,0.9085647384056775,0.8919608485311108,0.9237303752681961,20
16,M3,fraction_p_0_01,0.5533333333333333,0.4950586419753085,0.6085185185185185,20
16,M3,fraction_p_01_10,0.17,0.13283950617283952,0.20765432098765432,20
16,M3,fraction_p_10_90,0.1462962962962963,0.11308641975308642,0.1808641975308642,20
16,M3,fraction_p_90_99,0.026049382716049386,0.021358024691358026,0.031111111111111117,20
16,M3,fraction_p_99_1,0.10432098765432099,0.08580246913580246,0.12271604938271605,20
16,M3,p01,5.837705758007244e-10,1e-12,1.7493117274021734e-09,20
16,M3,p10,5.6825921897858006e-05,1e-12,0.00017047776369357402,20
16,M3,p50,0.010837614744850598,0.004790951266233625,0.018621608558244317,20
16,M3,p90,0.9437976818993008,0.9035238197749567,0.977061523512036,20
16,M3,p99,0.9999543140559218,0.9998629626568081,0.9999999900003333,20
20,H,brier_score,0.04170390904653828,0.039076322619877514,0.04443248725182705,20
20,H,log_loss,0.5699974559967531,0.47514314850045963,0.6588019414038101,20
20,H,ECE_10_equal_width,0.038959022323694914,0.03545807537799244,0.042711056492582895,20
20,H,accuracy,0.9544444444444442,0.9512345679012345,0.9574104938271606,20
20,H,balanced_accuracy,0.9190481102492161,0.9130539280409309,0.9245007426968146,20
20,H,fraction_p_0_01,0.5985185185185184,0.5458024691358025,0.6496296296296296,20
20,H,fraction_p_01_10,0.15123456790123457,0.11604629629629629,0.18926234567901234,20
20,H,fraction_p_10_90,0.11185185185185184,0.08604938271604938,0.1374074074074074,20
20,H,fraction_p_90_99,0.030123456790123453,0.023209876543209877,0.03716049382716049,20
20,H,fraction_p_99_1,0.10827160493827162,0.09135802469135804,0.1254320987654321,20
20,H,p01,2.187272878684725e-08,1e-12,6.561618636054177e-08,20
20,H,p10,1.4885069573690581e-05,1e-12,4.465520672107175e-05,20
20,H,p50,0.005599463633256316,0.00225266834175382,0.009846064221135016,20
20,H,p90,0.9697799613182188,0.9487797629513312,0.9874105393268922,20
20,H,p99,0.9999837652878438,0.9999512958655312,0.9999999999990002,20
20,M3,brier_score,0.04226647182607244,0.03947128055151481,0.045051908079276004,20
20,M3,log_loss,0.5094128040370982,0.4287647499200533,0.5821653381028243,20
20,M3,ECE_10_equal_width,0.04117060120049368,0.03741759836888131,0.04505831159304381,20
20,M3,accuracy,0.9541975308641975,0.9508641975308642,0.9571604938271605,20
20,M3,balanced_accuracy,0.9202333305826043,0.9135756983413102,0.9261183002558179,20
20,M3,fraction_p_0_01,0.5864197530864197,0.5340740740740741,0.6390123456790124,20
20,M3,fraction_p_01_10,0.15037037037037038,0.11592592592592595,0.18654320987654321,20
20,M3,fraction_p_10_90,0.1282716049382716,0.09851851851851852,0.15839506172839507,20
20,M3,fraction_p_90_99,0.027407407407407408,0.021481481481481483,0.033456790123456794,20
20,M3,fraction_p_99_1,0.10753086419753084,0.09123456790123458,0.12469135802469138,20
20,M3,p01,1.0723270373884589e-12,1e-12,1.2169811121653765e-12,20
20,M3,p10,1.0133664586222002e-05,1e-12,3.0400991758666002e-05,20
20,M3,p50,0.0067989684953146,0.002773066065431236,0.011602511393243033,20
20,M3,p90,0.96552206544407,0.9410200883775915,0.9856249855984213,20
20,M3,p99,0.9999876396227478,0.9999629388675766,0.9999999900003333,20
24,H,brier_score,0.03704521318374772,0.0353939843774589,0.03873211093115477,20
24,H,log_loss,0.2969673258177531,0.2401515705850232,0.35779247028035766,20
24,H,ECE_10_equal_width,0.03307468960328731,0.029934895584566898,0.03634475449258263,20
24,H,accuracy,0.9553086419753086,0.9532098765432098,0.9572839506172839,20
24,H,balanced_accuracy,0.918239395939924,0.9151159432249546,0.9211711658276945,20
24,H,fraction_p_0_01,0.5753086419753086,0.5245679012345679,0.624567901234568,20
24,H,fraction_p_01_10,0.15925925925925927,0.12493827160493827,0.194320987654321,20
24,H,fraction_p_10_90,0.13518518518518519,0.11049382716049383,0.1611111111111111,20
24,H,fraction_p_90_99,0.03790123456790123,0.031481481481481485,0.04395061728395062,20
24,H,fraction_p_99_1,0.09234567901234567,0.07839506172839507,0.10666666666666665,20
24,H,p01,5.9553323890506435e-08,1e-12,1.786579716715193e-07,20
24,H,p10,1.1078586504346547e-05,1e-12,3.323543066805583e-05,20
24,H,p50,0.007788572483108942,0.0037007058242234862,0.012296406949005283,20
24,H,p90,0.9666090229208532,0.9501127404568962,0.9815169497257261,20
24,H,p99,0.9999056527362633,0.9997169685855397,0.9999999999670779,20
24,M3,brier_score,0.037717788944990775,0.03580577380644977,0.039601652898483546,20
24,M3,log_loss,0.2874612302116784,0.23915893404550265,0.33977353055774234,20
24,M3,ECE_10_equal_width,0.03574379834458756,0.03189655994136517,0.03969185787420866,20
24,M3,accuracy,0.9562962962962963,0.9535802469135802,0.9588888888888889,20
24,M3,balanced_accuracy,0.9233836029047697,0.9192740138636738,0.9275275932497112,20
24,M3,fraction_p_0_01,0.5571604938271605,0.5062962962962964,0.6070370370370372,20
24,M3,fraction_p_01_10,0.15703703703703703,0.12617283950617286,0.18938580246913578,20
24,M3,fraction_p_10_90,0.15999999999999998,0.12913271604938273,0.19049382716049384,20
24,M3,fraction_p_90_99,0.03641975308641975,0.03049382716049383,0.04234567901234568,20
24,M3,fraction_p_99_1,0.08938271604938272,0.07518518518518517,0.1037037037037037,20
24,M3,p01,3.8968349694767957e-10,1e-12,1.1670504908430392e-09,20
24,M3,p10,1.5362986949442002e-05,1e-12,4.608895884832601e-05,20
24,M3,p50,0.010095433436433645,0.005083771716926039,0.015665570282753793,20
24,M3,p90,0.9587534469335562,0.9383278605521933,0.9773798070193291,20
24,M3,p99,0.9998599425635115,0.9995798476912116,0.9999999900003333,20
32,H,brier_score,0.03244651971740439,0.0314447305295182,0.03351052495590314,20
32,H,log_loss,0.1545161924067094,0.13057606605681665,0.18485320292286248,20
32,H,ECE_10_equal_width,0.027539542607320687,0.02462783190495769,0.03075709934052323,20
32,H,accuracy,0.9606172839506172,0.9593827160493825,0.9618518518518518,20
32,H,balanced_accuracy,0.9252176514276285,0.9223541425977885,0.9277727347747152,20
32,H,fraction_p_0_01,0.5382716049382716,0.4890123456790123,0.5856790123456791,20
32,H,fraction_p_01_10,0.18419753086419752,0.15024691358024692,0.2185185185185185,20
32,H,fraction_p_10_90,0.15358024691358024,0.13209876543209875,0.1759259259259259,20
32,H,fraction_p_90_99,0.046543209876543215,0.039753086419753086,0.05345679012345679,20
32,H,fraction_p_99_1,0.0774074074074074,0.06506172839506172,0.08925925925925926,20
32,H,p01,1.4305856686960875e-06,3.7378868883073624e-11,4.289267975881614e-06,20
32,H,p10,4.027597998271668e-05,5.719029851409521e-07,0.00011505470609292919,20
32,H,p50,0.010463841134003941,0.005633464789521517,0.015798764672543375,20
32,H,p90,0.9561176342026598,0.93889131021678,0.9718146525263167,20
32,H,p99,0.9998185998413625,0.9995455951039002,0.9999914328074907,20
32,M3,brier_score,0.03185649445284593,0.03040262292304635,0.03334495157311422,20
32,M3,log_loss,0.15680423813841413,0.12933111468633635,0.1907118646696184,20
32,M3,ECE_10_equal_width,0.033254143748719114,0.028327925172425716,0.038564916318478144,20
32,M3,accuracy,0.9622222222222222,0.9606172839506172,0.9639506172839504,20
32,M3,balanced_accuracy,0.9280667189305166,0.9245327199207791,0.9316760191450737,20
32,M3,fraction_p_0_01,0.5158024691358023,0.46271604938271604,0.5676543209876542,20
32,M3,fraction_p_01_10,0.18382716049382714,0.1523456790123457,0.2176543209876543,20
32,M3,fraction_p_10_90,0.18407407407407406,0.15629629629629632,0.21222222222222217,20
32,M3,fraction_p_90_99,0.042716049382716045,0.03679012345679013,0.048518518518518516,20
32,M3,fraction_p_99_1,0.07358024691358026,0.061358024691358024,0.08506172839506174,20
32,M3,p01,1.7132299020615678e-07,1e-12,5.139669705721072e-07,20
32,M3,p10,4.6514142547680164e-05,1.0064016626759416e-07,0.00013791973765480604,20
32,M3,p50,0.014635430678094915,0.008036320449371408,0.02217138552345683,20
32,M3,p90,0.944147474180825,0.921409493948779,0.964720952983118,20
32,M3,p99,0.9997583714675363,0.9993963971477942,0.9999972059058685,20
40,H,brier_score,0.03221613344917842,0.031215777819220736,0.03337540117899012,20
40,H,log_loss,0.13251554776928945,0.11492946496453446,0.1623377538218858,20
40,H,ECE_10_equal_width,0.030444975319840407,0.02639621607669865,0.03465273884212623,20
40,H,accuracy,0.9609876543209875,0.9596296296296296,0.9623456790123456,20
40,H,balanced_accuracy,0.9270465423337185,0.9243821175111403,0.9295531440831821,20
40,H,fraction_p_0_01,0.48666666666666664,0.4487654320987654,0.5239506172839506,20
40,H,fraction_p_01_10,0.21629629629629626,0.19074074074074074,0.24136111111111108,20
40,H,fraction_p_10_90,0.1798765432098765,0.16086419753086417,0.2006203703703704,20
40,H,fraction_p_90_99,0.055185185185185184,0.04975308641975308,0.06037037037037037,20
40,H,fraction_p_99_1,0.0619753086419753,0.0528395061728395,0.07111111111111112,20
40,H,p01,2.726839327643093e-06,3.667699424090955e-08,8.008104176896261e-06,20
40,H,p10,7.12342003645623e-05,1.8720559502863948e-05,0.00014520694332885084,20
40,H,p50,0.014371133202625608,0.009595798193319328,0.01963225006729337,20
40,H,p90,0.9435045162645397,0.9289446843734535,0.9573223207761284,20
40,H,p99,0.9996820730623066,0.9992371731465943,0.9999276103426576,20
40,M3,brier_score,0.03144542769046928,0.029969491713366384,0.033040219396768086,20
40,M3,log_loss,0.13115716243983438,0.11269106417062941,0.16062554782053046,20
40,M3,ECE_10_equal_width,0.03886866996302353,0.034071452519881376,0.04420946870434183,20
40,M3,accuracy,0.9648148148148147,0.9634567901234566,0.9661728395061729,20
40,M3,balanced_accuracy,0.9331211833635914,0.9302648951972273,0.9360044716537379,20
40,M3,fraction_p_0_01,0.4485185185185186,0.40827160493827164,0.48888888888888893,20
40,M3,fraction_p_01_10,0.23172839506172843,0.20716049382716056,0.2575308641975308,20
40,M3,fraction_p_10_90,0.21037037037037037,0.18864197530864202,0.2335802469135803,20
40,M3,fraction_p_90_99,0.05320987654320987,0.048888888888888885,0.05691666666666663,20
40,M3,fraction_p_99_1,0.056172839506172835,0.047901234567901234,0.06481481481481481,20
40,M3,p01,1.4743791313859364e-06,6.096468535281114e-12,4.422300917100985e-06,20
40,M3,p10,9.222891665439522e-05,1.1476561441600039e-05,0.00021556766841591987,20
40,M3,p50,0.020070460974159186,0.013930480278294173,0.026766774065117523,20
40,M3,p90,0.9237690587111981,0.9058614387275158,0.9408052446572005,20
40,M3,p99,0.9995388520222855,0.9987787370690293,0.9999472708377616,20
60,H,brier_score,0.031074388290030182,0.030376818024736078,0.03192834173263853,20
60,H,log_loss,0.1246751017029238,0.1083063932131959,0.15364427120921362,20
60,H,ECE_10_equal_width,0.02417884416338484,0.022439559128695906,0.025832573102498157,20
60,H,accuracy,0.9614814814814816,0.9602469135802469,0.9627160493827158,20
60,H,balanced_accuracy,0.9254775953127579,0.9230803350387851,0.9278409958326458,20
60,H,fraction_p_0_01,0.5220987654320988,0.49864197530864196,0.5461728395061729,20
60,H,fraction_p_01_10,0.2058024691358024,0.18629629629629627,0.2248148148148148,20
60,H,fraction_p_10_90,0.15012345679012346,0.14123456790123456,0.1591358024691358,20
60,H,fraction_p_90_99,0.059259259259259255,0.055308641975308645,0.06308641975308643,20
60,H,fraction_p_99_1,0.06271604938271605,0.05617283950617284,0.06901543209876539,20
60,H,p01,7.384151614114109e-07,7.93725813105362e-08,1.931553375590306e-06,20
60,H,p10,3.804288902539831e-05,1.748516830939869e-05,6.461281988756599e-05,20
60,H,p50,0.00876938463262198,0.006911664040128959,0.01082070140206728,20
60,H,p90,0.9509927633162061,0.9421191827245503,0.9596262260516187,20
60,H,p99,0.9996906942202586,0.9994410429028452,0.9998681591678499,20
60,M3,brier_score,0.028248482890628673,0.02733738991759598,0.02926616123431628,20
60,M3,log_loss,0.11728084465567168,0.10074028206447512,0.14605537629184487,20
60,M3,ECE_10_equal_width,0.03233155500916571,0.02937669627860005,0.03519257440410979,20
60,M3,accuracy,0.9680246913580246,0.9661728395061727,0.9696296296296296,20
60,M3,balanced_accuracy,0.9334760273972604,0.9294076992903119,0.9373263430434066,20
60,M3,fraction_p_0_01,0.47975308641975306,0.4564197530864197,0.504074074074074,20
60,M3,fraction_p_01_10,0.2360493827160494,0.217037037037037,0.2544444444444444,20
60,M3,fraction_p_10_90,0.1734567901234568,0.1624691358024691,0.1845679012345679,20
60,M3,fraction_p_90_99,0.05493827160493827,0.051604938271604936,0.05827160493827159,20
60,M3,fraction_p_99_1,0.05580246913580247,0.04950617283950617,0.061851851851851845,20
60,M3,p01,1.4653705405666912e-08,6.18202166119103e-11,4.3158710732268383e-08,20
60,M3,p10,2.775251490899502e-05,7.74424739607404e-06,5.428889784747904e-05,20
60,M3,p50,0.012610610282399598,0.010398410142580684,0.014849802188219111,20
60,M3,p90,0.928806026034116,0.9160559488045484,0.9412149894524583,20
60,M3,p99,0.9996555308502778,0.9993150895750147,0.9998862233267745,20
80,H,brier_score,0.029704328504275956,0.02930713185793038,0.030235915077875267,20
80,H,log_loss,0.10512743814810736,0.1027288202429361,0.10795929473699706,20
80,H,ECE_10_equal_width,0.01866610738803897,0.01695906071475846,0.020415857239385694,20
80,H,accuracy,0.961604938271605,0.9606172839506172,0.9624691358024693,20
80,H,balanced_accuracy,0.9250185674203664,0.9231143753094571,0.9270321010067668,20
80,H,fraction_p_0_01,0.5834567901234569,0.5729629629629629,0.5935802469135802,20
80,H,fraction_p_01_10,0.15567901234567902,0.1471604938271605,0.1648148148148148,20
80,H,fraction_p_10_90,0.1303703703703704,0.12691358024691357,0.13407407407407407,20
80,H,fraction_p_90_99,0.06061728395061727,0.057530864197530875,0.06382716049382715,20
80,H,fraction_p_99_1,0.06987654320987655,0.06604629629629628,0.07370370370370372,20
80,H,p01,1.6279125777497482e-07,6.60437918272403e-08,2.8117512409484866e-07,20
80,H,p10,1.223084112015041e-05,8.466180412904183e-06,1.6538655317094578e-05,20
80,H,p50,0.00422553998540169,0.003645099480481217,0.004829008614121558,20
80,H,p90,0.9669948809107531,0.9621705871477917,0.971509191039466,20
80,H,p99,0.999831082740655,0.9997818667184634,0.9998761320614964,20
80,M3,brier_score,0.02633216794266292,0.02585737781846534,0.026823165957318405,20
80,M3,log_loss,0.09499028929353544,0.0925198428895867,0.09765292307657544,20
80,M3,ECE_10_equal_width,0.024149349461134728,0.022351123533796338,0.026051684654822375,20
80,M3,accuracy,0.9691358024691358,0.9675308641975308,0.9707407407407407,20
80,M3,balanced_accuracy,0.933619409143423,0.9292426555537217,0.9376536969796995,20
80,M3,fraction_p_0_01,0.5509876543209877,0.5396296296296297,0.5620987654320988,20
80,M3,fraction_p_01_10,0.18395061728395062,0.1749382716049383,0.19333333333333336,20
80,M3,fraction_p_10_90,0.14407407407407408,0.1387654320987654,0.14950617283950615,20
80,M3,fraction_p_90_99,0.0562962962962963,0.05271604938271605,0.05975308641975309,20
80,M3,fraction_p_99_1,0.06469135802469136,0.06209876543209876,0.06765432098765432,20
80,M3,p01,6.367873547145074e-11,4.196872738836401e-12,1.36908754114263e-10,20
80,M3,p10,2.14776764096314e-06,8.598651488114235e-07,3.7194040901056294e-06,20
80,M3,p50,0.0062696316507526205,0.005415468330822016,0.0071290364787233275,20
80,M3,p90,0.9437413362605878,0.9374533363120942,0.949731753055731,20
80,M3,p99,0.999845488716925,0.9997739659936379,0.999906395146295,20
